address,quantity
0xbDefc746620A84BeA9c48F8C10Ad5769F8E2E997,1
0x90ae3c37e580bd09ba62e87426e8dd68cad23099,1
0xf2e23196a7d7b8114e3dcac0e2eeacb5cd0839de,1
0xcd64f879030a7a4fe081609e1a9b626bb45b09b3,1
0xaeb8832a499de2bf255d99d076cd5869a32ab6d9,1
0x67327c9a8acf6ddbe81970262fc0923a00ab4868,1
0x9947e170a76d466e982cd4fdcf1b662b356f4d6a,1
0xef323cac89d4759513f10e61c1c0d29db5aa791d,1
0x1d331db5be0b9031de0b5bf553e333f6a3915c93,1
0xa624df7f3219f6f76094652a63aa25897fcfd0e6,1
0x7304a74bf8fac5ca3fe29c8d26c67225232cf4f6,1
0xa4b6333440d95d0130999d3627fd1a3953c4609d,1
0x9ff860aebc9513acb66473b0b26f4bf272b3bfb4,1
0xfc9ae5e1417059d39ac0fef8bf6fb1270cb256e2,1
0x26a96bfee7cb6a468e29fbb725f84892393a0d44,1
0xda24aa83ef7c1daaad3e40c8de2e4737908bf636,1
0x130f76701804fd71696f41f0bb11eb7b3a02914e,1
0x4d353d2bdf1513b02a1ad1c7912bb24023bc0367,1
0x080b31baf8f12d5f7456fd7a80cbdba7ced696d4,1
0x2497011dcea9b19a04b0272e6b5b062ed0aa10c3,1
0x202af649c5661ceaccf3398fa132d641bf6d1f0b,1
0x5444eacc3d709ed09bcf6d8621453d8951368b5c,1
0x389ad3700e5bccab1f90fbc0b60f6ee7558952b9,1
0x4524ef7664c85ab02b0061622a0ad9d3d78f20fd,1
0xa966dba54bb0dcbfcd830395994567c0587e3b3e,1
0xbba952285f6d9f06d15afec0b023161c30c52d60,1
0x3b5cea4100fc3c00d17ffa96830a1f65adff6e49,1
0xbbecbea855f6dacacadfdc9107b69d1a470b6d54,1
0x3f7c14e402fcc3864d6e1ae1c4747ff1805d0512,1
0xcb433105e076cf42ffaab1e37e03755287f42dd5,1
0x7037ec4303dd82ae3c57e37774372591a6d64093,1
0x905f7a234e28f7b8a47f76b5966061c63c78c8a2,1
0x65489c0a3b956328a65096988a389fbdd2dd7e63,1
0xdcf73c3e4afacf85fa3f75449da14b6ea95a4806,1
0x3bb60eddda61b8660baa64014ea75d3954d91938,1
0x39ec6c8027538bee5ef64df6ae2bb4453b4a666c,1
0x31616764d202bbb17ada860884c9091a92ecae4e,1
0xbf81b2728ab3f9c1be98c0288ecc0150bf679fa2,1
0x0000088605cddc056afb18c2db6692d3c4b33eb4,1
0x112de0d91a911a56313024b5543be78cb859ab72,1
0x7e7c65c3c0ff7b87946655ecbbfbc7af5239700e,1
0xb2bab398b9772e0aa7230042a1d39a0694bd7fba,1
0xfaa6b114d51bc711589262eebbae4ac798234198,1
0xcdfb02a11e3d8473ca11bda5f2403674192d745c,1
0x747aceaa15ad2fc1d51b1bb0cc596e7193ae741b,1
0xb7077251cfd03b188e4bdb97435763f428eab27f,1
0x5eda210c390e05d1235835e7d4a511780084b000,1
0x8b9de4fca99d4c95c909a225945497b18c49cd16,1
0x3eff5cedc6bc976d24b58383f47415253afd9052,1
0x3094e92da20e05b1dc4eb68a0970ad8d23a90b33,1
0xee80b0c19ab5f83a149639b8c87df4d18865dfb9,1
0x8270298caf64de076cb632cdcfdaa80257559d6d,1
0x5f64e6ae87c8a35d57f045129f1c90b2aad4d9a6,1
0x64bd67bc509f61d5ee8ca63b2e90aa8a9e2f6b86,1
0x9621de4630a891cd494d316dc7a3099b0dcf5474,1
0xfd80bb57b05ac53916679c1b40e126d6daab2f7a,1
0x65b89b987aba2f4489e786da3d2aa29b769bd910,1
0x9b04fce1ecb14efa25d41b43ed38dbbb57a32738,1
0xe169ed3d5bd2fe7a76928b217047644ea9d736de,1
0xd3377c07bc6f8d382b106eb2d6722a69fec2887a,1
0x4af468ec0c69a043e41e444a6a3f4981dad776da,1
0x64fe5a59d07834e15e22ac1020811a94ba080e20,1
0x900ab1129a3b983f521a9fb6e248366b1409fb19,1
0x52912fba2e24d83a90d0fe49f3708026082717e5,1
0x15d95d0cc6eeb9c8062a4d96b8547cc6ece2c579,1
0x7c2910f47c049484bf11d87992734713cea7c896,1
0xa28ba0d8fefed47fc1accef68faeba3804309480,1
0x05d89702ad4b1c8b816e658ec40b148342c614d4,1
0x117f1389dee487f50ca3480ba7adb2d214b9117e,1
0x887804bd3c919affd7de5f33778124374dd1a289,1
0x4447e0a889fa3703b7f91430df34ad7caf152187,1
0xb7cc24f9aba08c00bd620af3d7f9496f2ddcb8bc,1
0xa84b32b9dc28b6aec1a8f474eb60f3865082d215,1
0x2350c7fb06933b09f882081ba629e795952356cf,1
0x8fada3b0d786b6659d82d9c05028426395852650,1
0x7e59c2e03a87cf422b862bce00cc76ab2c4e8a2c,1
0x212b18f340deab8a5c4fa01ff88d0df8c58301df,1
0xa8525858c72c67ec30290793095c26ab7e9a4721,1
0x4a7de5ed0e8c422d98f732482ef307a1a0c3022a,1
0xa8e45caf77431182127c8df10da2e0d59bf9c507,1
0x7890de1c91fd2e1f1bd9fb96c30114cf93cceca8,1
0xf8f5af3c759ef3ebed83fbe971b2a233f51e517c,1
0x19e06e9bd4b7252547b131dbb015df091fe195d9,1
0x6946ff357fe2625dc928701e6e22cf950cf3054e,1
0xab0671d6c3d789bf926f66be691f6a1bdb70562a,1
0xfcc29e31cf38a3c536e440d9c23c8d137325addb,1
0xfa2e79c83a4681c22e02780367f093b75b76fcf2,1
0x997101c7660db0c2ea36583e6341db23b6beeea1,1
0x1ba0fac06683e4cee5720440b3f0b37a8bab1575,1
0x2c808c70923176650d86e9cca4a4e863cb4f8c62,1
0x1681f6dab7cf97f3434908df9d05eb7895ad3e53,1
0x9b850a64dfd7adc0ab718fa1906561118eb4f497,1
0xcc2cea353dfcb77ff48ea9f4fb97863e9d69470c,1
0x1ed578007756646b4152d330ae137282233af06d,1
0x6f6a09d781fa217ade765aca417961544ee57ed0,1
0x8dfedb1f62820222ec8ff4d68ddcd86b71116d37,1
0x541aa4259b2a63048dbd0168e67dd3a1f67a282b,1
0x47339b7c1fd2fe6dfa959485ca6a3a6e9b383b98,1
0x3600dd43b4f589ce48e707846d33bfb3cee24cfd,1
0x05bccc082af0c969389677a865a5bc4570cb0a23,1
0xe92621a0502b3eddf2240089d0703c398b5b85c7,1
0xf7a8b58e1e13c0b58797b7d5ff629f3684debcd5,1
0x404289fe9e860585b867537c91be231225f69d11,1
0xb14bfa1ffa3311ae0901422fa6566b627afc2d7b,1
0xf09310b47cc796ad7f5c8ea8cf2def2188178fa8,1
0x77ceeb34df72740d9c2cc848f9c7d61720e85a0a,1
0xdc7d0b3b85ea9232161f3d52e66eaf20ed59964e,1
0x75b5e4771a20beb4b2441a8909347d2997332c7b,1
0x9df5b07e22094c00188c27f3859fecd3428eb17d,1
0x29cdbeb50b71e085e6255ec716d23527f0044e60,1
0x000000f7045a8d8f9cf65ae929985bf2cfae2775,1
0x40536224ef670ca321d5dde316061a5625c05137,1
0x06a4d2d2146a027542b7e83c14aed637b8ebff84,1
0xd5ac2c18abf6935ffa1fce042734f91aa78d5c7e,1
0x754f459fdab3baa00b72845ede35101695e519a2,1
0x111114763659874226785ab7b7df9e1364be8332,1
0x296432b218ecde0c869d8461b323c6fa2c7392eb,1
0xbe60caef7638612492feb5b8122a38717ba7b926,1
0xa3a71c1b7f87573f9b121e5b19fc2ebce4085cf1,1
0x000000006f457c0f8f560333d9c2877287d92a92,1
0x000006852707efdcb2db24b39f47ae03a28aedfb,1
0xc1321103d6e7ac32fb104ed3f1fd1fce2cc54d55,1
0xc9ff4e76de76a4316d81a4e28d5497c438296e25,1
0x5f0ea5ee8d2120f98e891fdc834043f90528e648,1
0xc7756e4980d0c4503c75e499d1618f9f48b050e3,1
0x44a7715bd1b6b802e94b6b89c4d7157d4040586b,1
0x8a1749218c2c4b100045d97d0e953c48c2541dfc,1
0x5290220f6c834734b974bdda379d262550316bef,1
0xf1f5187c7c9d1e81a9c975c641dbd27631134057,1
0xd6c061f37a6dc54c0ec57ae2676f36641c01174f,1
0x58306cc36224450481b5e2fac6c21a369eb20dc4,1
0x7e0fef1c3bf356f9fc0fb876fbfcaa9e53574226,1
0x8ada33fba2e7c2afd43f4e55d5780db70b9a286b,1
0x94587ecea8970edbb39b6a1a58332efdfb8ec038,1
0x30dbc88c27a717c077a9cd2ca7550c73447ca811,1
0x70f3c3f1b0184dcc3d86cf5ce15d0248ffff9711,1
0x8b16dd3b8363cd85b14db394cda9e153bffbb61d,1
0x1a730411590d9798ceec2d07e2f3f2cfd1f51b8c,1
0x0ad50c58d425a264105d826f65e9db156bd864bb,1
0xc30e6905e260b1c4126b080cc445f67de2b52717,1
0xa08e0fee921525286d8720601c4c414da1cedf75,1
0x15ee523fb157982cb1f993bc15a7f40af0ebd2a6,1
0xe7874b8fd44f845a93beed5c631708da780af64f,1
0x4cea4832ec4dc78594021beb45a3ad0ffe685b63,1
0xcc6bcee83c5227a61f13c4f04c313a6e25b4639c,1
0x6748bc46a796e550b3c206401f634e61238bfe97,1
0x1f7f36b7469748eda342e3795a8102dda585e4b8,1
0x8fddbbbf2d18159b14fe53041a65b2a890ac3f48,1
0xb0c9117b58dcf1ba97c7be7bb3102b0ce0a0050c,1
0x01dac2da58c5f335958964c4488c069928e30e76,1
0x5e46f1ae9115402949d12fbbdc601c0dcf1e292d,1
0xc039492610f7984178906f1175e875eab393557f,1
0x5c18ec120ecc2bfaccc7c09cc1a41860fd163f54,1
0xe109b0b45d1641d40f3e715fe9560aca3fc876bc,1
0x8ed3230719dbea66b65bf60902657efffdbeb70f,1
0x1a3ac6bd05637a4d3b9b93354f13417b932cb162,1
0xb7a62a6df897695ffeab9f12a4f4a5a795b8a737,1
0xfdbb5483aaf3ca1abc9485201fb15869b9d51b83,1
0x1cdc37a346a7b959ca49379783f0fce6dd22f674,1
0x9e9fa6ead446450f1568fabe12d3fccfb47ebbdc,1
0x8fe6b7643337404aeb4b3ecaeb47fe3d463bcb77,1
0xdc4bb0364f879cfb0a5db8e06427c52e3a4019a7,1
0xdc4b0f20621c6ded766d5321fb03e763ce4f157a,1
0x4702cf0ed0ffeec68f170c3bc3c3fca9a58ed1b4,1
0x446b13f1ae0be4c85a2ff77fc13de392132862c9,1
0x450af4d3937b8891dc4f4945b1cf3ffe90115bf1,1
0xf04aba2c7f1ed9aba89bbd5d5b49304201059197,1
0x16ab229cc554b86499327f4c8052f7fefe487556,1
0x4389cd4b251ce3cb89481891389c7efc39af33da,1
0xd4b54e686767bb3792fb92dc15f1cba07cd0e91d,1
0xa5b9824974efa9c7b1a6a2a0dbf7b13c8d923191,1
0x2ce299051b89d137f64b8633d69c7da43b6d7a36,1
0xd6461533463aec1a43e5add86f67a5acf40e28f0,1
0xadf3081629d197dbb3acee190fd304b5b4b91e56,1
0xd04dc6ab7535f696381c9caf09ecb249a271778f,1
0x425de231acd3bd847c53940fb3b65710cf4998e0,1
0xdc91fdbf1f8e5f470788cebac7e3b13dd63bd4bc,1
0x1a9c0a0be65db00766f0949211cce2c56d8caaf8,1
0xe6b7b24bdcbc933083f778c0fd12754bd881464a,1
0x000000a584697755a0378444f34fec06229b7e38,1
0x270f2f857e07a525055598d42c1c23a5caba4876,1
0xd8f637755cb81ef20d0b84f0cf4b9c85ea286500,1
0x0ac7fbd8180921c586b54d6c4d9f0a0d3e3a1140,1
0x9f744dc422fe55d7505f27b279699b33a3788c08,1
0x6a2a4e13630de620933b702290dfefebc30b1c21,1
0xb8343fac457b2ba68981839693e60249c79c70f8,1
0xa10c2769620c473cc0c1d434bf67b23c2ec1b679,1
0x6b6e5bdbe151a6adaa0e13193673a2388f250f49,1
0xf304c64ed2bd377b9ad6cceec58128e79528567e,1
0x4fc496a39317fd5f25763a5096a9df9eeac40fde,1
0x5d3815214b651fec95b0ec1327f0afcf724c5dc7,1
0xb19cb8bdd97f26dfb1c153c035bc58681e9f29f3,1
0xc3a10e4f68e142f27b9726e0f8199409ff09d456,1
0xbbaf97a21b53849876e568fb6b1a64a1da342cc7,1
0x130eaf5cbe7dbf3f61663a063dc27672603d3ee1,1
0xf56a7b522768fd921e10f0136d50fa112ee5aaf0,1
0x00000e0e2e6298505a639a340845f60a0eea8528,1
0x79a6144c95b84099d201f790494e03d3f2225d59,1
0x8fe069f561c9f7e0783f536df714dbacdc59c903,1
0x464b4b3f8af076fb888e21c85776eec558281334,1
0x4f1400172690be90a8cd14a1b7846ca8c16a45e1,1
0x7cda9e29479a0fa82d5b95985c78109d0340812d,1
0xacef2497247895def2133444a7595989feca3876,1
0x2f508d9679f21ec741f6e1ac1940a2327c09fdb7,1
0x1279c68640f95608a9eb53ca8ba046a0337353cb,1
0x14193d084a931f53aeae4fb7cb575809a8a235d4,1
0x4ab92afe984249fc4431937982ec47e1e442ea1d,1
0xd48f65db8a8ae979f5836c42a43645292553b40d,1
0xe57aabe16d73f5234a5560f6adc905c896c8e0f6,1
0xa61337b4a44867b64d29ba9dc0f5455e347b242c,1
0x38b623c235d1da0c54d5ff3462fdea44dcb0df9f,1
0x08729aa28f996f3ab4832bd5a10c7499e580ecec,1
0xdc4af1f0c8702b22280ed386cf36a833fb966367,1
0xe025ae8e7cfc74de962d565514a0ec3cfb9eda9e,1
0xe8dc376e6dc60bb7a684d136b2b22395802ec3c6,1
0xcc0055365e7008adbb941064ae99704e33bcae88,1
0x9d0da08d755822107676c7f6535e1be89aa9f5bc,1
0xaa1e77b982cbce1d109e9309aa120292b44eef0c,1
0x2ae36d6c227609601338c02bccb3091c2bee58e5,1
0xdc72ab6d572fa6c703a5d02b6c47f6c7d59bfe7e,1
0xded2842ee66edecfdcf9a6a84b16e3d1a40fb3f4,1
0x28b8a9ac47e3e43e3a0872028476ef898055871c,1
0xf9f5b3e819891cf27df7a008ba6318ff2c302e15,1
0x1cdcd0145d52233a6038478905532e996df8e120,1
0x3693668e97c55100fa8785e82e29a10e9d91fd05,1
0x60dc9173c9587eb3be1b05001d30d35942afd79a,1
0x5c5b1ca858b47f8f143a7057601cc5a54d65e6d2,1
0x910cf57ad87fb1af2de5a32f43001a198c7eb7d8,1
0x184928884bf892376ffd2ec0cb12bc1533bca767,1
0x9db99ad21ddc7db100ac1b33494198cd223c9469,1
0xf136f9f58852feb199745bef528fded0620a7cb3,1
0x6d58d4ee9547ab5ca680535409615f595b691003,1
0x2c6f9a0d6db19cded73e17e13389ffae588e3399,1
0xc98b6dd2d1197ea480f7f598cb3ba5dda04d2e86,1
0x303068cb328ccc694a48d1c30dff626335887457,1
0x99fe829b19d51c8a5744756d86a1fd2db4f2ac0f,1
0xfb922e57d42a14ea5e85965aca7397cebf0d1c0c,1
0x43a1aa93e959a19fe8137115fcd6281cb4cdda7d,1
0xd8cba2c75e07c7538a9bd29c6949b7f1f2085942,1
0xa019290a81f16d80201a971cc81c3716a29c5886,1
0x85dca23d6114710fcd7b3297fb11072b9561a06d,1
0x0063052772f10343cae16354f5c6b792c6f58cc5,1
0x75726a45b321d2ed589c6103b00e2d7bac15b5e6,1
0xfbe623c4b3bce015d78a8d9a86869e2b45e26e23,1
0x7ebaad92a073c606dc17fefc5eb08e06566a98f7,1
0x482bdaccf024b0acb7c8b410ee7f0a037efe5088,1
0x237c9cb241c350f2f03aae250949db9b03d3d109,1
0xd1e4615d8498fc55e21c6191582dc843d08f464f,1
0xf77378f08a0867c1310a3cf7a671957de7976d1a,1
0x61760e7fe6c2d40cddcb366f8d263bb250c1ff6f,1
0x1e5c959abe5d2c8064792ba693a9c4ecff66a547,1
0x977ac0e5a34219f667d07dfa9633cb89cfe215fc,1
0x7906294767204fbae92332a7c2401a723d361a6b,1
0x55657009004ddb5e40ccbfdfb2528c73780e5aae,1
0x70ac3341b8251e8ddb084e761114dad880be6ef8,1
0x9d12e9e24f14577317c7f21e990c45d304c0dd3a,1
0xbf951ec1814f77cc0304048a607f1f3b1eda854e,1
0x48bc9f838550656618b86054ecbc30fcd54c006d,1
0x11425ae97b83f9dbe682faf4f3679e08dc3fe42f,1
0xa946d7f287cb836eb7df3133bf7e0bb4096d1648,1
0x3f6e9dd958a00c3ebc6945ab3453b9eece52a8a3,1
0xed5e420d8999950ef75012d445ebd26e26e64a5f,1
0xe4321f0aa947479a2ad94dbff687a9c260c1a70f,1
0xe10cfb77c428adaceee605410cefa7c9b166c291,1
0x9a31ce9c36abe7b67faeb54e130163fed83fa6e1,1
0xd30c4bd0bfc18cd1b3b3664e638cf06223f1a0f1,1
0xdd441d8935685e22bcc044a3f98e06abfae79a81,1
0x797776a9a0f5d79c0ed1c1b2402bfd68dd14c322,1
0xd628045b1e010bb1365725b2ee0b8ee997664007,1
0xb9b00bf4129e36377193f6401b0563eac6ae3153,1
0x7a0044d9a5711df402bf49be80b7c9c9f9a5b3d1,1
0x8bf80cdc1b5008d1279e54b80fbc7e72b2cba87b,1
0x2067bf359d451955e18c8b2c1a3d94edd093f4f5,1
0x8d14509d87c0690ea62e383ef281294440e66c8e,1
0x66cff15313b5bee663d55cac96f45ac12afe9481,1
0x74654f9d6410209b8a897c4ea05b80bc593ecde3,1
0x2f53e355e794cef4ccbe562d4ae8c1fc2773a328,1
0xf5cc1ad7b3f8fea34dfcd60a6c9ba7466b9e1ca2,1
0xa9072b5eeac7ca478658d4203e17adadb33038cc,1
0x8987017a377549aea1c5b8ded4651821eae8710e,1
0x742105266e74e997aa7399b0a3cc81afd55bf747,1
0x80f6c4dcf6420eacd45ffe66b99ec6dcf7415e21,1
0x8fcbc537cf68074faf6139e2734438e14e7e882e,1
0xc7f783757a0dc344111ffc84620738f13510ed18,1
0xc4a4f89f27f4529133608cf172a8a8d08f11f982,1
0xeec060a925a927ddf83ff20826576b1ad7400fb0,1
0xc6258a14f4b57fc5f59703807c989c2d7fccf102,1
0xf968b1e4f9e508f511bcd10fc21ce17e9b3fbd46,1
0x87bb89f10dd62cde0ad4777448e995556860dc18,1
0x00000000e776088b650764b4e730498819fb5501,1
0x86dfb1cc3bd8df4791ac87de874de51a280661df,1
0xf8e9d2e97fa89fd21c03409262862edf0bb40c1f,1
0x4ea1e0fc816774a9db8579cc94a19c0ad558745d,1
0x5782e5dac8a7d850d5c96f714f25f608b281565f,1
0x591353c3348a0515a5c91f6c6af68fb73ab1b00a,1
0x557240c0c4056b76fe30b280154faddaa72bd71e,1
0xcf4914aa2dccad2b8581eeaf5db66ada8c86828a,1
0x9994b392045a1d2aef5e72d2ef70b0f61e3a2322,1
0xcee1c50600e044144ce824b73eb6d53e5131775f,1
0xa6178668fb55f9f9d20f6905045585d8959a6dfc,1
0xf19ed1793d2487a8abb10d147d01cc90f6490efd,1
0xfedf6ac3022bba3ab4fcdc973eaae88e9c757657,1
0xa6f6fe428c25a8441f836294c89bc6100c7a3262,1
0x74c78ad3397245b1f1b9b61ce9b7fe8d9ec7d6d3,1
0xebed44428958ed95fb1ee8f0c84f67fcf41ab123,1
0x61a0aa7d61f5b0cb5a93239bf2cac2c71639be9d,1
0xe70c7a433540b1b50fc5fe85d045d1cf827bc084,1
0xc3f5f0c67497c75b612ef0a79f43faf6166a8e7a,1
0x4c5afd022ff0c6cdefd0aa5ac51fd21684d2ff76,1
0x7e136fc04b10885e7067c9009f0236f8edd0035b,1
0x9174b298249dd747079f31484e469f010b4d6cd9,1
0xdf5580ed3d02f01528eac56a2047110c7de9e8d3,1
0x14dde83ba9f77e39c157f129b529d84cb04182aa,1
0x6a216edda2d855b2fe94187f0686c987cab993fc,1
0x8486bb636e71b548cd0a4792708e7957ddc89f4c,1
0xdbba8fbc007751bca53ab22dfa497612f69c28c5,1
0x547058fa2c17be928bfda16135c3685212a300df,1
0x8ee87a90968ee7d033ad7725516234522f54a998,1
0xe782b534e2b471bd94c731dfa0d30c60ba8a81cd,1
0x30d9bd05881e94297a3f114410d97063eca4d40d,1
0x8f0cdbdf035adccdea0ae4e5db2002d50478f632,1
0x964207df8c67132cb193050250e575acccf2c274,1
0x08929395f4a81c38b56581ea405bf5ae1146c6c7,1
0x43ad068c623c18af63fe392e27e153cdb4472c9c,1
0xbe63008882c760efee1088755d4484a48b485a58,1
0xb10dadb27dbe82d3339172375845bc93007b78ba,1
0x8a4c64c243dc2b73905e36778b36c8ab2791f826,1
0x2729964d2249d729c3c34c370c80a954bc0813d1,1
0x812ef545624dd93b2e7d0048f8bb4fb8e1ccd60c,1
0x98d474626305194981ae616413a725c84543a171,1
0x22f3185db0a560f9106d7c84d4a2ee0255a0aafd,1
0x20509d1e8ffbfb5f46e4cda45ff5dfa97ab939aa,1
0x07995495f3737b43e5f394d8edfbcbd9cf700166,1
0xdd3d9dd47179f007c9505d074ffa8f46f2dbfffc,1
0x3f197f099d7c3c026490309ab5382236a18339ef,1
0x2a8923f68a41f7fe51fc483ceb0a52dcf6f46f3d,1
0xfc9edcbdda7a046137a9be5b39f4dcf846645b12,1
0xa591d5a03b7ac63030ca01858a1b50804890a84c,1
0xe97f0deeb2925ba95a61ef8f35b0ae5958764726,1
0x29e2bea1cb750c595ff3f53624c938427851d2a9,1
0x2efb04b4c64d0adc86a7be539d461b7ccd4ece63,1
0x79bb8b05783b660f42a153de881d8ad7cad9dabb,1
0xc873427e794279f435f3527270e270e8ce0b1608,1
0x30fa6a97b07180c09e646071fe82436da9410782,1
0x313d51b2833b8f5d184b5d31650a6ab7fa9be009,1
0x6e3b1e812051e9c31795a88379cb837050be6787,1
0x31c87c12c47e8ba3a7ce8c5c37a5560dd4456a51,1
0x5a780948531578e39528904b56c3af5095437a0a,1
0xc978f2c609210e2d9681fd1a3dc01e2c5df7ce22,1
0xfaee8853a13e5c482b22bee4993560db73de6ebe,1
0x41819a8913d8aa197248b0aa569d629a5c4459c8,1
0xbe5061d52175f108551863c5483534ec149f8006,1
0xaa4271c3cc6f7bb6fe5e96b84352d510d79daded,1
0xd8a9f37d781b9a2552e55f33f986441d84cfffd0,1
0x4b182574e310858093d41eb6657a61da4960b84e,1
0x741deb06e541e51e709c4a7a91c3751d259ace85,1
0x1aa8c89e381b033112a9e7465c1052b8eb6aeaed,1
0xad037328c44eeb7a8d5aad04479bf9214a755677,1
0x7545d53b9ba8ee11b4fb0c313c0d08393624729c,1
0x38aa1e19ccf8e37ea019bbf450df2c15dbd0dda8,1
0x368fd714cbc129b2bdee649a8fd259657fc13fb0,1
0x501769ea932793b71bfe28111d6d219658783a09,1
0x69a00932349603af17990248c1d5c5a0aaaed619,1
0x00001bd815185c5adc3b58336d4dc36f00e24052,1
0x3fad26934f2448ae23c98454935db75f00cfbac2,1
0x4d02af17a29cda77416a1f60eae9092bb6d9c026,1
0x49f3f8828c90ace2df504014132cc24c5bae8d23,1
0xf08bca7ffc99fcdedf97814243564a6c4d7ce56d,1
0x124a82ef36b67610e94bb7088fe8b1d754de582f,1
0xdac7a78e8b433af932df517830202dff6ee97b97,1
0xf22a22ebc09e6f746095f9e9527fb9008144d388,1
0xfc9d7069bfcaf639d0fe2d47c854a5fcdcf7e5f8,1
0x74c4df5ba7ea2e1ea80c89c2f074ac0b9a852273,1
0x4903b8db276ac495e0f82e0e3d1e7c5ae243f92d,1
0xf74c185c74fe1e4cbb72a12f5d3ce614b16e0810,1
0xddcb02cc44ad70ed954b20e90a3da1df6be3a234,1
0xe3b474ea507924e8858e9b6eca19e5e5374d3825,1
0xcb08f7bb973455466369f0a3a2653b7d9e903c0e,1
0x4d468babffcef0c72375fc946140c444c53c88e7,1
0x2c722a1f2f78105dbd5523292b735242bd90b8ed,1
0xf7ac0c40d8de045670eab6e48fb2cd97c800971b,1
0x876d9a3c6b99974cf5d94ab4831b8eec5b54069e,1
0x8434885f21359ddfb0c96861bfae0e8b9e8075b9,1
0x533ef16ccd3803dff50f7c3e46dee2fae80d386f,1
0x6de674b16fb965af7c826644326f67d732d7ddf4,1
0x69ef13d4e12fa846f8e626e779ca2d77d6a1f6e6,1
0x7819ccb0c63b557649dd5af358fbb210edd534c3,1
0x99a6b6b391d47ec7f4500d7b604d20b14d001e58,1
0xdaec9e2585ebf6d1eb47f6b27547ce680c0b748a,1
0x200aa8f3ac3dded76ad89d3cc4789a8ff26586e2,1
0x3882f4a33d0e15283a99aa78c52a2f4b61f34d5a,1
0xdc3d86c82846b5b5b5e2960ac15633195b609a39,1
0xbeaa04d443c912746f38d802a605c9886abc9185,1
0x74e5b751a37f7102c654bef1b8491edcd4988e09,1
0xf07cea8a16b442a1b9fe7fae1e153fa473f2d355,1
0x43d3b13033da6a65024056eaf1746a620f1ef139,1
0xfeb6ef8e5e2b81072fd1ed14dd7922ca9ccf059c,1
0x552fee59e71b36578befcfd6093acd58014338c9,1
0x4a4e38de548f3bc69cddb003e5c42c6bca147539,1
0xc6e29221898fb5a07d52bfbbfdf8bb66cd181055,1
0xe3b43b615500ad2ad63a3b21c9e649b4e2d81fd1,1
0x0772f0ad91f024031769ef0338316f7ee8b86f0f,1
0x75e7f686abcd5646e8813b06f5c0c9fafe2532db,1
0x19fd98b6c22e207780bfb392c7d1caf9e4e3d0ad,1
0xe4514a65c70d5f394163010e20abf2cf2b17b9a0,1
0x2ade1d0828107682f4e60f466840e188b56ec826,1
0x777a1bf5d9588d075fb24300380892d2db42456c,1
0xfeaf4d89d08793c971e7eac5b6d5f64c224365b6,1
0x13f835b6b760c3254f3b55def9f54f96c6adf1ba,1
0x950c49f8ee25324039d49c4cd202d87c6f030033,1
0xd4e6566d0ea6ac0930dcd89d7fc710ce75fb1fd0,1
0x3d3303b1ad80a4eb1abb2ec2bdd7948b4e01e8b9,1
0xb89b5e82750ee9163f93d4d74dd714849edf43bd,1
0x05c7ab3b5657431b785b027787ea3970dab82abc,1
0xfd7550e191093c6d5f5ed88592c2abd95fa38ac4,1
0x4725363afe062ba51954991846d940803b44c0ba,1
0xa84dfde4686f16ab8c3b0c9e4e60554d26506530,1
0xf5640acf55e39da9c0dd670d7a5a5ac3815ffa55,1
0x6420bf8880248db4cb5cb7110a8d27ca93d15941,1
0xf53ad7ce084a68983b84f20b6f360c5ffc2dcbad,1
0x744999ad49421aa15d18b55ffdcc7c566c9055c0,1
0xa55a7ce797a02e0f9f4f935f87af887bd25b890f,1
0x37f9ceb769686a431f6824fc961032d28517d980,1
0xe489306e4330ae58de8abfe8a3e3287d071ae2ff,1
0x2d2f3d333251d5623933d9b067077b8582b38952,1
0x56056750ba3a3e94de483593b48e40a3702664ea,1
0x96d1f2fd48a745cbf6356810c123038c64c496f3,1
0x02cefbda1c0c66a0c9ee12479d5e344c26334672,1
0x7cb9ee54e14d72784ffce7a78d5631a7afebcd15,1
0x1222c30b30b5169fee9706cd30c407d41d49ab9d,1
0x15f87e0a7dedc5e33d11bd58dd7cdc2a430e7657,1
0x88acd58b59d1d1fca74dcd5daadbd6df3827f999,1
0x9d65fb1fc3cf0e5098f78bfd6f24f6aa10209f1d,1
0xae415875dd6b09756d4786f4c93510a0cc5b8db9,1
0x77393aeafc6dfb490d2659cdfc1a22609499d92f,1
0xade276c44d499b1c36ccd8e656364337b1e2a712,1
0x659da1f3ceb96aaf69ed58ffbd59d7646703119d,1
0xd36e679f67fd58f9f2514237504807d47c21286a,1
0xfa8d154d2c2f28caa1c59b673aec0ac55ed037fc,1
0x4113189864b3ef49d89554fa0f98a5b5e2ac0cfe,1
0x13f54f73474ee7ba8f9c34aa3bda3f8dcebcc9d8,1
0x1b21da4183634f446976b8f6c6b22f44f3572466,1
0x4ae9ef198a62dda4c9b25a46a076357ee2fdc4d3,1
0xaccf3b37e688c5982f267f6f66e3beea87486425,1
0x9b0e826baa5e93c7eb3057098ea968785551c38f,1
0xa47a1d20b091c2ec1a0fca2e302cd5790221839b,1
0xfaad44907f6c6f8b67c200192781c268703b8e9e,1
0x18157a1eacee271964e931a6d57788af14a9a6a8,1
0xc4edccfe7eecab346aa9c8a3843edde74fb66538,1
0x3e8194b7f3eda25b92bcb453d41d2aec58f8881b,1
0xb7e1d94c4070561dd67ecefcf8621ec5904c226b,1
0x970fbe98dd09884940cd8c9cffe54f649863dd82,1
0x35b3f048f6c9dd8ffb84ac34d5e73c66b2a8c592,1
0x818ace6bb9ab152470890bf8e60210842fe78db0,1
0x644e00ddac2248749af13b22f3d91df27017d781,1
0xcbea1a8ba7823cdec6920fe2f0cb4ed2bf64764c,1
0xbbc3cf45ee4a5349cb86124f937e8a2b7f82fff2,1
0xb4eacf57fe639bdae0103bb0a61e60b5ae3e9aeb,1
0x5e97034b9ed6ecfc200120a7c425c95ac5000e8d,1
0x73ff19d750fa7cb1ebe49f89c642b81cf498bfdf,1
0xc9f2ec0ceb88c80b1cc913c1d3b01ddf9eef50e2,1
0x350a0d14133bbf54de414a4f874f50c83f9bf77a,1
0x0132a3087def8f8e8addc7d8a96cd349a92016e8,1
0xfb696918125dc790cd7fab4985fb4e275444e88a,1
0x40656605ba8247cd672473ddf121a4bb9b1fdc00,1
0xecc21d79646c0bd2fcba4e0d6c484cd8cca5f30e,1
0xfe14e258a9a28e9d76f5394ff5f074343265a2ad,1
0x97c7f6deaa4d30ac237585447d3c196ae6661c87,1
0x95c3c6d13ededcecbe5424c85f2f51c11c69baf4,1
0x8b589b224ee830d677c3b2af5f1fb2374b24f182,1
0x322104f68dd41b6006deb2aeacfc9065a23d1d62,1
0xb51ef4e97a2aa7a3dd37f207c46dbddb428991cd,1
0x15a88b427dc2ed3ee61998c9e4d1d4ee2bfd5103,1
0x42b95a2f52133ae09f4be1a138a62700e89fe65f,1
0x1e3cfee7b721e17b057e93d2e4af33723818f766,1
0xe917cd038853351e196107b791ccb7dced6d4806,1
0xf4dc133a7e6dec05344162b43ee212f76c146776,1
0xd111c1f86de8c17aeb01500b57d9fbf4aba6bae0,1
0xad843946683f50b10eed3d8091a8b2052dd68b1c,1
0xebedafa18db3ddede592ed8e5dc648f9dde72f8d,1
0xdd528d2b17840a00a516961df5caf44ced94fabe,1
0xa3160150c41f069023e5678c3514a031c9024c26,1
0xebb8fc3606197f2f5f6065e363c483f0e122e756,1
0xaa1c9802f347046cd883795a1fa29a118c9eef24,1
0x2843345cab92696fc7c9212dd4b70983488044bf,1
0x7855105d1da8c261e39d200c56402bf251e46c73,1
0x8685c55f59314891aea8d3c8b1d630dd6818c6eb,1
0xccba1a8b7d9b8bfaa3ccdcee75b58588de4455e8,1
0xeb2e886d6f5c8fe3241fa1abdb2167fa0afdb659,1
0x3787a8e662d9904aec1fc35463c271a900aede5d,1
0x4e5faf22ccbc62d9d521f010a2a4f41fcb7b6cd0,1
0x8a5ed7041bcb06b0b2c07d07c98eafc9cc12bf90,1
0xa687153672324330865eaedac197c4e7a2ec24fd,1
0x3e2613097cf934f39d7c0954cc3929a5fa3f9fe5,1
0xcd0bce8e81e89b661eaafd3acf3202cb3adceb5a,1
0xa44b12b52e4b6dd4f7c1d297b0804f719a48e1c4,1
0x17f1ab3be940e1cdde69cb7c97cdc4f6124fbf5f,1
0x4b1f6c852aa6146bdedeb0bc96006cd327dc4858,1
0x3dd13d532173b8039403104ffb0c79e9bd32131a,1
0x03acddcc3a5f513df9cddf1ba9b84d138a5bcf58,1
0xd281ac3a656a9bfed37202ec459a8dd9d5959dc6,1
0xc272f976e3343f8b75d111321795cfe7812dd37e,1
0xe03f628476509606111d7995dd2242534585e5ff,1
0x9988c09347a38df999d8c7570697e3a8d97ef06d,1
0x5d751aa2c6c55ad3a0d262ab531e2ab5bce4990a,1
0xcafaf66a3299aca892150052ea100a6eb9103385,1
0x193486dc877803c15f1be888f1676ea435eae0cc,1
0xb2d46ac3896c9d86c02d52ad403984444cee3d19,1
0x3512ad0989f05d1ce12e874aacd57351f06121fc,1
0xeb88b2955842f38d5443418ab0be1b59b01dea84,1
0xc805ce06589f6aaf336906f14e70af4e54c19fc6,1
0x043dc95cc693b85e8d362bf5fc1f5a2608b44ef5,1
0x92e7e398141cc7ebd6f30de7de79a7028baa3982,1
0x7aaae09cd73b63bf4fc59ae9a1b808647c011319,1
0xb566d2508d1871e4539abdd6ad71557e14dfef6d,1
0xb26aed96bfeeaf5923b54b3bc95edd7e39b38722,1
0x0b2829c661113d2ac83727615d2be9d43b081dc2,1
0xdb745bdfd8e86e5f6d725867970ab1e9c2d46278,1
0x1bbae0f513fb6f1dcb4082696b99d50038923dad,1
0xaaf9e357d9d975130bfe52f82c323700185403c0,1
0x36b829e06a6b7fcfb402c2d7a269c1e64dbf77ad,1
0x187c3f13107d1d2ffe81dd0aed9cee27f163aa80,1
0xa4d650a2cb50a8b51ffffcf51d4fca58ec662cec,1
0x7d9eeb6883b3f649bf17beb4bb108c578a65bcca,1
0xf7c4636b82656d9cd473f4e30ee9c14ddff79643,1
0x5d39f7c07757a510ff1b4587a1d61f646f6d43c5,1
0x2d9adf225f707119cf74565c9f0715f0c37374ef,1
0x08ff5a8723e9e8b811ce980f39bc8d9f59e0056a,1
0xfdf13576d654c42135b8ff3aa1cb47b1bd6fb2c4,1
0x332c95edfbe02d7655e9f5d9d349f41468c867fe,1
0xccb2c489cfb25b57614459f3b8f66b41cbbf3b33,1
0xf9a998e367529f6fc8505ea9496af32b9f5e557b,1
0xe863f0595561d4f603012b741cca33e386ec4050,1
0x192764038e4aefd69536414e105002ee43ab5d46,1
0xecd58b53242ef8ed2459b84925e495557dd9183f,1
0xab60aae7d5333be47067730c81ab54e3225f5851,1
0x8450323faca077ea6f8f3fa7f8ecf85f2f00823f,1
0x035dd5668d8a718af300a93ca72ac5fd63a4e5bb,1
0x21c771674980bdc86ea8bd638d54411f337dc3e1,1
0xe3af4a290c0f9908c2a0f1d5117bb62a8a937df9,1
0xb90af4b7ba31f77e77935d76759000693b1f1fdb,1
0x326c212b45626c38e8acd993520db5d5c35b041b,1
0xc180603a861f72ffcdb44691615a96c91380737d,1
0x00d01baf2555784bf9ae77fc9e1c9cd7e299241d,1
0x58b72956e4de9e243c22f736196c1820724f0904,1
0x7086918cd79db480ceef0eb473c4290936ea40ec,1
0x8e81c0c3853470bbdce2127de7d48e66409a75fa,1
0x9d51b4387286b3ba6cea78950a276d2b04b13e07,1
0x4d9e8ab202fafd8034bd9782763a21100af94ffb,1
0xcb72bd4d672a280d073336243541e7779b26785c,1
0x4fac36db18a86dd8b17c5306e319fa608b270b58,1
0x256f2bcdb46576ee144f9506e71b7a9ed7dd19ec,1
0xda3c596ea86a9ee9d484a352fe29b3e17b9ff11f,1
0xf13bfb9ee974e11fa1daaad669eb18c7949ff208,1
0xd119cfef25c1e1f9ce337055a055a70693c7345b,1
0xa0b0781c9b6afd38297db56c996478f3433e39e2,1
0x8a9a233ae0aea04f89d87836e9cf2d46aa2e72be,1
0xee891ca02f108cf5b778c4c82bb74e3c8b0271a9,1
0x5abc4eec5c05ca14951fd7de2e85a4eb3af5d4af,1
0xe5380c03c4e21c146aaba503b2df237a15bcd4b2,1
0xd4b3de172d33bac27219ef7c75b5628ba9f3bc79,1
0xd89d7a23b9cef77df4ed358cf20e270b948983de,1
0x97ed9eb4cba036bec5a18259506d05f784e89ae8,1
0x44f863829ac3ce8648556dac872d8b9bc7609c2f,1
0x87afb2b8b18c4e72d649b38cd4e667678a7eca35,1
0x68c1c480fd0d557b4ebd4fe1e8d4a376a1b6e7fe,1
0xb2d104aa409e6e764a225a893712930a91593028,1
0xc6e330e8c09cb8192cc72f7b0b49c7b38ef2efa2,1
0x93b5caceafa4d91a1b3b0a72d81811f63d7875e1,1
0x1088771167254167dc0628652ee3a046828f96dd,1
0x847d097ba5c99156a235c2f9eef2e1648d23c355,1
0x4548c3c7bbcef22e609a0b39f66cc76e2f550ec6,1
0xf71edd300cf317cea446f77d580b7e25bd7d71f8,1
0xad97505ebbced4b59ef65663fe29c54f00316c7d,1
0x1be88bcf3b74048578d5e9f3cd9d36398b9cdf87,1
0x3de3c69e286bf5f5b43dfcabfb8921b6295c02e9,1
0xa66847588a02baded7d282ad0a92affed1839be2,1
0x52334c23539324428a60bcf10ddcde1f77140588,1
0x14c6a3fb0fa46a43d01dc7426d7c27cf8c71c10a,1
0x00fb7d036827cee52063fdb1ad91ce27996a4f50,1
0xb1c70e6006228bd3a1d687d9d31bf0578c9a16b9,1
0xcf55d9b5550e2451059bbbf37c80ad98a78ac137,1
0x000c53d649dce42e69c27167b72d5e0c65b5d9c1,1
0xccaf3a28110702a215384cb6d07f5ca728476eaf,1
0xcb60ce5cbd309382080bfefb08d262678f4cd360,1
0x02ba90b366ba0680cc36db9ee7705fe063a35986,1
0x6c4d082e158120d688a140ba6c1bedc27eb3a0f4,1
0x1c7a46b0f34cf7a84c2d42bc32fed554a8b4937b,1
0x72c3e4e7dca835240d9052c345659306cc9c0c3d,1
0xfdd5aaeb514f2d22cfd1ac8ba285ed5b2a85cb0b,1
0x0dbf83102d2edb0f6177579342d24585ba9311c2,1
0xe699aa340946e7809264f58a0afb4ba281e46d86,1
0x7dfde5f0cd512c2902c78d388065b0a3157e2266,1
0xad8581591c49b05704edf6206789ebd9aaac9f8b,1
0xca03640be3598995fe6cf9a6d6ba6f3a9dd1400c,1
0x5d62dae93fc8dcf5d87b67e185ad5e458ab4b824,1
0x3bbea3b7d5f9166e0b0d65b2266963ac3887fc0d,1
0x7b18575f50be288f7f23793edb2ef8725c4f7135,1
0x7c9d34f49a1443f57562f0e3f1d13c056f4713c5,1
0x1f2e1bece0b545758a2a3ce1a6a34452e7839ca3,1
0x800f6001ed9f177f6842cfdba473b0cfaca9f18a,1
0xdd8748f855d9e0d9607fbb9d3bcb8fbdb4f9e2a9,1
0xa46d623835478915415a79e3f691228a5974a975,1
0x96537a0f15bbbd022a74bacfe5961da0eea03d29,1
0x2ba582cdbfffb09d2d10477925ff6019b4113ca7,1
0x84e272787462ca06f561278a9b309b1d128e3ced,1
0xc1393866edc1201121e3c786f238bfdebd179562,1
0x773b1acc268f8a0c6076752fcc042bab87597718,1
0xa45125f0e9d8a15e6f9135918d3627715735a8b5,1
0x2d6a461dc13bc199d0985daf34acd9a67adc85d9,1
0xd97df01183e130c17ec519794c6858764b4527cf,1
0x3288ab665ff00b01a341c830b852803c31f31d5b,1
0x1d9bcc08160b5d4136b0c8d699c3777c957d81c0,1
0x90c8031397a7be683fc962ce973c6848c069099f,1
0x059a89fb0eb10414ba17dabaa2b1e8f2bac88991,1
0xc05cc603bc49e772b23d1fb5ce1064d54df7ff72,1
0x5188c87896d52a6da0abe53fe75013ec9e64078f,1
0xdb919f837ca81e6c4581c159b3565c7f376f871e,1
0xaeb715a86fc3991a3e60900f846614b6ad095ff5,1
0x1bcca2ca554d3c31bda79ec239b2d615bb8bd209,1
0x0335926e542bd2f9a2e2ab4ce9b8d990e47bc147,1
0x970f12ff3367defacc492ec666f9aac23d9b9abb,1
0xa879b5dc21d6fc8f02628f0711b23d4eceb443b9,1
0x1229c385cdd48221a9bd3658447d6387a6ac695d,1
0x58f0978782f41eafdaa7cd4789bc39710142c9d5,1
0x543c00ad88c82255a943998f8104ea0eed47aa9d,1
0x08b705b71c88fd4e2ef3787e52a580ae5aaa87c0,1
0xf1f91f1330150315bdd51bffb3a556bfc03d3082,1
0x7b337d126d631c9a6d510a408e65920ab8d0aa86,1
0x3f121f0b5d164a70d7fcff358e827a9363ab0519,1
0xf5f0320e92921515613b7d8e1c249dfe7a53f569,1
0x5b8f04ec266553a40b8b4c6eaf106e15bc1c682c,1
0xcb25d50bea3fcb75d2c91c7eae16a08ccee35749,1
0x595cfcb317c731f82f29c58a80485b777dd08ed4,1
0x2a8a43b8f1f34718df1d0d13f72ad32581f2bab9,1
0xc2f9a13a92e5cb8215dcff4d38e3d549e463b16f,1
0x6e0fcf42fd1b6313953cbcc99b20c73d8e41d02c,1
0x729ba6b4412443af740290af753fb69f1c27db29,1
0x2aedb37504f77e189d77bcfffe3c837379c506f3,1
0xa1c06499d466bc444bb45af02d5532f373bff4fe,1
0x92a3808cac59992eedc3fe87b94da7bb288d6285,1
0x8d55df8f366f0a8ff8f56e1a7fd5f3c28e01f436,1
0xf8c9184bee567c235c220e883837c92b3cace488,1
0xc68e23ddec7bf88e7f22e052e6f456617753da2e,1
0x8c7df6054c2e0eb3ab35e1064500ec1812930200,1
0x4c25fb4b9f3ae5240e58fe8a3edb07f7a66aff02,1
0xfc3c787fc5a58a9a02077ca5cd6900e2fda0c94d,1
0xa04f756ed8ba484a4519d49c1961ed0a65c5e5d3,1
0x14076a2408a47228930b0802ecff237aaccfdda9,1
0x36e3258dc9759899201a2349b1eb0e3ed9855d24,1
0xcac45fb29b1ecfcb80bcc2b97f7a7f8c90f4c1c1,1
0x92e315429c26ace6cc6ac8c9b71379110eda960a,1
0xc0d07138e9a56b0b37e98907e39732e7eb6f6b69,1
0x750b8810270a8363565ec37ad8366d5fbbfb3736,1
0x2bcd951240f053acd007742399f76fec8fb163d2,1
0x2b394a878cba7626adfe69ccc5fd52cebb31fb16,1
0xcf1d38433e1e1e835590618af19f8cad3eec8f69,1
0xcaeb672f845054045fe37a24059b663108000d96,1
0x8e5729e8a3aff49fcf5fc889d0943d38e3691070,1
0x2096d113362ab01e10b85eb87aa01eddc3aa1301,1
0x66962473d9eeea760de3cb5b534a6fc282aabe32,1
0x724af1792d5bf8b5a40e74995609d8b50ac83282,1
0x2ccbddf610dace745f5952bd7262b1853f1c5573,1
0xb7ec69d470a49c518fc22d6fffdde604d2acbcd3,1
0x643ef45de2f4b6dd592942af150a5bc9ac70168f,1
0x54852a6d9585266ade94c46da26417b31eba4b11,1
0xfd1299d967ea45c290bb7af2eb0a4d8300c44a31,1
0x8617bac3898bb20a7d140eb05afed0871debcc48,1
0x1e5e9e4eed414113674985cdafa8f9bc13747ce1,1
0x4d35c6f6469d7178c5e3b0626ba3e3c09023b2a5,1
0xa31178c62d85f8de8d420e0b9e06539e2fa3a7e2,1
0x324fc0778119168634f93e099382581720219271,1
0xa2d1589a43d454c672fe62bfc9f741fcc777f1d8,1
0xe16b5c27d43a3a8d0ef70e3ee69919fc8c486bc2,1
0x551ac19884647e786aa34a5d843b72674dd2e4b0,1
0x5bdbad2a986c5b959d7d10ebd9a4b2c4ffde9e4e,1
0x480867782d58b5fb815d9c3edc0562f8daae6805,1
0x7c0df2f4d28d3ce61bfb90a7759fa3e420b3cc48,1
0x351775b629060e2b13eaa3be5c20a8f04b6330bc,1
0xc95cf68f5dc761f50211b0ece9e11d9646ef38fc,1
0x0808bec07fdf2e3471ec0c268b5c751689e7f75d,1
0xfe1ce87169bdbab3633b7b0555309c643759e384,1
0xdba5f5d4b3fe8c73e9f9cc43d46867b2cf191d54,1
0x4c615ada1200e54ea81a4a85f263f1c94be73dad,1
0x5b218d0d70737c7b235f8aab5366a1cd7e0e9d54,1
0xda33b6304742cf97665e70737149f468c8c3f379,1
0xa54f7c33a544f8ed7ba2c54f4d53c60707c14f0a,1
0xf0b5b520f9d67bfa65bc48ea93473ee974553b06,1
0xe5e09a912d7e27f5404a4fe6b1b8a6103e3ac4c2,1
0x0000007c60fab7a70c2ae0ebe437f3726b05e7eb,1
0x48a483e6ef15f4c6b69c091fa59c5bfed0ca5852,1
0x5036920e98e206d4ccd062661eecc1e836466b03,1
0xa3056e5cc6e65333afa329a79238c77765dbc7d7,1
0x6adbdb03e0eaf3c409a408260a9dc6bf42297a46,1
0x000003d7424c35a79704c3bba5b9825d8533228e,1
0xe46e02b320f5964e110b35bf39a6773af49243dc,1
0xda3d7dbb9fe32ed3b4455ba0507b9c66b4607710,1
0xa420bfd34fc9dd3964e48a00ea75172a875c6889,1
0x2d36d2658b46c509ecc9bb68d7844bb3ef9d337a,1
0x98e3a1fccf50513500a6d365cc01f72f2827f51d,1
0x06d54a71564b782b950b6d60eb5ddc76585c75c8,1
0xb89ed55355ce3bbd824258983b22446405e67fa1,1
0x1e3e0924a23ccad761dcfc321800ac190e92b2b8,1
0x27f4b8e27a1ce153047d5d79f48440acfc89358e,1
0x8b38b3c4910708da727c4499866bbe0b0902e452,1
0xb396b061a09706f7c5f1b02e3140c5f5f06b7bb5,1
0x868ebd386a8c75d6178006dd76e838496be4af76,1
0x1392f811d32447cd0b235301e866950e54d54a6a,1
0x4e6ca782368e904012a060179e95f33e2cd7347d,1
0xbde4aa4dd5d3d54c6189bac2433bc11698e500ea,1
0x22b3e2bc65f55970eee675b42598e9c83c532b6d,1
0x7dd37f21a84e81f77a61f0ff6fd4d9bd83680e19,1
0x909e8c76257eecc485f9cfaec500a0b1eaa580d9,1
0xd6e3d595fd78fccd8e52e7782add2ce91a264a72,1
0xe7c699e44274ffa6b8acc4eca30331b98840ccbd,1
0xb9040b566c5b87e34fe876bab08e3a211578b7b8,1
0x03068eb4286521b79e346a3fd4ecb9c12cc95bfb,1
0xc211cab9073de07b8c547529df82a889b4764cda,1
0xc0d535baca891e9104ac3bafb6d039c4dae2c995,1
0x1ac40fcc665b5461b7f0c4123cfa0239f1e18752,1
0x478eb2b4d237058c0f4f2b3b6863750e26aae07d,1
0x66463e6e3a6da8505ca93566757c93c1eb8e10fa,1
0x785937a35426a0a4a26fe26a8233f20f50aa21b3,1
0xfec5d92201462d009666632dfa46bf4a35765eaf,1
0xabdee4c527328d62dbddd14a253d9a57d01000d5,1
0xa580f5aaf77090eb959b6f4814e2de359e484fd7,1
0x2e3a1d2cce3618f276cf6e5e3e8f2b3a81fcea7c,1
0x38b8c45f2f90fcf26eeebcee0ed15307e2c94246,1
0x1596e4245e9170fe0f7012ebf1bc2f45fbe0f793,1
0x201244113a577eb4b4d5b93870347191ec04f9a1,1
0x59c238a71cbb455d1766f43fc38055977e7e73d1,1
0x868c218c46db69a34eb0610e135a1057f908a26e,1
0x5a0e8e6d76cc3788f2f8bed0c93c5f1f5a4b3e78,1
0xc321f8c1cd2056ebf8cd50a95f555152f8d99953,1
0xa6d31551e1459df688b9b9c8eb582e566cee2e18,1
0x331b9318f9127fd2b84d168b443d6ac37bcf9f43,1
0x48aea7c14085364533abc35256df78d7cb1793a8,1
0x4fffc65b716015dd64d5ff2cb6cadaa0d74cc118,1
0x51d876ce38552d15a6744ac09cbc5de32af96faa,1
0x0690452c77f1e36fb3b866098612542d8311e48e,1
0xfff766047a983e49917a985f85837d9f8ddc4808,1
0x9521012db7b9be8ae24d6c6561a73e56b6e92b8c,1
0x59866cb26e561472596d37704e8547c79f14b2de,1
0x6ef9e009095ac2fbaabc53183a978141e284c3bd,1
0xcc9a4b06ba55e7a081ee813baa497f460e73a816,1
0xe88bdb9682d7903d9b88da9b160920b3402a60fb,1
0x98e4d080339ef27680b5e0c50c7fb4dbc1a53bb8,1
0x0ae81f522137eea28a059774d467cf9e821decbb,1
0xd635ca708649774041c1a277c6ca00e796c4d996,1
0x351a1451732239c614069447f3e4d2fca19dca26,1
0xad7873d553a4f3d484511b2b931e606e96dada9c,1
0xbfdd7018c0da24740806d2ead32fe8f7155bf0ea,1
0xa9cad9e3cc3d653d3aed71bd07ca644fe2174edf,1
0x88573f3ff9e2ab28d2747434800b8121cd847238,1
0x39c498ad6921363f151cda839ba10656cd350584,1
0x9a3a6254130b0642bc939b0a0c12e37fcf084602,1
0xbf5948139fb690ce88cf920e7369f98704fc9955,1
0xab19f0e8f9bf6099a3961b99597a90e5eee76605,1
0xf0b39de459ba00c3aa3a96976124c948c7de6c8e,1
0x85f8e5c8436c27ea2927edf6d7d29d6b5e4e7c35,1
0x2c4c7edcba87bbf1d52eda02d573a90b29100c2b,1
0x43f3012e7989541ef583821e50544e4f86fe22d9,1
0x092b7935bc947ce5898bc0162b949de375e368d3,1
0xc0ec061ce4a38bd36cba394752fd68ede5e27e3c,1
0x948254f31f4bc6d4c38b772ecfef05474cf134c3,1
0xd5af36114fc52e9ebf07b68c12d07f1147395cee,1
0x8033f8628be2f688399eed64a6cd8d127e96693a,1
0xb47520aea870c3fb9715c15fdf255c435f08c6c9,1
0xfcb19fb84bef2cff8de2c32620b463c1e3b632bf,1
0x220ef734f1d8ba622ac4d6b06c010600b87c3e87,1
0xe621fd067ef1154b7035896be20ae2857eea5ddf,1
0xcbe00234f152720663c6bddeb19b85c5fd8ed19d,1
0x09e9d2106b37e650baef65db7087aa2d8202ff7c,1
0x647db63fd123808d7d1a3e7d2894cace3abd98d4,1
0x0d3f929758e39a32a9f1de7cd5aa714dee9da08d,1
0x40b3855aaecbcc54cba5ba50b1defc08e6d1cb13,1
0xa4ad3e1772706ef74a9781d0f48fec8bbf93bd33,1
0xc7de154b678fe4bae8a6cab7fe289e7daab35e78,1
0x2eb27f608521009f9663904dbf002d93cfbb5957,1
0x0802f46aaae403dced203cf2ebc8db0feee9ae12,1
0xe582b2f0e2dd5b4cd9adae496c3f5b3eb702c259,1
0x60c9b0055fce7ee2d32ca6d233ddef5ad1fd0034,1
0x7d86084fe33f452fd5202536a879600fb350c6d3,1
0x686943d5ea44d53a5326b42d706dea6dac7e73e9,1
0x8b0865ee38cce87b581606c449e955c0692f65f2,1
0x98c0e038cd51ad461795fbc095bfc85ac8c36e1b,1
0x4956bf53eb71658c5d829f24769d709fdb08d6b1,1
0x3d2d3b346bc68d3c55f3706a6b82a87b7353cab4,1
0x79d459c0648024a35b6d22ced93ee70e96abf245,1
0x2534ae50f81f8efe3d013c1036f357dff168b4bf,1
0xfb3ced44b94c012cd52f783e2b37ca9f3a994b0a,1
0xc474acdb95d04f3e24ac15fde976881e01e642fb,1
0x57e528661ca3fe5fbd05851899accca1803b1fd1,1
0xe2276bab4a1ccb50c9fdf84f6befda81327a5965,1
0x7d9443df1acfb1e9b03ce0c647e3c29d1579f892,1
0x1855b849e7d23943f7975ef6d2866871e3983bc3,1
0xec06fa5d229b4e7923d2b99d5cc713edc2d5fa97,1
0x459431b3017ba7a8f5e634725a7282ccfb10db79,1
0xc48b36956272295f3cd12c5c9dab07da92083f93,1
0x1ef9a28c2f33b8297a5a687e49f3feaf14c8a461,1
0x4f3a20ae79240d719032043ebbb33016881d6428,1
0x5c0bb0160b6c7ed70bf5a1cff315dfb7d42afc0a,1
0xd8d86ff6becc9f16e845399f24647e991fe2a91a,1
0xe64f3dcc6979850f51a8c7cd090bc231648376af,1
0x75d24fd5350e469d4644826a4fc2421486b0b606,1
0x45b41c3427643018985eb96b1d3b6903338aaa92,1
0x10c5a83945e570f05989b093d8211378660bd9cf,1
0x7b284248c00b9ebe72f82a6d3a3b11915d5bac59,1
0xfb32ddd6504db569d9a1261e848ac6c520d41888,1
0x6f06959ff5dcb1e166c6fc6ae16243cf14fd397c,1
0xd12886c92ab03665d4c66145290d9b4e336a8253,1
0x0e8b9bc69f7c21ddc3e1aee06fe939a9c6b0326a,1
0x261d7081a2ebe7737ae60db5fbefff192597aa40,1
0x67c14c67444f6164ce26b417d64d68566fe16e9a,1
0xee647804f0d9d6bb22cd31e1dc241387b9a57010,1
0x8032bda681b6a24b79f7f320dd964fe21285b598,1
0x2cc1af32783ec7dee919905d3accd5c215027d65,1
0x1f886bb69e3ba6160d446577c5271fd57526f599,1
0xf13a1b27afbe9ff63d037b96c6295ea1507a0baa,1
0x3dfa6563708315fca04cef8f34727ca3bd3cfae4,1
0x67aeae1def34acd37a785949edcb61b745491467,1
0xf0b771a61686765da191f1a9d87a1741477362b3,1
0xf57d819194e4d24839f8c9bba4e04b8645571e07,1
0x555d9c39fb682a0b6d336263ddfd25080efdfce4,1
0x536add44676ccb599796dfdfc570da9f6d37537a,1
0x83970eead2e0387b839f582e851da525bca7566b,1
0x9e17dd992058b0c1f636abd370168629bb3e95d3,1
0x3088a36762266bd7887076083a1fd1d9bbd2e0b9,1
0x05dc3737bcef4942eee323fe91d38a536e071122,1
0xe2205f0366d2a5399d59b751608822ee41320210,1
0xdc61e40043f76bd4d6a632ed1062e278284ab08c,1
0x612ae2f785b23403771089e19f6ccae65316c195,1
0xff082287dba9cb24b71ab764b5a3f5f2715daa9b,1
0x1e800b37a851e13a55ccd07503432e7dcb1672d3,1
0x4f03743a7c1d9babcf59c2fe0dd5523b12443d71,1
0xdb4728c59de1ada5ab7943378a12673735499b23,1
0x4824546a5be48d78a75760eb79a5b2ca4ef274f4,1
0xbe983ca4cd979b2947f03a3382134f142e143460,1
0x4376bc58ad1b85cb1bb7690915fb7e4431f78914,1
0x946c1bf1ab4ac5a0ff7d135a861191b4959a571d,1
0x0f2ec191e1025b9f1f4d1081b6e28cdb1aec21ea,1
0x4e6a85ff1b5bc452ad8db16cbb5925d55a5ca376,1
0x04db4fafbe8fb092798e579f4948b17b42952c41,1
0x89faa2d771c556f5b9e3462fe530b818c8ad8746,1
0x9223fa5a84decfee94b5b63a7c191794aa1368c3,1
0xc597dd0e97c30f21a9ffa74d79be3607a0028fd7,1
0x341dc8d959d5f1d15bfe76c7f9d56b27a832dbe5,1
0xf5fe41873f14d91fd6c266884b2520c27568dfda,1
0x251b405c7788b1d02d0fa24a38f0721a79f9aadd,1
0x0000006094141cd5d88b13aa8845dc34e9b1c3a0,1
0x84a78a8864331f54582f29259421f09e69f4c755,1
0xabe447fe90d8bbd12aec54eee5356183d046d57b,1
0xa58d3f53dbaf7d647aef9256baea6f9c1427842a,1
0xf7ab401d4f5b0ab4193863593e8a3d9a34d3382b,1
0x380cb96aa85b644207ae96b7e9c066e72d923a49,1
0x130bbef83939c3e6939da50cdcd23de97dd41f5a,1
0xaf63c2db758e5631e5d70b096c06b46a8ac35e6e,1
0x3d340f9478ff589fc9f76986bd49ec62c1619b98,1
0x4997629bde17e6bf0d7142aff58639d1a60f119a,1
0xb14c8bbf0f589253c2fd05d5e14f57e7fd7a26d1,1
0x35d4c762eadde62037ce52f6fd7c155fc1897caf,1
0x5b5c631f2c8814f439ec280edd312acf2cd05f7f,1
0x0eb7d39f70d4a736f1c96c818f125729c7f72409,1
0xde35a36cd873d3a781c4dcf46f962ede3f7f8e0f,1
0x973ddaeb339f5dcabb29468c07b41153be22e6e2,1
0x0e15e70f74e5ed138d449e868def1415f9a3e24d,1
0xe00d92614b723e3331dc12eb7ae8f5f04fa3b714,1
0x88dc82ba348b7f6a44e23260802fa52ccec0cc32,1
0xa8ef8b6a369cf07f2bac69e7a130edd4dd581dc1,1
0x000000071315588b34fc29d63b7494b614e6fa85,1
0xd3905281ea9d929a3510947a81ae1631a1a7d873,1
0x6913be0821ef4a1c88b01c39ce2f91b6d78a4750,1
0xfde64ea340165e6cecb9deb73bacd127482e04fd,1
0x5ca2ccb0a103821195b3d1712a7941a2ab89e58f,1
0x650fe0319d7c55a37d49b630a5ba9cd57fd67384,1
0x7b3a9180770c35f1f15be4165bbe96aaa06beb6a,1
0x99e5d6a10739a698b02a4595575a67423331ddfe,1
0x649feb37e5a2ce9bdabe94068691ad631b0c2f38,1
0x95fc9f435af17b82b86b2080b99a0ef321fd2484,1
0x7067e1284821016545f615e31980988a9dbccf10,1
0xaead40e4b95b169e2be0e238718c6a66ebf1ae2c,1
0x35965bac06a300d7f97a38675ae920bc7f90bd7e,1
0x12f6eac6080abd0c740638312a9db21c3f216a3c,1
0xca8dcab8ae2ca6abdb78b27a494cb49d782b8500,1
0x0033f47bd54b89459b1db4b5011df7c8fa1a3d77,1
0x3b9e2add84f9d8a2751b437f2389ebf516cc3a21,1
0x7cbbe99e7857dbee449985d058660f23cea306ee,1
0x57785ee69c0b006821950342070fff68636e3130,1
0x61ad0cbd664119913288153cb912def11eede3db,1
0xe9815bc17f4c031265382c38252b438b28ad2c4c,1
0x3aace7fb984b69b5f8268301eaf1ca8bfa06d0de,1
0x000007446d32dce855535dc5d784764bb961d298,1
0x812ac2610a2ff69c4b3b492b25756e3e0c1298c1,1
0xac17f079f2a54ea681df8a149cc5552bc372eb18,1
0x89c3a05c10f404ba36fdfad1d0a72b1ccdd40dc4,1
0x8ab10078d0974b35838eec124563ee1e00c7e227,1
0xa553fb8f625575ccead78b08991e9d2e20a40843,1
0xd11cd62f1946a14d622d955a598f3028b85a7770,1
0xddc481918147945bcac26d67971c1d29f60936c0,1
0x45d7d6941e8e4b6ac029eee8a74934a7147ef8bb,1
0x586e750329bfacb1e771d9be910309c4ea72291c,1
0x191a646a4cc3c3addbf2164fda517351a9f90b47,1
0x623e10fd34769a22f55183a01f7683b80dcabab2,1
0x688e657f845ae3bc245a08a8270d8cdbc961c2b3,1
0x6c72db7233d32a0c46db0615d9d2a5c7909d7a3f,1
0xbd54de3ee9b843beeac5a68c4484e4f1d9882c6e,1
0x7441f6c6bc5f3d15aeac622e7cb5a2a6015db8b5,1
0xb8450268e5dc5fa5f32f69bcd4a821bc78c6e441,1
0xdbe0d511a71c100109a6b7a9f35fd30762530da0,1
0xc9aa162b88d09a491b23c38b23faaaf3dac96585,1
0x6363c4959cd23c81713ca8115e217f94681f9fb9,1
0xd450749eb0e0d8f8b76957d5ef32f4964864cdd3,1
0x8a502933d2bae32387d78b709b7f0096e95f9902,1
0xd49104662583e1928daa8758b0cb3d4153c95096,1
0x0db2678c48798ec98143a91a353655c29a5e0053,1
0x85c398a3db674e1cc71b8cf506dde3fce29cdfd9,1
0xd5e970565686bc05f00a108a03359f21b44fe684,1
0x9b469d71b7808a1f0232db2820c3009d099b3d95,1
0x55a75b6dab623ab4699fa18b7d11d3d4671de63c,1
0x55971aa2395b24e4c69123e56084b36a47fb06b7,1
0xf271fe71b4e09f2c14b7c0022092bf0acc8479ff,1
0x331fe9f06431aaacc26b7253f1f046310ab7063c,1
0xe9b03b9efe6bff4b05ad8c22a1ead469be12027b,1
0x13c431ee2c95d5dcf5a0e7f73a795f4d2aa0ff48,1
0x29cdf826364c2943fc9352eac31c1c5067661239,1
0x8fd8ae51f56c9251d6f4d9a437672df7ee073962,1
0x08cf6476ea0f7f1fecc3b10468039fa3cb7369b2,1
0xa23b29a98f63f8c874634c0f94e9c0d2022edaa0,1
0x2aec8ebf681fa91bd132e43a88be49600ccdd7c6,1
0xe6db5b431fae17be954c59b2e9bc81d08da1012b,1
0x252d1bf33da23783f114910d498f5c15d4fcef27,1
0x9e39b7a0cf886a10531e265e67ce187819e04631,1
0x34de6460a9eb7e26aabb0a997697b8553d5d5c7b,1
0x20b1eae10c9a44ad80cdcf6e8a704c14de156186,1
0xc45485d77e0a92245d69986cf25ddf9780f118c8,1
0x8bad300481eccee9d8fbe56a1f155843a987e781,1
0x7d2e36a8cb60a9ff9f36fe1df385bdd5de6d4d62,1
0x89f22acfa3a1970ccdfc73d3db80d0d09cddc48b,1
0x1466db7ec1fa31307df8a34641e0c3ed835a0909,1
0x3d636eb2487d58361f648df142c3ea5bcba78e37,1
0xd08827a4c1211e9c3f92466ccbea97f8f5c5d7d4,1
0xd9996492fcab978ad66c7332daa0429d29e552fe,1
0x11b2860cc35bed475b01f0a1fcc2b6a999543073,1
0x0d381915969d9de85bc692d1ee45d567e8aae99c,1
0x21b2d04c6a9bfeb78ce503eb20821895af691de5,1
0x421709cc01d36251cb35ab6e38fd2bc604a4fa79,1
0x0cdea3f5da7bfe1fc1ae91e47768c58c6735e963,1
0xd576297030b765e602fa3f7d07a475aa91883199,1
0x62be68c15c56cd1c1ea08e15a4c030d4caff1a90,1
0xdc5cf6a1a8fd504c42ac64bd312f83a57c0fe986,1
0xa792dde43be984e3630719ed5154bef01b41c6aa,1
0xa151d7c51c1c45fa9479f62f26837829d6a2a50b,1
0xdd00c0b35cc8a663ee630c8a01268b590567353a,1
0x314c69bd3ed24289cbd642127d936c0b880d8a6c,1
0x99da39af135bbd369c034c3c83ac8534f71cfa92,1
0xd5dc41443a66ff10f4cf25010c25045e7cfb96ab,1
0x865568b596123b19cf04faadb397fc674e923cfa,1
0xed0a0cb939054b1e994b8dbc54718af744860c71,1
0x1dd3c04384d9b00f2ddc5a0908fae0078cb2b253,1
0x740e80640e3bc5008346d34addd2194efb2ccf04,1
0x82b3ca16850198009187d72a2c0027299d5ea1d3,1
0x0bdc3d652d3c28959482225853926bd931067550,1
0x9159dec1ab7388484fd992a2692730bb3f20e12a,1
0x3a4bfe179f2d259e0e35f67f99c13484476ea2ab,1
0x33922d8ee4b3049c9784d6b5d8f397f481b98802,1
0xfcd7b93a7b3f4f1276f1e89b63d22f1ef4b4bf37,1
0x38b42070f592dd193797ea6da981557ec52ba19e,1
0x82a79d9ac25879fbf8776eac600262adaefa30cc,1
0x5afe70bbcc49e3034b1d76ae6f28874471710ae4,1
0xa1c6c1dbbdd50998474e2c8c527dc23be1c0c296,1
0xb7fb3aa0cb899798cfb2c5123953a0d31a83f736,1
0xd69969358d1ca6725aeb659e8e842b7bee5d2a17,1
0x373b6573e0399af2b0b0b074e06a9cef68ef9128,1
0x4aab736c9612405951da2e8ff76083a3f69368a4,1
0xafb22c881b9278c10d342f13092f8ea3663b1f09,1
0xbc3b4aacbf41d05a4d058f13956c132e906d4b41,1
0x3a0d5c9b8528fe63c7e2fe8957f81f0826704946,1
0xfed9a483565013f9495bf30857376b1c848e8dd4,1
0x9e444333bce9b5784559835e8a8514ab85b546c1,1
0x4d5e44fcfe17a67724b5a3a0a76ea391d54d91b9,1
0x962d5192a387fd3e114da1c82180ed0ea8d7060c,1
0x4b9c384a5aeefbee974eebf469d443a356927646,1
0x460b61bc1eebe709cd302b685e62df3ef712e812,1
0xf3fd9b758378bf2e34ad101862ad5efc828802ec,1
0xde23d3d82765b670b55a685b2957cf9e8c577eb4,1
0xe924e8ecd6d8625082eb7f034baf5f0b56761ee7,1
0x0cdd38451ac683f1065af09ecfb6296077e19be5,1
0x59381ebe49274671983568269dec3eb8d1e3f519,1
0xcbc0337a3955d270cf3b49733a9c03d0af06dc29,1
0x787bf4a73723c8071d3599a346325232b4bbc11c,1
0xd166f7e18b2eea1ab7b03df5d38d9753cb22d1d3,1
0x89f982eefff6e6cd8e4f4dca6d290a6d6208c291,1
0xbd6239c56a7127cd583b10ed460c4e73bc91b866,1
0xcfa7ab9ae3ca70a754e4aa6af2e938a24152dd75,1
0x111111111985267d862c25b892dba279a7330a00,1
0x3177ce93056a645d58aa2f70b1cefab943fe5416,1
0x998e7d3a9fa2bc32ee10ed4905e11ef1a411035f,1
0x83faadfc26a468e2933bbfc32074553b529ae481,1
0x47241a8dba9ff900392577e98e98b6b57d6a6886,1
0x7a071330ec0b95f626000fdf9a851c9922afd659,1
0x9656cd0c442f6ada0801335514b8542a5ae1f2aa,1
0x42787a9dafb412ffd309da500cb3f0defab82052,1
0x63de20938cd4a10c382ee6c6ae5b4864428948b9,1
0x99c1905b9ac3cc2e3cc9b6de89642741f5b47bd9,1
0x4ddfeaec1664a0c6e2d4122047b5519652400670,1
0x67efeb1df3fb0e0461c4e4d8018b32fc73006215,1
0xe9b8f149e5d117531e762005a5d6c844b6bf1f2c,1
0x66b2fd59c034ada3e2437228910ffb09870a3e67,1
0x8a2edc42ed5759f7893e9d3ef386982320cbd291,1
0x3d4d64c5ad0b4fd98e48c4d88f765c1d34a82721,1
0x2732f7834d5de10b0c56d0d1d4223b053b704148,1
0xf02da6a92f06bdb48494d5c9e63e8dc35a9d6827,1
0xaa372c9bb070c1bf45c71f44a6ea4473a601f1c3,1
0x5fb78ff38fbc5987397a5e45542593cf9b7db569,1
0x9b251e060d403805e70955de640cd57a772ad85e,1
0x0c057aab3ecca2bee6927b07558fc4a757dbcf2a,1
0x1317e00095313c3d297e8d16dd5835dd4f2cc602,1
0xaa0528bb5a691939483be6435a38da7cf1c289b5,1
0x98ef0b4fb76ebe598bf6acf7026e07d6cc03bc5b,1
0x0d0d4e5ffbf188d6217840f6d6ffb14590454937,1
0xa3cab16d85bfd71b13dc3ddfb2643c949049fe05,1
0x2ccbc1b7a73382a57f2e19a79be19bc8d9863e96,1
0xd6c01f4b14250bdc31c93eba5219c397156ed32a,1
0xb40bd142db1b8ee92b1baf90264e21d6fcd5b7c3,1
0x70d6cf42f40f682e3d1c4b42298288e22f9d9303,1
0xe52da775affbe83acc6814dbe4a18c8a58161aad,1
0x3c638e9a109598a900296cb5435a1f9b62f03646,1
0x64384b90c7c71e7aa496fac18e6579f5228d3248,1
0x4b15411a6033a379bc0dbe24adeff7eba319f9a1,1
0xe9bb8472bbafd1d6cf01341c2dd61c341cb19ed4,1
0x43e58bc5a519d1cd3f7dd74d204bfd385efc951c,1
0x15c4f1c545b409423ac11051ab11d23c2f01c99c,1
0x360128bc19ee97de33833400906dac2dc3aaf354,1
0x83512127d104047a47b35a6210df3f706094ad52,1
0x181777a35f0e206c0768c12ace56e8c285911433,1
0x194f43f1c0df7078fb1d36bd9447c97b362eb7d9,1
0x4d39515136ebe55d8bdcfdc25c7159a6e82aa971,1
0x94a85ef7880d9a456180dfb598733db9bb5bdcdc,1
0x027f2c0fecd5b41f3d9617de8d1c4ce69a336e12,1
0x92625c44ef7ac5908145bb5a71f276512e1504ce,1
0xcb3319d93970c825f05f79741304719210205f9c,1
0x3d34f9f541ad288bf65c7f8521d8d9651ade319a,1
0xe26d18de473736ae45be8043185bc7a5c19f2d93,1
0x68504a6083e78d58f62ab40316b386341b1db2ac,1
0x6504c0f742020e3fc893b0a9cd7f20a25da3fc91,1
0x8e26621ff3d8005301083fef466f6cf2544c0930,1
0x2f64bf782afd091b29da5edb683371f1be2f764c,1
0x27701e8a49067675e4dbaeff966f7b1f21ee669c,1
0x3fde1cb6ce03387e1bbf753e940c62f3c4876470,1
0x72e2b17a68896642b434d6debdb4c853edaf3634,1
0x2c38fe5cdd6d24e11eea2283ab87c074b786193b,1
0xd7ba240d14d261c5a91ad61cace068a622c2e15d,1
0xfc433a8b9988ae6c0351efa13addec2b47944631,1
0x739534adde5341bd8e61092caea1175c5a55629a,1
0x8b4e9dd6cad96e91b35100b723b259ead872ff83,1
0x4ef3aa1242d762dc9882e680329e79907f5f0bb8,1
0xeb153bb288ee31a6d6552bff41e048c56efd8e39,1
0xfd6e7c0ad4c033e9fbf3ddb7dfd6c4f45d9153a6,1
0x0f5a9763e19ae66fa63d29945836b0da6cd45028,1
0x91fde779e5b350x91fde779e5b3583143368fa44,1
0x348943221a004de557795a1564d774a0357d3b1b,1
0xdd3ba7235d79775774a7d37b9770c8e69f35c796,1
0x96f1ed3860ed295cc9e524796fe9109216a8112d,1
0xa5d6643fd56f5e8cebc898ca4f31d2a3798524a8,1
0x11e95f016cf2def1cc86911d758656fc93ef62bf,1
0xbb6f9d1c2cc4535bcc98f66d973d0f21fa6dc414,1
0x8010d9793b699ceb2aff0e94f3d045ce54278b15,1
0x79000f1d72a20cfde9d667a6d9db458163375ee8,1
0xb4cc43b45341c88ea5027992683e2a9cfbfacce3,1
0xb796fb1eb99205c8b41bc56be8feb26128540d25,1
0x6dbb7e4c3800a255c2cae29a43cd1ccd2300450d,1
0x91304abfadef5e03b1f432b11ba81405d9aa600a,1
0x62267e9a5388a4af98dbd67fe72e7ed4ca2d0f25,1
0x35a379767fd93003d6bf5cc8ae6ecaf3c32107b4,1
0xdfe33af9aeb60478f6913f15b71e9d5cf3ad5357,1
0x33559f469b3a477eee95d594973ebd0b24a6db24,1
0x9a1f1477b5cba834242ea682b8d220d042cd0a55,1
0xb3114f611b6588c87b7d93cec12f01aff4ea6b50,1
0xfda510a8fcad3fdc40a19f0332a031db95d74a31,1
0xcc562b75d4c86218e5215adaab5a8784883bd76c,1
0x198c3e55f12bc6a9ae5f63aaeffcb77d98cd73f3,1
0x9330550e1018fd1b1b53b077e3898972a1963ae0,1
0xc01ccccc81b5b33022fcb5fec52d1f5fe90281bb,1
0x8afc761f52d0b9fb91a2e9c9da2f69a31af9a187,1
0x327d6e667699f7177222b6bc073f95656ff62c13,1
0x1a04a21ebc96b20edff8b78372265d0d3b5f2bff,1
0x69720605151e6966b660b30105cf84356301193c,1
0x88c82fc49a09c263a2743c94dedf3b3e041bfee4,1
0x1a4eb3f8eb206194c4b81088f57a9463db37106b,1
0x8a05598dc7caf0b0554c7b594ab16d1d262ef8d5,1
0xc0a9fd6b5e9f46da395dc61fff2f9b5be7e0ff41,1
0xeca1123491909e8c9d9d0ae1f753f0d7dca4c135,1
0xc63a92de85bb71af2acf9645daa67e7c38da117e,1
0xf560b746804a6c1bd3772f52804fdd20f0b27bd8,1
0xf52c311b3cd1a47f81046a147b93cb24100192af,1
0xca91261486d0c2f9eb4a7e19784ab558c9fef64a,1
0x94c5786c941c45b9558dec6bfc9a59e9fcde3eb6,1
0x82f6f9e103f1507c593fa23c9ff68bf5b11af83b,1
0xe6705116ef1249e10a53b96ac27ce6d3f1ef5b46,1
0xc7f4ae47dfd07bf6570e1b5b5e12fd8db203c2d8,1
0x92729004ae9f1674de31ee026e3c835c7e327fde,1
0x98989b5f8fdacfc3d72e5ec7d94e34e8a95b6464,1
0x4ddbd95228ccc995098ce067b0079c5d4b7c55ab,1
0x40175ec0556579cfc91bd7183314a8e9dbf2b334,1
0x9c07292da7d490a55ab06cf872696c9d21366bf7,1
0x548be6667e92e742dbd852662349ae74bb39a215,1
0x3d6789f7f939af48f4e71cac95a2e9570a1af03d,1
0x99fe415cc5cc9cd8ec2c65ca5ee049a3ac68f0ca,1
0x78037666829dc657ecc0d64ed7fe0a8c5858d5ff,1
0x66818d373b02ac334d2be24bc72df534198bb415,1
0xf7f7d191c1b6f334e9dca906962e77d77d9d0808,1
0x2da55bf3af0a0e48d958661e64db4fa254b71d2a,1
0x820a1fa1882906b368bb35fd13e17e8fa9d89325,1
0x9557adafcb6773ab4ff2991f37bca827310bd59a,1
0x601226cc116e88d3e858edd681963543a624e3e2,1
0x99c45ca7d61a22345aa7d564b12cafb44bf4b093,1
0x4ca8a9f47cc2abed5685747b8510ed5d713c7a83,1
0x009cee532e73ef20832fdaa259a6d0c80106dfd8,1
0x4999ec56a923a4c25098fdfb48d170b4e5628e65,1
0x2c0383afc71a362e07e4ff673af284948b8abe2f,1
0x76ec97daca034e5babd29009f5adbf6065f289b6,1
0x6ebacad601decdb4197312662374e0e1bac1edb6,1
0x05cba753f6eb12883817f7b6d172a50389cfa501,1
0xe34e658f26e48ec8aea60b1c356b3a8f791e38fd,1
0x664b2991409943c5f3cbca944c73d56ef393a4c1,1
0x5797e3f48e48655b7ae27358eeeb422c925ef2fe,1
0x31a44296485a9001d6f7aba6a7531437fb584405,1
0xdf80745a246dbf6b928e3a3c442e37b773a70145,1
0xaa46e8a877b70755f81f438953df3e19b6146f32,1
0x7c69abd9f0798ae968e20cfad91dc695b0c29247,1
0x7a7a2003ab5706818458854086fb2666583be5fa,1
0x4539e54688016dbce3198d99a56dd10ffd8d176e,1
0x2ea635f3fbd75fa29eb7b92772f3f5c5395e5760,1
0xf7f325742b493c2a2eb5ada7a9ca8aab27a6d55a,1
0x1d354d343f546b16d5eb44f674d637a03b672f92,1
0xaa68e429319d065ce9fd5842497a8dbec786075a,1
0xf1d2f45110316688c197be1af3aa1ac4cc18cd9f,1
0x23ff095cce591d705860c20a53f90b9adc222209,1
0xf894b05939599c25cdd3e158111f174abdbfc469,1
0xce151f1226aa865a9fc4d1ca7ff7ec9175629309,1
0x335ffe20535c051bf69619ad2a9ad11b1b1307d7,1
0xe4fa8384631cdeff60dbbee8dd9ac25ac644e2e5,1
0x6817a039c351e978ad1ae73d2f39c8561440ee4b,1
0xa0710d6b75f7174ac09b145458e41a76d6d59f2f,1
0xf6a68ff591d5d4565b34cd1b4bcb86d90d13a3e3,1
0x8d62fe96613b294382e040e5e71a3b3cd07aaa46,1
0x42c07af1246fb2d1b8a95e6cc697dd9297ae15ab,1
0xcd62bccd1f7f9e1ab6eca9cb961dadc50fcea227,1
0x39cb9cfc9086e0a788e10fd63f215fe674fb9724,1
0x9bc8c8fada522fb6398328c4757ed03ad6f54f41,1
0x669631c715f098b78660fec726a7e5a25499ddc8,1
0x864e61e01c3fdeca1292207fb1ffca6e27e13199,1
0xc5a85b60c2015d6be77fa5191f638f497a0123eb,1
0x17980a378f922967c94fc5280610baf0d44cf799,1
0x8e520abd10b6ef0bf77589cbc99f6010e143b028,1
0x1fdcc98925d68f7672cc5b19afa1360aca54e5f1,1
0xaa72ea81a05049d716e863c9a67175df672b5686,1
0x484de4001153f55f5ce80d973523b76d2866d1a1,1
0x1c3acb68d71b7bc45862b6576ad48ade99157774,1
0x674b8e2bba97780d97a39919d12700f4a314c051,1
0xeee5aa693f4fe8ddfb1dc3efa0b587db14014567,1
0x525327454f2c07a2539f2aba0238b11f41793f90,1
0x97bd570809cbb40b96d933f1d6155deb074c7000,1
0x17f5f067958e7e24f94853b40e3abe968943edb2,1
0xcc886621a5aa8381774f045eff444b376989eda2,1
0xb8481f328ae0547089585510902ae585c79f7d24,1
0x0e86e604ce320e0a227b748d62c5ec4523825e3f,1
0xdd924732cad2b4b0ce1812e28243f8d2f2654fd0,1
0xcf996ea7a49d793196f11d93e964e003ec389a9c,1
0xa1f6b12e8bb86f8b1bee97ddc4e1d940417e6726,1
0x4c0f108261cce4527cd4c9c960d1796bf8e82987,1
0x98349f9cc9a5a512d6d4c7893ac02d87b33b9881,1
0xba12615b0522542bba3e10f468e0f38465de95cf,1
0xd04cb096dd687387d3626b298edb781858b70c66,1
0xa3ac1aa03e46d2f987a7e5a6e621ece0c526b29f,1
0x6212423b7c0988474863b7541e4e0e78300a0870,1
0xba364ccfc8ae8152034eb0ef87cba2f00496247d,1
0x7cade203fab8900db0b8d9e7f8eba903011815ed,1
0xf5f02f1a87cdade3d2afcf576dff5798a64058e7,1
0x63221fc8a39ce26015c675aaa6d7b40091fed7ee,1
0x7c7c43dcb9397e4ed6cd59e6d254916c7a44d63e,1
0xbd319ad25069e82bf449a40e419d3a738ff97691,1
0x1070203c3f1e07200d6fca2dd4d7a8b61c0979d0,1
0xe1f488bf672582999ce9a51a0d5d3423f45ba49c,1
0x9152d35e06409bc8e7a02fdf8cdc5f29d79eba5c,1
0x62dbea25c908f84b78d7ead342bc6c40c92d1f97,1
0xe863e860de724c2ade6651f5b7f3aa373f7e9306,1
0x99cc55f6b33b7d70ebdb0ff6d14eb56aaf3487ce,1
0x2cf4b26990d30d6adb7df30e7f9ea976da319d3e,1
0xa533eccf51ef422a0ea0a48207f705d3a9d5ebab,1
0xf1cc1248f8dc5c40ef4ed25bdeb7fe77625fbb0f,1
0x042c95c0d4a5e139edb4c8da128702fc72682b91,1
0xa71c2d7950f9f7450c7539ffa8e43c4633a88dc2,1
0x9f6020297a3ad9eb18f053938831b42783cfb4dd,1
0x583eac77322c7d0d7bb381938ebd0eba978380e0,1
0xf6425a2f3be9d9845cf1566dd22308d5c5111f59,1
0xee782305f44ef78dc78bc77fd0ffc9a719f422a8,1
0xe34923927c6a7532137d38ffe9b003ea12544c72,1
0x488dc354b35a9687caa6ef26aaf2e3f6f01068b9,1
0xc5f10ca27bdd7a47997dc5a61c8d8c33fc5f78c0,1
0x31642748c776298c47fb4d33351ccfdbf22ecdd5,1
0x59a08b67c3d3f6fc911836a3c7eb4dadb709be55,1
0xe84bfdfb5d1c8d16b47fc6878cfa92429b661a47,1
0xac2cba88bb38ec2951c636dafb9b1b485be7c79a,1
0x49ea49ccf52de30877b5ff6bf55ec810fab95a06,1
0x0e354f42370357b39884a7e833c710e282b54818,1
0xb46e25d7284d5a12945e7318d9aed8a6fcd2c986,1
0xa66c7e79ee7d1a1aea880207107625a5edec8162,1
0x2d7d1e4c89a0a2bfb4a4a7dde09bd3054f3d4e3f,1
0x5bf096dbe20acf093f7d8da5528cbb77ccb3475d,1
0xd6091a6335e974e67fab6b7ec4aa4878afd75707,1
0xbb9e36b0943be20f4190fb1835d943d03526fea6,1
0x01ebdf2c88bb2ff0d665b4c3a884ae2ff9d1d874,1
0x3357b72b6467f2a74ea6b23173de8da513d38b5d,1
0x0b515e30917e2cb99387f78fd1d6586c42d0d68b,1
0xfae640ec58e5b28ceb3c602c5c31d694d32a1113,1
0x6fc54967aa9fc8d722a773e60d721843b1f5aba2,1
0x1b30b85bceda2b749bcec71dcf290b89a621d6bb,1
0xc461262393bc6a8dfe7ffd86ff996812dd94195f,1
0xd40ed4142b179443d35de191afc0303895667fd7,1
0xb21f2d9dffd2634ba05ecc27cb626918bdec6fe5,1
0xe3e54d7191dae38d4af7a71d2ca12c7d42466b61,1
0x97b71f2bf8c0913063753748de88543797c884c3,1
0xc7b0f183b232e0b15c81eff18d3511f7fef628a0,1
0x201e57396bb1a720cddb0b0f03881cf5f0c90a72,1
0xae8387ac38d63fd5b2b5c77e6b7ae7c281a586db,1
0x801c8a06defc6642591634a9665193356e47b64f,1
0xd671300f44336d37ba9d27a44b8a508bf9904ae5,1
0x9688574cf1481950ae6201cbe5f6a9ae5a97cedd,1
0x44bb394a300c0785d80ce8cbc9458330f623bbbb,1
0x1c23b2f50f2805c1d44ca4a2de1665b8cce56951,1
0xcaed8616b1542b35019ce1f4be18fb927b828058,1
0xc4d3bb4a23b99e05fda5c8c8a93f1a913d7c500f,1
0x5988ec415c10342c8cdbe1e74019e5a4fcd8b220,1
0x568dd376fd08d93cc5279ed5f5804e2e84663a2f,1
0xde691f3d1fe01f7a6654754461733e5e648289c5,1
0x8491a66d6447802338c68f4e2fd84df679b7e4ca,1
0x5e45df5c1476db6a9e03b7c9e0863faddac49767,1
0x54669322df057561171063180df7f2e62c63babc,1
0x39623abfc2843b0038cfecc99468195561bc356c,1
0x487226e99f143a33c5cff4e18c04376db8e67420,1
0x58297de8f2d7fa0ccffcdd6deb152886be954205,1
0x50f21460496ce68f302f5a22c7d5a5ac2e075456,1
0xd18c6227453ac2fa318b2c0a94a31182c10d7145,1
0x06ea43edf311f5eae88e09fd5329500b986e7282,1
0x44478c67f6857b139d113ad18934e89bac9daec8,1
0x61569c97f9e8ac0ea85960bec4d2a66ff85a52fd,1
0x4eea1c67a8a3cbfa53fe88b7b120efa38f8c5cd5,1
0xeb8c67191c6c09c0b40191f51b3484907a63fc22,1
0x7f68a87f1ed1e855d4fe005c0510fc3f0d1423e9,1
0x4d27857c41e0087c0121701f80a32f66575e710a,1
0xbbb8d0e81b47d8f8e3fb5d2a1cde8b0a73aedffd,1
0x137fad00b725bd5ae02558b48398252d4f3e89a0,1
0x65ef77bb20593f65a95be98ebd12e11a642e3c27,1
0x1487046ae88d8bc787b8fc6fbeca6a8294eb8b71,1
0xb54a01c195bc9216b3531e7316ff0eaa426c3102,1
0x7f25a10c56ba454313d3b5fcf24ca194a0ccea59,1
0x540c6f0f5090e276afcb8591f3914cd7753848bd,1
0xe0e576c42ef16a360fdc7155f15da67b3c6d340b,1
0x2b57c5c630a49b72bbc6ba3888d56f8c92c3ad0c,1
0x3eafc13bddbc277cfc3ee90f0bd6e817803bef9b,1
0x097de8c68f0988d0b95b0c2f848e3165e1cb6a8f,1
0x904179bd0b2e7919f263ed7e17a02079703d450d,1
0x13168600034f1b92951cdfc444c3663ee595a4c1,1
0xea2fc2ed571daf216cd30fdd71f310109d6bb318,1
0x7c5c9b53f92aaedcd70aafedb36aa9f78b0f7a67,1
0x8f5b007dbe29b5875ec57220ac89718865944c49,1
0x2e66ef4da7e1a58122a56b1166f81bbd66f814d9,1
0xc0b4b66e8f0adb5f6dd9e2a3da4b0cc481b7e158,1
0xb31f8b445eead72e519832a3984441494e91f80a,1
0xd4bff2e49d13ae2fe47f6d5f5611b1d0499a8d31,1
0x9ec5fceb76b0bcb2f8277ef703f546e2d8a72be6,1
0xe527f8eb96cf7ac7b69268e4a343ac2db7530fb7,1
0x7864f6c9b0f22ec5c806cd36444f3422d36a0183,1
0xed3f32ce9bdddc3341d78fa2e5286054d0d5e8b1,1
0xecfe3d1898cc508657cd032f6c41f5af0cefbae2,1
0xf1ef8477bbdfc733b54fc66bf91114867b130272,1
0x743463484f0bb568732f6271debb6dc1c55b6331,1
0x9479b179b6876f3c60be4179cbe3321a1d119a10,1
0xa97dc18fe0223b4890590f143458493d1c4e3355,1
0x537e8e386340e6f582d9e93460bcf01a7985b0db,1
0xa8dca5e4faca761568e1ccd9556c86d08ac8562d,1
0xba79f47880226d579ef98c0564c50e633bb1e6e2,1
0x9551d28c87ca8006416a959bf014272c9338c19c,1
0x54c6f60541593c44aa915314ad264080f77a64cb,1
0x952087f12742751d0238f32616de14d6002c0c51,1
0xa3677098bbef70f1bd4b2fcdff435bd6762374fa,1
0x229fe9fbc1ed1a4b41f262d4109d5582ce786a88,1
0x1a3f54016a9701d9338a06088e7ced73e2fcbffc,1
0x394b070f24fd830e38f4ed40ae6b13eafea5670d,1
0x48aaa221eb244095a75c02e12cac893f9fa41643,1
0x894572e3719da207515b5a177efb05b525c6151c,1
0xadc034428235cc2635d998d75a2a3034bd14bce5,1
0xda3d184ba9ce168efc779427a0daaa1895dc6d27,1
0xfd8f740a78ff3007b1c036a6adb56a68373aad79,1
0x1bb6861015b6cb74c3d01857a302b5b393adb075,1
0x22c35e6a0036772849ddfee4a534c933d771f770,1
0x9f453be6c7d9221f14239167034bc36a890851a9,1
0xb5bede296e239a0963bf0a71aa737770e7474543,1
0xe10525257b32ddfdfd516549efa4d94b573f2434,1
0x9d5dedfa8bc87b12a04eefb77af411250e389245,1
0x99110691101da801566765eaecd558e11676793c,1
0x8ac2f66c7f01902dffb4c5a5262fc55e6018c311,1
0xf251ecc3e9df0e7ba17fd54ce5837a1ec96dd7bc,1
0x73d6d914339c9f5b17e938f8612ccc58ebb45ff9,1
0xba52357d65d56e60c30c3b40702049d114022d46,1
0xa805f8fbe07e7cfcd19d5bbcd46f1495bc4956ee,1
0xcb4cd3177170adffcd386d79691259530547bfef,1
0xd7601b03d304c78a4377ffc15afb54beb3baa85a,1
0x1036a290dd1429564fa3a7e430d65087cdfbfe95,1
0x49084a8d580abf62af75cf87b9bf4dca66c26558,1
0xf7d9dc806261494784d7696b02d5773d011e9249,1
0xe7e259f256c2a9b488ba0824b5f682e7cda37a5c,1
0xea15497e6c4407f9a8b7d7848b0d0309811540a0,1
0x4a59e4d10dd3a65da2f10397256623d5c457a53f,1
0xf66cc136db641e7cf45f4b6cc150de23d52d2d81,1
0x7066dcb3c055ba088662635215a9202c8f18417a,1
0xae79264f5c407f28dfd99a8d78bffdb73e125e94,1
0xe278b1dceef9060970fd127b8ae448fe5f8a1891,1
0x545419983ba9005f11e94ce9a5526ad4d3db924e,1
0x1add9e5e0dc89710f28c606c71c9e717dd6a67c1,1
0x0eae67df2832167b01babfa044cab1793fe2723c,1
0xca95adc9189d5a0dc648244668b780e3007215e8,1
0x20871645f5663c4ac8a3c240675df2396d568460,1
0xfc7842d80a0b42c0a43e329e7f7a2ff6cb851ea7,1
0xded6b3573f61fd587a5db57bf096c050b1143177,1
0x8af3d7e94e2f17efb073dce8531c20d8ec6cad53,1
0xd8a072047ccaac057ebacebe6849e9bafd516dd3,1
0x6a88f74d4dd950a59be2823b8e284c19d50e07fc,1
0x3d89bd549cb2415d970533ad99cca70715f7a63d,1
0xd5a2b2217a93cd01a039038352c33e87b5ff951e,1
0x6b2b290543f58acce4a16c089171eceb762ddd23,1
0x0294b2523829ea287a8aa9e7e85f5dc48c221174,1
0x992aa4ca89e9adbb8d9b662c0591198419b2230e,1
0xa8c842034b72f2afdda6c4cca4a385c92df4e986,1
0x0000fdc9f77e5386f260501c34a4a93314ccba2e,1
0x15e2df3b18385021eaad8e956c12a88838c85d07,1
0xe2ce11ed48850c98800fc9435dc6e3e9d13eaf45,1
0x9198dfd2914cde6470080bba5d56219a767de826,1
0xe08ce778ef1127639243f53f4c45844595876dbc,1
0x1936b538375043b4f8c32668e490bfc107ca0ae4,1
0x987ec610bf42af0baf55311859aa690e5f038dc5,1
0x2f65f7a04a22dbaf8126ba1ad12c821fbd5733ca,1
0x1d15f5df593e6eff609530ab3e6e0eeb41e6aba8,1
0x32b8670bbabfe32e25f5873eea5dc3cf7dc1cb68,1
0xc53afd3baeddf80ecb6d5cee24ac797e0206481d,1
0xa285ff0647d0c6a766f8a6616aa6cfdc706eab4d,1
0x9ff32ab650c7fce6e268ca68880ec33be48066cd,1
0xddf3a7675716ef991d876264bf6134eae8c63c39,1
0x508e116425b23eeb12cea556a0e2d3eaaf1ce946,1
0x74d1b9b81617e124371fc2b3cdfaea9047150084,1
0x794ac564d2f7b6e4d5f79f0664cccd79d59c11db,1
0xc017c97ca89ad18ba175aa984b189d6801f60a50,1
0x0000009c6437ff3d602759c36e546a7aad8034f7,1
0x2cc3e4f149dc5f82de67a8e7b81ac8a605962d82,1
0x5b03a443395986572db0b8357104c1921846ad63,1
0x298afed99cef993ef5f5915a76f363120f1e8307,1
0x36fcc39081773d8f8783dda9dfa0c1bff24d76f1,1
0x251bc9607f5098bb954942731136323664d8829d,1
0xb42b852646ea9a8cb10fad4958dfa929780bd836,1
0xfeffe3bf194a042d61e179d3ea6c13d5c646ca3f,1
0x82d67b868fd94cc948bdb24be7373b052876d8ed,1
0xec670a7baad0186d39e0f50d4315ab1252d8adbc,1
0xb171194337779e5885e76fb7bde96117ea286c02,1
0x271933d1daffec39e1e8c805dbaff4e10ecd00bb,1
0x32e2b6e8141a3e49db69e4632f413eaa546d2d1a,1
0xbe9009efa1bc5a7b1ad549bfc0cdf77b5ade967c,1
0xf27961189030ca612d8e694f322bd969e46a768d,1
0x80053046528d8b004eb34706ed1356f7cf6b8fd4,1
0x3327eda7b6e2d51477a5132c42d66ddec626340c,1
0xecfbc7135c3596788d9a1cbf097a5e287f9760e6,1
0x8b0a1f7f431d1bb95aa67d790645d157a3dcd2cf,1
0x3b20c7568269f566c01f5462476400723480782a,1
0x548b0a54458e342483432de13e96dc7eed962596,1
0x5e3ab2098dd6ef9c870c818c95f124235a03d99e,1
0x4406d8c657ed3a6de47eba674a75c1702ab77c53,1
0x3b2c418b2f2634f61d901d5d487e44116434e650,1
0x5e7dfa90fb03804a944a629c898462308c687a84,1
0x976c85ad3f7a81f0c2be7af69c9b03579774630c,1
0xbe0973fc9c1b1f9b6e7396d56c0c6237043d2d6e,1
0x4024c5268359f091f57b735889fcbb4d930944dc,1
0xdf4fcaff2233a58535b670ecacfc354ac8966174,1
0xa2d6c81aea38f3522272470ae2500c6a35877ee5,1
0xa4fc0a633ce58a83dbf6b94d7f5956b5f73e64c7,1
0x4fccc7c4f86847f5d15358dbaa540b25b9d76a78,1
0x4e6700bf44389417d910d622db9caa3c01cabc18,1
0x1c5e26836cd137bd645be6cfa9f21db120408ae0,1
0x99ea3927020c8c1e37c2ba57c57c9af7c48add81,1
0x5c83b048229536e69e58ad04f61afadbb693ac76,1
0xf400a7724e882decc419f23409079c6d09ccd9dc,1
0xde770ed47efe294d7e85ff2af46ff3c83dc2c4b9,1
0x84117d051ce30fb288949add89cccf3a3e7d64c2,1
0x346d9b53bf0c90ed97f3324ba6037a33a2c20c60,1
0xd545011a2e6d3c529b622c72c26eae6e47376337,1
0x29431b4faee63881b4eab6663d35585dea20c8c6,1
0xe57731084d7020d390bfdc29b906b84f260a24c1,1
0xbae73d4746a0f8d83dd1993ca034e03d7e59ad18,1
0x9635bcc0e4845126fdb133de103d1f84da3f9ece,1
0x26b785aac38eb72d4a9c903b2b97f858d06b77b9,1
0xf27e41c59f367736b8599d2f0067fe10634f8dad,1
0x9578bc4908ae41a6cb81d0b5d0ad23098bbee357,1
0x354be9e64769aa2b6ce65571b135e4593fbc77bb,1
0x00beea7314cac43ac605c64f0c97bb14cdeda0a0,1
0x1c569eed6eea715d54e8626e888a92badb570db2,1
0x1af5b0e0d7674ac3dee063e328dc6fa2c2551aab,1
0x302e77a1cf8dbc36a24c6ace7aa803ff02c94852,1
0x00001a1096a8ae611a48f8330274c85beec17f55,1
0x1d08e9241f35b5f92b0a0a50c53ff02646125110,1
0x00000000ccd193975907ddb660b4692bb4257f9f,1
0x3b7fe0369a34125782f8d3d9419284f692d41b0c,1
0x5516b783e4f0bb96c73e52dc217228f4b7910a0c,1
0xa6e378e75e45b869a220a794110369dcf0bcf459,1
0xd6334ef2c7c6d3212cd2848a82ab32452812b8b3,1
0x90349e57477744354fa36cdfbe90a13a9d9fbc38,1
0x4d285090f06d1a6c947dcb252c96f4c50d9396bb,1
0x592dfe3acaa50f20b5325f08df53af2aaa77354c,1
0xc9180b9a016a6fb042ebf4e3f67d203020bb62f8,1
0x53e4b60a45620f81e7aa913e50d6b2bdeade4a72,1
0x7060a725ee27abd900e10d08eece61eba15dec32,1
0x1685574b47fc0a65232fc0acbbe95b65054bfd60,1
0x7b76d6643c51a5f183d248d3a9c11f1480195400,1
0xde4cf945b202235e09ef579aec216c6ef57358d5,1
0x9ea5a343a2db713de8ba5c3ffc62beaf1c44df76,1
0x74449240532fd096f6284e130f164abc3bce7b8f,1
0x8db4181bef9739fd56762774bc67719526adff5a,1
0x8f910c66f88fc1817c6756a72ae361c74a3b2182,1
0x191188b5c03562ebca9d696e65601436dcfaf646,1
0x00afc545b62a58a493b33c882a46fa6bba347e50,1
0x6f5159054eed1cfdb2f722fcff3329e7504c0639,1
0x3db1230de87e2e1c04bbdd8b4032fd5819f2df76,1
0xd4b10b9e7bac9f7eb9e2e41f1f15f58044d34a2a,1
0xd8d2041152bdbaebd75c35e8f1a6083d43dfe14e,1
0xc1a7c964ac6b157160d245e64cd05a43e1cdd78e,1
0xeb5d6efe089a0466911b5ea00728744ed3212c18,1
0x216dc40c026b15e053af6c7241423e63fcf92436,1
0x88337fe86231b6ba75ff9a401ac5ea0b6536aba1,1
0x97ee4a76c055aff4697472c209487dcf85426292,1
0xc41c394a14542f9f770427588efde640d99b2e3e,1
0x756d44d80a41c46574d5cfe645907c00a2ed1a8d,1
0x988577bccd45e662c86b07121e52421785cc2dbe,1
0xf36ac4fad24f6e89a81d5c400e609e7acd7e7633,1
0x3fd564a4de0075a4e80488e3affe43f93fafb21f,1
0xc31298859aa3007658cc0da22ef20d7b700c925e,1
0x625b3f3f66bcea1fc1f3c5240512600af2236ff1,1
0x818f6e941e5af4d532b05458e474775e9ff131b7,1
0xdb45411265782debf29a7b58ab475bf75c9b19f3,1
0x00c3c2c8c9251dc09d0a505cedd98b805207e64a,1
0xca103194d7e9cde428dd8ad18a1eda3d547a71ae,1
0x177a7e67efb17e79841fea248519142a446cbcfe,1
0xac585a730dca7de9f6e262524220e88c5556320c,1
0x01408828659a24543efa39b432fdc65a94901b5f,1
0x03b3f736737a6430481e491fea657bc190ac59e6,1
0x949ec2eacbd07037a81c6df02caa30c324817b69,1
0x72cf166dfb8f06bff49eb8153b1347debbdb95c0,1
0x8f37a67b16bb9a1ebe687152c52fb7d41a2ba20b,1
0xeaca251873b3bb8cd5804485d1ed0e8f41ab908b,1
0x5710c0689d70fdae2a775a4d94d62f06e2f90298,1
0x2eb0f382abcbb4c31eb0fcfce294d2ba0eef6b07,1
0x278d79ccead22bb41ef6678cffa356a0ae4ee570,1
0xaa53261d324bd7b3a866ed1f7497b439bee22519,1
0xca8492bc26f33fc51049dc7500983bca1a2e385b,1
0x466e6b73e3dfaf7b6b8181c9a31002e1667bbb35,1
0xef76c2680c9a3af2f16bcb9f701ebcf2ee971c32,1
0x73c2795eba6b64a6f41439e1dd04cf5704e39718,1
0xb25507813d36acb4d4f7ba7c5fba11f5e2f30d17,1
0xc07867f7d69b701ad3881e55ef6a78968e21cd08,1
0x4e10fc9b4ae4f60cb58df29aea4b626a10159cd8,1
0xecf848f122fc67db08f1aafa97720d795a8edfbc,1
0x75f0b45f101e836765f552449940b39fae8fd832,1
0x7d9f2234db6797f797046fe96c5ffce39261d04b,1
0x99998eb44c69b18f7c3c49d9b3e8b2b3a3f8b466,1
0x0000083f8c6eafdcc5bded356b965f8124c724b4,1
0xb6cd62f41ace7477aa337e5b29e1632147f954c6,1
0xba4456c3b45614b2b1abf9f05cb837a3015882a2,1
0xc35ba743a995cc0ccda85bdf910166bc107fb67f,1
0xdbb9eee94964e1c483056b0ea8cc036c9af36fdf,1
0x0972c5c77ebf94f0e7deb711b47208e4db63f13e,1
0xf0447801425e70e29bcffdabbee0ce71f0570f92,1
0xa66a00bc2b9b44eb02ab37e044babea6e1f255a8,1
0x9a1b721e636a331c522b14adfafa523b34eec914,1
0xc87d51a80a0be0ea55a3cc110db71d8d27cbd003,1
0xb4e8f3a6647219ca225b86d22904c9ca604c1e73,1
0x873ff9e2513d2279f2100ae8dac1774eb801c5c4,1
0x85591e7a281b7b58679df8d6ecc1d810af6cc7ed,1
0x061bc70ee8994d5c85723d7cfe6665493840360c,1
0xf0a0e298862e0d860e0c2cd7ca5c1327bce054f1,1
0x767b5f0800b584dc96262aed811782adf76faf4d,1
0x4f774648e51f9d0d38a8d3880109cd079aaa4899,1
0xa994068624881371987dc854b10bc3454547f293,1
0xd883c20c47d432aa433f0f787855d999f017b13d,1
0xeea53cb85c0600e57f40bcf4f86605bf5091613c,1
0xef3b4c27a75aeb7d94535b84609be27d81d44737,1
0x9072f0cfe1bf41655f722783549a6043d21ba2b8,1
0xe744792ec380cd3cee24acc6bb771ab05e96909a,1
0xb3203e4e734e2e03bbd7414a8ea7662a6d524f1d,1
0x3a40a53b39d24d51d8ac40234f0663946040e020,1
0xeeb5a2c4e4e9f065160596523b591c203ff15cbf,1
0xf27b8df9cd8376ee6972ed3734664b86fff9b3a3,1
0x6870b862cf18dea220aa1756af27140f119af919,1
0x031a107671b689e84c8836e7e2b8e8f0d1ea8265,1
0xce9832634424292f9cf680e426e4ff832016b139,1
0xa863e56d6223d619cfd0ffa09dee35375358d23e,1
0x5bd4285350021ba4ad54e305e52b820fb40d717b,1
0x090367d14927c468ea149701b46b10c6b764aa79,1
0xe46e78d321a51b5d53a2ac412f89a384fe210f22,1
0xc6897c8f7adb6fc6f7ab66c24e75cb0c697c38c0,1
0x0000a50504b7e8c85bfa46f8b5f6b9377097abff,1
0x82b6e3944ba552d12e262fe5e51d96cd7cb2acb5,1
0x5d2fb2b5880477f63496cd0075c8c61a97491a6a,1
0x15b456b6b440f6ad7bed57d3dee84c2250d81a9b,1
0xdf34ffc8ab6a65fc9bb93c85450096eb24b58a45,1
0x432d199df4dee79c53a5bea50cfe57fd51805c1b,1
0x7c21108065a9cd4b0d2e075d62ed721ab2dbc08b,1
0xa97f989b29b2820df246c94297c6aaf597b225a6,1
0xb859f98a478bec92cd3847880b0019850c43fd83,1
0xf6d1e7a7588f7ed9f2f9e598560e1b8f4381be40,1
0x7b4135b69eafe7a1283dc0982e7d3caed473f0ad,1
0x36e0090d41c95fc1a346dff84cf7362cbe87651a,1
0x469fa39dd80ffaf360d391ac95db6f0589c549b5,1
0x365519f3322c6b6668a6253a7002b2b25cc41a92,1
0x1e936bae6648fda922a3bd768b839c3d71d7fc12,1
0xd5134511d25a8bfb48fd6a9825c73e320d1c636c,1
0x485667e7e86584a65f5b92848264204f431e7030,1
0xccf4c29720e94331a90174a720bdc4fed0c762c6,1
0xf25e12856b590e97c3a4cac13137cb73f03e894e,1
0x2e65d454d0f8e6c3da8a23029349e2cb5f921eb3,1
0xbf8f0b9c4d5f458f8fb932c1a8333b6f14f9e998,1
0x94f0631280fe2b98ba90e9b81228c77a2e790505,1
0xa768d8703a66f06ba398e785fba37cb39ae14e8e,1
0x5ab46f5be866383432a79da3cd13b8d014cf5804,1
0x62e2cf6e01e70e0f3dd618545d4c82aa2aaa62fd,1
0x15de656a99f0fa9f13d1692ee5b9aac54b1f1bf6,1
0xaf3daaeb88f1173037bb3bbdf82d3ef2420d4e38,1
0x676ecf3b695fa49c9d697d4a2519c8a2bbe262d9,1
0x4f672e2a5e52e1036533de6b61b30b4f2437bf9e,1
0x327d799fc1aa1e49270e7c86cb7b70c48d71fe6d,1
0x057154b534b068c324643593a16bc94ab12b3cc6,1
0xdca305c328b0918743712ad670c9c72fc384a253,1
0x036c39edf936a5f10e354c3777f3f2892354d279,1
0xc6ed1cbe4856636e86ef13b46ec2da8232802e9b,1
0xc1a70915f0522ea191e4e502edf4cdab253e27c1,1
0x302a64089ada835e59af1f17c54497380a3511b1,1
0xd3c091a094b9ef0f4c66138fc21de4b82691a108,1
0x5e375b1247bc19debc350695976e5fa7ef958097,1
0x38f152ca190c6bcbfd7da14495c1ca747e7c5e76,1
0x1493d7f7672920221d0200032bac7bcfdd628109,1
0xcfa388f71ecd6214800d7bf222f8cf74499930b9,1
0x18e77d3c57783f91e61a2637a56f8d6f028b2f83,1
0x1bfdb1e3e5b575c3effc46b39cce39fa06ec9937,1
0x0a9b0b463aa3df2cd980d406f2cbd6bcc4535398,1
0x2f6f8cb777f7511cecdc9e9ebd3d9002d1ab0e61,1
0x43bca716865c79486b08f9ebc509dd6b7372915e,1
0x15617080903ab141b4565560d1cd27f5080962aa,1
0x9a6947fee4393b0dd8b74cbf1a347b933f7973fc,1
0xd40bf510e852938b9c0dd4d898748d6023598c55,1
0xe878c61d69c9a1e3108ee19dcfe8f8aff3ed67cf,1
0x9cdb9d1a4fc592effeecb4f0684a6f8038c3ba21,1
0x775e58464cfaffb785b3659c00d4a60a8633cc68,1
0xba8496eeb61a43a2b2e52ac1842caafa8029eeb9,1
0x48fe11c19dfc5daf997ada7e09e12066e75e6d89,1
0x1f98f5deb986f37cccffcc17977a2d2c41dd63f7,1
0xed9c18fcc15c02b8b590354dd46c014c62f3dcde,1
0xda4a15e118841cc2183b827fa18bfec3ccea1445,1
0xebf5e91345343e110b06d0066cf83524f0447511,1
0x892185f3a2bed64b2f2e386b8feb2f1a4e8cb90e,1
0xbbc733dcf78675b32b193ec49f0ec67616289f1f,1
0xa79e15632d5352799bebd03998d8322246900d5e,1
0xfbb26546b301de60209863de39e0b0576193219a,1
0xc4edcc7a1e383f57aa7f737466be9050cb47255a,1
0x63c43f4e9498fcd9e2722c669d6a72df4b888fbc,1
0x975624de549ceb32f5e429e28bae7a1d12f68bbd,1
0xc15472a944e620a861fd5697d728362328831517,1
0x18043ebf53af031043b7e5df99bb1d1b50ee85df,1
0x345c863f7d135946092da7cdad5fdef1b152f249,1
0x3d0a7236cc83944159ed054c5f22102894acfa1b,1
0x93d2c526f0eb3732fb54ed5b2452dc864a51b451,1
0x0000f5017015c9bbe36d416f2635012e470393be,1
0xf256c5aae00b45bfdebc6d785a4d7fa0d36775ce,1
0xe309109f75f56c5a193f846fa2804d04f2b63721,1
0xb9c3cb33b41cf9b8ebca346a021e19dcd683befb,1
0x9ed156275dfac67f04c25aa0fc39b475a0a28cc4,1
0x56c4924fda0a46490f2135ca259e7bf1affe9b52,1
0x01c5a39ea63dfcbf62f03282a413f1d5313e98e0,1
0xe4bdd1af6a0a43d8309604af1a98018deb501eeb,1
0xb384d928b3f4534dc373067432c7fac1cf5d1723,1
0x30dd194497907aa6aa8e76126bff34d1285e42dd,1
0x7f14288899a1aaeb21058c7ec06fb39d9a08c538,1
0xf25d2277d18f1bd2258cce7e986c70cd35afb14a,1
0x4cfdfb1cc2564802be480ffbc9b07144bc1d7520,1
0x44bb88df0710a6fb3bc1e29ef4011f28ba8d822e,1
0xe39c4eae9a818aa4a57be1601031b5ee833d01bc,1
0x2b9feb9839bc42345c2c1ad5787784ee3a2ddc56,1
0x397c7f0d5def11b87c123765c571d06db2d299e3,1
0x8f01a278eb37207b5195bd88544fa820a3909a69,1
0x7ee57b78cf45e5df482afc881f2df303ddd10b36,1
0xa1bdef021e7cdbbdeb7fedb8ba9965966b13eab5,1
0xd0001b4929809f8d812c6f5d0fca3eabae182418,1
0xe1b2eb2d9ec3498bfe3b7be0cd93cdc4b6465846,1
0x2f830b0f0fe25055ac812680061c2a52831c17e9,1
0x228439b5f2ad326aeab648519d43a207f49d87f6,1
0x848dc9270d00adcf759670c5d1cee1f889666319,1
0x9143080a8962348413f0cd72f0320fec704795c8,1
0xe2342cc44efac823c3f98010ee0011917734a305,1
0x0334ae4d3a927a45a4b11cb281fce5a2b2eaf244,1
0xe0f9237e02b733c59208cecd57a041ee4051dea9,1
0x375de1cb18882d7960e9b7e7feaaf76f7a85cdc0,1
0x24ecbf88a34b549088c158def93430a3253ab46e,1
0xb528cb1c6d1e22627b41b0a29bc9675f7196278f,1
0x6ae6a4b363d3604c5e8d48f2397d6e8b2a767118,1
0x1f137c4115cd24956d5fb94ff47a3fe39ebdfa13,1
0x54d2cb8fb1646668709f8342f6cb166a901090f8,1
0x9bd44426f57cd81dd8536c1f1800fe6e704f9337,1
0x6952b5ebb2a0e691b55dc14335b19a75677a678f,1
0xb2e015753bb94e55ce6ab45dffb6c723825c61c0,1
0xddef773cea04d781f90984c05b827e7d43d6f50e,1
0x0161d8ab5b9dd0ed1026ddd337555f4a864b2b53,1
0x1162a1b4bdd0db9fff1def0a1584391ac846444f,1
0xfc9173a2c3870c510e95f9a544839237cd0d3451,1
0x9ff75c8e3e45b925aaf1b57433595c2acd6e4bb2,1
0x080c842746a57b1905402f180dbb1454eacfeaeb,1
0x2640b79cdcca6f20d0f052de0b0d75034f6aa961,1
0x82f50278f23a7c5679bede30bb050f1d60a2ad6d,1
0xfd8164542c45a77f75908f45452a8be8f19aabd0,1
0xc898c44fa6acfe5a431d20479b3c70a983b3184e,1
0x22a5076ade9b3e43494be2143e10d7785a6bff6a,1
0xb682c56028f77de30b10d43994449c280d0b2f0d,1
0xe18215436a0d06191c2973de06d6b47cc9f63689,1
0x4fc580e058f13303d31d9063c272ecd4dab0fba5,1
0xac712f61ed87f59a651a971d67eed6e958b10c43,1
0x313f3517f810990faa1407fd9d01ba2e6e2c7e20,1
0xb4042e24d33ae974f4dfe6a0968a47663210b885,1
0xf6c2997fff7affe4a7601988539089ce3af9daae,1
0x23da8e52f188a86e8e1c90460a583b1e4f34aa91,1
0x4f012f8aefd3440a46771fa5ea47a0bdc54d5cc0,1
0xa37d12668f9bac761c8624b88584f0b2e70855fa,1
0x9adc06e7e56ebaeb26cf26d4f20f8b425b777fd7,1
0xabee1b0ec0fc342d7162caa8a137dbe51289045d,1
0xe6bfe84e60aa18e9bf4373c33003df6cafe337c3,1
0x2899d342d411e4981b33ff324d101106697467e1,1
0x80ca992e6e7796e8f2a6918b714759d57ebd05a6,1
0xf781975ce32111be61f700b31f6124728a2b9d2c,1
0xb8ec5927246abe8e37e342ca597b48ab25ee6dd1,1
0xdbed8676f446ef9e049959fb2176cc3a527391ee,1
0x3339865ed92b5ac3fe82893f0f3659fa4a4c452f,1
0x4455a28c0fef7ac968e12db518074d275f30f824,1
0x85fd6076cb2d18a00a7b35c3652e6b3595b00451,1
0xabadb8476ca4f5c9ec081f23a8a08a4d986a1d3b,1
0x136380202be970327a45094227ac1782bef06b96,1
0xa08230cc2294115db89d422b5542ea8dd97824df,1
0x25453ec45665631a5b533786a36a396c14c7d949,1
0x2887ff846e69dca47c564e03020b178541965f0e,1
0xfd8f78f708b8b0b768204fff10ca83fe46f6a391,1
0x17dfe76ffb3df3934761f4b393cc856435d34a23,1
0x3dabfd811247462cbe61bf75c97e5ec521ecba47,1
0x00c127777d8e3ba7a7f5734ac62aedd4a87cf774,1
0xe0d074e638de225783282a38f391577bb5ad3880,1
0x11b49d03e0a6e48940efae7010cf0d8f2d2bf1b2,1
0x08423ebdbad54d919081b7d4050ad7defd30da69,1
0x5a7deb25863496d6055f57b98b9500bebc639846,1
0x33de9d8d81c893f8a7459cf02501ae55ea8c738f,1
0x35846de88871a1b89addc696a5344e5c38157ce3,1
0xb64d4753f179798806ac7e9e2bc75cecf5e3672c,1
0xf2c1821afa16f1df6e4a36f6e83903fadfc8f1ca,1
0xd7952f090ccb70d694295c257877ce3712abfe30,1
0x344027313ce9128326c43e3cee33b5bc60e20066,1
0xb566b279d70d74981bc072191bdd4f530d6f9304,1
0xa2f42971ffaa470b68e2b43812784a794bf22db8,1
0xafd389818d4ba8635773d42d271db8d1877a7118,1
0x9b3302dcb07ad4d0a7bd54f3c8a6724f55621217,1
0x95b533de19f846b4505ef9a83c7028c45a2c6e7c,1
0x7315805db940d3f933edba613c7da4ec5899efa2,1
0xd84e6626220184bc6d135f39d527b8f3e31bb16e,1
0x4cda0323e173e1022420106a8d4b55dc4fee4b70,1
0xa7a28c87fdb3f2014129e7815d3d6e034ee27313,1
0x7e7530b2a55f043754b26510e87b613c03eb574a,1
0xd0cc5f5ca3e1fdc7b891f0813e4d153ca85c1fa7,1
0xeba7e85f9e70c1f013c33d1f698f2a27073d5f5a,1
0x82554aa8dc576fffcb15855a28b1b3aa10078327,1
0x714fd335e11b3db73d0ff30d587719baf8d84ffc,1
0xeaff33ba11f9588c4d4a5f247816b773816799bb,1
0xb78df6bee4a08ebde422e2f9c6da2f9f740d6292,1
0x807988eda0f89bb6a7df10aa115a2fc0f36b34d5,1
0x99f650117f1eb70b2b7bc58174be30362c916948,1
0x0578b77ad134cc3c8f6d8e1b44bbf5c8bb7ccf5b,1
0x182847049464e8ad59c99692cf772b971f14edd6,1
0xd686fbce9240f4f88c71c727d3c170b7b2220233,1
0xfa63a2fa92ac5a4447eebf30621c1a37f6585c3d,1
0xaef7a9e8053b8975e05147dee76cfcca9187955d,1
0x2cfa5ac064fafb3071ff6982a2db2e2959cd33e5,1
0x469dc75b6fd83b6fde87289f124f71c08f146b3c,1
0x80dae65aab0c4af49ca42fb8ad2069ef997bddaf,1
0x84874b8816adc21dd0a506df273c70891e612bfb,1
0x92672f2a7b9c0a3c7862ed128ab7ad13cd17fd3e,1
0x12f509a58087b28aaee1bbe47205e34877ee0d08,1
0x37752a60a937f3fe9ecbf01f8f09845ad4d8c70c,1
0x35bd550c8ec2e83dfd75b6bcdbb7455ca0cf8406,1
0x40c7843d1c1f7d4c2c18deb05896f6845993fa65,1
0xbef33e3ebbf5853f51e154ad3bc03b5838ed1e68,1
0xe7a94593f79179d092366504a281775f961d5374,1
0x21673b54ebf979f55451b7ef71aaf1f67d414068,1
0xa09df8844f4db44c01c34db62a9a3e566dfa1eb7,1
0xea9e5d18abe79af84c0c70742b94628804fcf986,1
0x67acdfd88fd09235d0e7ba340507d1368e4774da,1
0x83242960c3c8d8680d9697fd8e2d424077a56cf6,1
0x4609f6fb6a3d81b6c3689061ae76d3b812a272d8,1
0xd11e65e7d4f69dd8eeebe99904094447a7c0d516,1
0x7ac4a1b9665c6628ffb45e372cedffa4e959e2af,1
0xfbefdedec91613ba0e2375ee0776dbc7b00ee2da,1
0x7ddb4030924d654c7c1fb4f370aedb62f143dd74,1
0xf70b6ff6d2efc1044d7e56b6fbbe9065520868e9,1
0xd11d843843bcc2a43f5f6f3cce12b49b8c88b48c,1
0x299dc9cb9bb51d490a3e4134480899a0ac24434b,1
0xf016bf29857d0239281145521106ab68f326b95b,1
0x046575825a74e07cdd5b7c70e691a2bcf585fc47,1
0x0d9de5339438df0dbb02fc2a058fd992305eae67,1
0x6c25f120eb1e8bc6038cc50f0cd7eb0e901a763c,1
0x7a4b9395bfaf2a7dbbd6cbdf2a0e149cd1b6fa6c,1
0x25f54bcca071bcee16a1252f0db4fa3fb8a75b23,1
0x1a6f61fb4a5c3e3e0cb61f4b7c32dca02ea41a38,1
0x9be08bbdc799625f5cc1a5ec517e111e7c8c5975,1
0xda8fd9b0612564a4c5adfa6b7c3a61c523824578,1
0x47127bc2ef0d4410d31798fead3ddc4f609e2fac,1
0xcc4deb030f545e13285db83ba38cfa8a3d10947d,1
0xf6fbf7b2a6f72572aef0f9c733b14b8cb982b41d,1
0x3d91aca85e629c69e878b25ce2d08c9e1fbd1902,1
0x7a49d064f8556e345ed47e39fd6d98e1a81f8bc3,1
0x2f700b42b92d7a443675757b4d134671ad7f0886,1
0xd8f8335a69d9e6b682d169ec58e6642bd2ac6046,1
0x41550c21fb835a5795762c3a311f11fd0f0c4e82,1
0xa89a5e6f62d3d0c234e6626ef0e8f7bb561d8ef1,1
0x9540cf019222bb1f7245e4047625369d2b56ff23,1
0xb1e45eedd3da28672d3cf0fafb7639a3c21fc651,1
0x8b9ea54e89f15cd9b8a2ba4c2ae07bec937e9137,1
0xc23af0cdab556d1d6eb7fc6756f6837ce717b0a6,1
0x334cb78fe2a7af7f3714203c246f271cfa69a21d,1
0x8bae27bb56a2d4887cca171589632405d79000b4,1
0xcf48ae2c141ea5a621f17ceadd4287e0fbbf2c1b,1
0xfa306e7ceed90360082fdc1efb600a2e4b1a3692,1
0x91bf012d5cc67d7204df05640cd7d0e47e40d5e8,1
0x453c71fefb6d68f8d58bdec58a3d17d6948a5483,1
0xe404ccd28aa33732a379648ba05d9faa76d06870,1
0xae5d14136d30085c9837192e912f2f59afbc1f9d,1
0xbfb0b4a2609855987a1a9c0c0cb39365561fc11e,1
0xbf249a6b5d02b54336b41cf2a9870773d4a285f9,1
0xfa584a2f82a6701984fed63fc59783d7a77f1cbd,1
0x81e1590413c6731497dc8e72838e2cdd1e1dee47,1
0xa89051a95be0e65d0c35d104c8b575ee47c04c3a,1
0x1010bbfaf58a698bb071320d81ee0a63022bb593,1
0x7f2db4a78d86671aa4ca02a7db2ca18088819d24,1
0x711a09ef6f8100a000312e92ca673f9d26d74449,1
0x21fd4a3ea67f4ed5e1fb46334d7c829e615031c8,1
0x6466c3d204ad26a207c2c1c931884e3a89a92358,1
0xa491f9a301917da81796d28bf400453d05fe9244,1
0xefceb403db3d578bd0225ec5b65faa6114cc17c7,1
0xb89a5a9f2ff7b89b7c17eb7ef2b166b72a3a8f6f,1
0x6475a88c28f888c7bb10256106ef02228df5ba63,1
0xd91a8fa1a31c8d56bf1c1d3c16398a6d77dbe1c9,1
0x2a66e8d78b4ac9e58f479f141c795a1acc71751b,1
0x243754ac98d46025c650b223a56dacd00481dad1,1
0x375bd88c6c343ab47230e60b2acaba4157637034,1
0x21854447268544287f63186936236d73c123b9f8,1
0x20d22d2a6fe387b9234e1277d14fe824e66049ea,1
0xf5dbdf1583ccf673d327f8e0f764247ad00d881d,1
0x53a1c560448cdea4b4c78b3e19b3a74e8666cc93,1
0xdf76d64cf9b560b5a53a8ffdb5daafc2177f871f,1
0xbd6a8c61906d57292ed1d462f692f80d3d421a94,1
0x841d4071717c84f7f8e448d9675ab2f94fffcbce,1
0x1b7cd3bd255b524267fd2b667e47dbfcf650fa7e,1
0x2d90cd6d9a41771c70174b7a68ad6f3eb2a48e55,1
0x3b5aa712a4776714ecb349d1f388199302903221,1
0xede652ffced2663d03e3b9cc8d35304b763e24a6,1
0x862a57f927c7954f150aa988b3662eee5b27f8dd,1
0x047b7678422ce0d69723b3140261a0391c79463b,1
0x1f82fd59071aa58e03800bd586e6d2f9cd5fe325,1
0x45bcba4ac7c1cc13cb64da16ca1cd2feab98a8f7,1
0xf23105fd13f9a79f920154b77da9a3d88b27656d,1
0xf7f70a6b4d7548189cccfd1939430b0f309a8a09,1
0x0297c7d79b1d3f5746e2f2555a4f0efa2c2c4b72,1
0x0048da900093cdf0420143e44cd335f0ddbbd3f4,1
0xf4a7113000a5652f40d8d61c4c3df5abca29aa8a,1
0xb3ef68ea88b446cefb921d1556b449ca3e5fe7ef,1
0x661f529b3df21c91b5a37a87a54c373340ac1988,1
0xb7db7baa9570d33c1507f7cd66b272787b90146d,1
0x387fe86d6abfdc8c2c3a01fef3e6f8019cbffdf2,1
0x066bc4d7f5ef41cce853459ea95e2c2830619799,1
0xf640a307f8c3dbe5bd3f29d1ee8d3b3d7e7e6c64,1
0x13f85a76d59b403d60a36919a889760d8461d201,1
0xee350ead26686b342a69f62968ddf73138e587db,1
0x8f1b908d45caf70fe24c08a7c50f4f4316976eb2,1
0xb2f94007fbc666d87867dc6a4322d8084427bb69,1
0x70e5aba2c1837fafb35ad15fe8fcd31380c4275a,1
0xfa28102684efc96bd89144a1825de619d80416b8,1
0xf1d02ac5085d4c2103087d2e978da76a5e5cc5eb,1
0xe69769aa9b23dd615228f0ec617c048821e5641f,1
0x811f04b84000588686a291a909f7c9a43017e0e8,1
0xc89760d3c8678f0082be41fbfe3ca9884a1abc2f,1
0x9d6318dda59f7bdb6115cf979c0b4169f648ab32,1
0xd2cfc601a4a5e0d2c71cf375e493443251c4a6ca,1
0xf101b5278dc1fa663fb44ec19fa77dbb14c3e897,1
0x7e0c71c98cf68cd471fa58d26ea8b5c99f7a2bfa,1
0x24b4e75f2901c454b3a307c9866d5d219ef71546,1
0x8d6c27e8c7e9fa55dc99d593a9f8722868b51598,1
0xc9e3e500fd89cdb928a417d4b6ac23797a23b76c,1
0xfe3ce0568b9c226402e017e5aaeb1b2b6bcf4099,1
0x73d53703c5d368d7577ffb1b0bb34d0698bd4d03,1
0x6f80d0e8fd0254d15c9b467f3e5f7c3d15cacd98,1
0xb0ab251d0ad31b4b8dc835e8ba34f145e8f168fb,1
0x5c7850864dd1bc32afc3ae2e6fcc1d25f49c73b4,1
0x59128ec8ccc090450c920cff7a9244e2239144ec,1
0x25934e8f1521427fc42908b5bada7cffad90efa1,1
0xb801a925756384f638f3714efeac62f8adc83fd7,1
0x0ba40db8a44f78fbf8b88bc06e703e2a3d322784,1
0xbf8d77b9f661a924edddc298c761560429270dd9,1
0xc65a238c6454a6e0880d5c0bcea098c878719c69,1
0x4a72336603b54d1cba89d7bd56777c47ea0e6253,1
0x849bdbccc14a894609af385c976b3e2b08d6483f,1
0xe10a337549a4e2dea26188fbf6d9ca9f56b3f19d,1
0x6bdb95ec78bb1858ca98db8abe0f986e73114d3c,1
0xc00cacd5c51cbb1901d8ed6aa9f9c02e36939467,1
0x14671de4a2a56baba9ff3804a3b0878e4e672587,1
0x404b6b607c7057d88e80be64b030b3d3d460d95a,1
0x3a150cd3acedff5b8427ea6e32207cf9fb074650,1
0xb49cd1d15ce93cb5f54c6e641216ab31d56bdc83,1
0xe5eda93b8e63965a2a6b623a92dfbe2a917ca46d,1
0x1dead7bf3688fe5a7502769d4a15a466a2f69bfb,1
0x8f7e58c9dca2a42e4f7b677cd298de2e05462214,1
0x1f6efe2750bbf8a63db4fb98003ffa728fd203ef,1
0x4cca3b1e4134102c49070f483776e495465f6b45,1
0xc95dd9707924c7eb0af3229ebf3988b18b8055b4,1
0x3521fe392a125ea196feb50071009c68cb9b95f0,1
0x303df94ec3876ebcf818839db9c39f99e23b3849,1
0x43ebeefdf22d98c901324af0739887f4f05d311e,1
0x8b8888028105efd9492faf0d24ef4ec4bd3be1cf,1
0xbc68e0750a6bdbc43fbd2538a76b0f4331850e93,1
0x365ef27209621ec9dd5cb547fa47b94870f2efe3,1
0x025cf2c2f8e12ef0cbfd63e5f9314e7d0bc13931,1
0x7483aec4423ea4a88443e412ea80000b22bb7d34,1
0x39b644ac0659ea17ea416cf1a67bbe719b29db01,1
0x583027f1d7bd9e332f3a47285bc71256c8133585,1
0x78e9c417dcbaf4a71dffd2f9b1ccb39d916a53dc,1
0x716d2a4ec5653318ffb4424f65e1bf4f561c96f8,1
0xb9a34976ac10930864617c1fe438d4aef5f971b5,1
0x130c9acee5b5150702742a918395d873db6c0274,1
0x665109e665b4602a4346c201478a7a9044393eb0,1
0x1da687bd5b2ff156d9cf10e2e955c443c35412c7,1
0x000002fbec6e2e3beef52f143956d735bda28030,1
0x2601f9ae5778219e830cabf30f25d94fa2d90345,1
0x41f8c23beaaacf1dec57aee7bcd8898d070a2182,1
0x0bc54aba6da697841d7a5b867e5d5d93cb155115,1
0x4382924635e3592b7db176a42380855226200b90,1
0x8bd9d09258600a6f1c451738f8fb2b48223acc1f,1
0x4f83e6a08359da39062e1cb8c3cc95356e53e904,1
0x56b010261d782628e2720b8c5a85549f6ef11431,1
0x3471def301cd743a1733202a801fdcc2cc96795d,1
0x0a6c1aecba00cbd8d58c533f80e7423015b60589,1
0x726f4e7cfce027ec522ba2ce8756279b39b8ba3f,1
0x33af61dc04d693d53eb25b0835db0b6a8ec7421e,1
0xe288aeb940bc74c2c18d275e99b7885a518d9711,1
0xd4292de687c16a5984e5ea80e5ae4d47dc4165a8,1
0x7beeac2bc9a189117b49f96792d128ea1381239e,1
0x6fc8798a0b72b798dd8826f7a9b61056a55b2a81,1
0x608e395f1c08733998428cef6f6bccffbe8ffbb0,1
0xcc67d99e35190200ecc0041d33ba02fd00e20386,1
0xdd5113a7290b49fb3bfb5c9a281fc7931dcc22fc,1
0xbc1c925bc50d94fc119478c13c6b7c1893eaef46,1
0xb0c00e3aa71ddb8a8d788db51575cfe53ce56937,1
0x3da74a80208aca64cb59dbe916f83c4453c638a4,1
0x26dfae45afec4e05c3e738c6f9d4c8948653d3a4,1
0x8f1ec3bb848668ac8d58b8c00b83ddb5ee033d1c,1
0x0c9c3bba6907077955ce333bbedb4f4c40603090,1
0xa3d747f11b72f0a97aa9d83825935c0234a2ac32,1
0x59d009f51dcc3f55cd5f37fdb7b684a2640ddc70,1
0xe8a1a5cd557ab649207109825d8f83f214940db5,1
0x03e7a69075c7fa877742ac068e7bf9be9b9a81c3,1
0x99d77613334335e1914b649c48684c960a78040e,1
0x5fe881b831559e99c256ad54cc04def156e1e0a4,1
0x18e946b594abc17d0db8be8ab9d38b77cbc95c2c,1
0x9aadced3bd2ef716168d2750b09e5e0acb84fb61,1
0x48020624c54aaff6589ad2eb09d5c7fd4a612fea,1
0x69c0cd85cd98f41a3e446f74d08102c08c9eaec2,1
0x42731a9283bf8a762bfe996ab022a66ee0538d9c,1
0x7249bb14e38e1a288b35f0b9226b31abe983a60c,1
0x0c0e03c389f79b808358376728c65610a3fc163b,1
0x0001ee7a6c5fdf2afc616d1b32a4400f83f8846d,1
0xd854993816344964d74840b0c117477bde67a5c8,1
0x3cdbe72fba98b48389b2e38d5dc19b268a2895e2,1
0x97315ab912d64d4b2e7c2916931d50d9031214b4,1
0xd3ea239ec042bb2deed49e285ce4f41c39034a7d,1
0x8c017abb043c65af7580b8ceec64fd7d405bfc55,1
0xf0ec5b19213ece81358e7fe2af35ecdc5370707e,1
0x3dfdfea85e621dc22a58952baf4043901e63bdd4,1
0xe3b9c4b3d23fce4fc32ae90b3b728f996e3dc076,1
0x0c317b9a612f9bb7f2bca2f2117f6c066447c057,1
0xbf11a7f019b59bda36f5127e7a71fbafc478bfe2,1
0xaf869cb100f4fffb9e814f6a9aa63a9d0f4baf64,1
0x8d45b62d415eee4c63dc92101c4b0d99273acaa2,1
0xd49979f07fa2cd8c51c4c977017e6cbc325b4808,1
0xf14ae5a2f50693c23b58713bf3172010bd79a3a7,1
0x489ad25d0c7ea32711610efb8efda60fa6f69ca1,1
0xcc77f9f0ff0aef58406a500aa738e4b63fcc53d3,1
0x8d961519a9e9fafb10b353a180ec538e1b088251,1
0x59e0a12385486ea4fb989632ec5dfa3c6cc13e84,1
0xe63c05565565ac91aaa46b6536e167529509681c,1
0xfc8599b0c4e9c4541531fa49ba149812e3f10fe8,1
0x57aa8560e066ad846de923ec61168475a5d02b50,1
0x9c0a021d1b766f0bb0df2aba4ddc2a41712895ee,1
0xc31f4b9b72e43a3a8f43c66ea8517b613c8faaa8,1
0xd9296962a1b761ad98e988319fa4569bb17ba6ce,1
0x1173ef90467eb9a1ecbdb04a4d00660dbce19750,1
0xa5956ab237ee80ea487b055c1cd9b4f2179f81bf,1
0xfe2940322b2f7ac68f8560a7902eba5225efcb98,1
0x57d0def3ca1a3c3b63526b7185829f2656f82b52,1
0x0aa8454f6756545bde65ce09e1f4d55d7199d011,1
0xb276c978bb192ab91599bb8bf4d1f7c2e152496b,1
0x0c0d01912819b3cb2e4128ba8c4b00322ddd4e41,1
0xcdc7164765aea89885ff24d72f58d17265c0c26e,1
0x13b4785228a548003baa5888a79a1b0a940ee18a,1
0x4ddcf77d990233d74c6d21ad7b1969815befd719,1
0xd5c20a3f70d9f0a6aaf91c8c680953965bcfa581,1
0x9fcb9d7d65416e4bd93fa10701f6f5100cf29ff1,1
0xcd589338e70dc702139161517494aded12f267d2,1
0x35f3fc5b863b5a766bfac36f69cc2fe3e992d66a,1
0xe6021ae472f9dddbd94a9b825bcb19ba64f1b17e,1
0x0e6675d5786a54705d2e74cd5a4ce8a9c841f8b6,1
0xa4c6d85fa08e1db2d3f9bdfc8364aeeae0d698f0,1
0x5ed6f22ecb5ebc1acc53e988d39eae1386cc54f8,1
0x2758e4590ae1989e3fbaaf7a0f7a32fcf830fbae,1
0x007a969c43a4efc3879a1c60a2ccbb91df259e05,1
0x34918dd502b5895580778d870589f971934395d8,1
0x6a1d33be671d25eb4bb6566d021d5841a5210f38,1
0xa6c9bad7bdc10c1855a3abe30a16909cabdd2177,1
0x8ce9fd9348f845625ecc46d6d7daa2bac21b3e6e,1
0x0883ccb63ad5c37d96d5c9adb71680a8c2ed6c49,1
0x2540f0db91079a545e3d16ce5ef0b4b38d4ef26c,1
0xf8d4c8e4085c8357b91dd7f44a837e483aeb6950,1
0x7cd6af1125209e39e1a652c601e6c2cf244a2da9,1
0xefd95bf27e3ddcd40d5ecfb95e49092f036c4727,1
0x781d4778732cb6a9106af049276153f064458b0e,1
0xa7331670a620d806fd161c7d5894cba5289fa741,1
0x2ad497c2c81c755d55a866cfce6b9695522c1218,1
0xda474dce13c7cb84cbe2410f84f342398561b68f,1
0x186ad5614dadf5f38c6b5b9b85e83ff81e8f853e,1
0xd7c9ced52d4e88ed806ac99577adfdd5d2cb827f,1
0xa71d8a23bed8ff46d265bab7693f22f991ee2be1,1
0xba5ffa55e00b3a5d09ebd01724cda070a5f37aa6,1
0xa4fe13b0e197a112e296e0746eee648b7f5259fe,1
0xfcd1d4bdf157341dacb07ef54f4a344abe97227c,1
0xf8e8ce2a02e959093233e14d2820f5bdce8dbcaa,1
0x66be946258cf12fed903a859da44934abd2a01ad,1
0x038b062c295179f2bba319f6e6acebf69701466b,1
0x7734e34985a6eb155da487a9ab29407dcc4c5769,1
0xaf4f3c8ed1e1706f3eb96176103dca6b9a6ac213,1
0xc391b61abffe3ac3b73dfd1f5d9e43cf2fb22638,1
0x977cf5095bf0a004bb6ca37431de3cd2379c97cb,1
0xa85fb1996ec7e569ce38d416a88577a96048b2fa,1
0x8e087ed59988235d2df1cdcbff20013939fdf6dd,1
0xcd76d366a8a13405611a42e0bdc0e7e3391e23e7,1
0x2106a233657f69a83aba704808610ef9998efebe,1
0x84d885d7ad67e71a5ff21f48cd3a593a5f0da9bd,1
0x46fcc600472538c01e670136af7651139c4f253f,1
0x3d7ef4d0f33f8694b8c778cae1275aafd76d4432,1
0x3d0577425620054947b59c378a3eb7c989d40f3b,1
0x45c36dfd8e89fbacb948d12dedaadde78f94aae7,1
0x2089adac21ddb39399e987b5576790af57f6ecdb,1
0xa336493cc458c2753cea54ff9d07d6836149afb5,1
0x2095eff72490806c56730537936d9ee6fa314c14,1
0xbf5dacd9ac141019d9e4460d4298a89181738d54,1
0x91283bf985e26e0d34a0951eaf301e44fa7f0e97,1
0xb36bc2e6264194ea3e2bb66a2f70726dd7bd1399,1
0xba854653a288bae13e5acd7ff1524cedcc0a5673,1
0xb067b7db751e1b2f1b9176b8ee0b63670ecdfcf6,1
0x8a6b3755a7005fc50b61dd1dfe3166d72df0611d,1
0x0687dfe6830c3329d7622b6ee2ac99b1ed0f7c5f,1
0x9fe4ae1901c600d9b15f6d519db1872fa0cd913b,1
0xdbc0c885fef8421157f3c88b62ae11f767aa4d73,1
0x01c2b2756d35e8db931698007985a5ab7fc419d5,1
0xed0b249da6bd10a3489b9e972fa6a2f1634dc72b,1
0x8f6a400f659cf5960f37f32ab395ba35f81814e9,1
0x15ffecea2660869c8c04ab39fe7c0251fe305d36,1
0xbbd908691dd03bfaf19ff00e0e379fe6641f4488,1
0x6b9442c1154f2cc03980f648f413bd1e8e235777,1
0xe5518670345b2519cb52902ca9757922b0a0c99d,1
0x97c2b00b08cae184f5b6cdb3f73b3c9d9dac7613,1
0xcfb1df0143e29dc85753eb727cb495f0943491e8,1
0x5856a27f04639291470b35acaaf15d64394bb0ed,1
0x3c6986d96af95d85216223b73f36e2795ef16351,1
0x1921499dbf55d7c2cf3cebd1707d1b7bd92c1d62,1
0x42b828742f809b1f8753e340353ae735d7181c00,1
0x92aef0c090e2397b8d5345df853b7d78797d8350,1
0x26b1693b69324652b60df77f51770d622fe94a0e,1
0xe55332a39ebfad1b7d3ede237603c394583221d8,1
0xa23aa3d0283a5ba87501a74201a8dded16eec0ce,1
0x73b0e147f0aaa4423df9d9246db2033b3ca138f0,1
0x95914b943a0d08fafa31fbdf71182dccee7de927,1
0x2d58e21d6765d067dafe9a2d79c40419b38b36eb,1
0xea5f6202b6c61631edd3628a7e00af718e519607,1
0x4d079ab8ed6b62a4611363c96cc566beb295f99c,1
0xdecbdc90725ee7071271b6fcda50cb84ddfdbd22,1
0x05d1af745a4efd6886621421e6a6d60ded47e839,1
0xa7bc45480df40197d1f1337c3f8ad068ac8b165a,1
0xbb4072c292728f64623f6262153983571c7259ac,1
0x9ef5e681fa5a6ca69cf73015b2b5c7e878267e62,1
0x1c89c5dfeab4356d17a46115050507ce4edf7271,1
0x4519327eee0fc11b1459d814962829f15a2c461f,1
0xd38e9d0976a17c35bb573be283d40ee189b82da2,1
0x141a6d9df90a6659bf1ef516b1a27f71e2c0ec20,1
0xd7c6cb35f6dc23f25670924a9460835ae46cbeb8,1
0xd2fdaff54eb69ab65247ba2bb705aec6cdaa65b0,1
0x3346d714767a1219ce5a8ad6d5dd29377ee8f865,1
0x52af217e83ecd26280359d40ff46081965ead407,1
0x15f2a8775bc6072595703044ee153a1a831c4d07,1
0xbff4cb1fc216ce9aad1870d4fbcba43b44ac0f0c,1
0x782c427dd1ebb07454921a633ce49b08750401db,1
0xd68d928e4a2d77a58366edb4c050e5f8d5837cb3,1
0xfd615a1984e92110442cc9b70bc18e7623004cbe,1
0xc21015c3481422bf87a59c3054c98a77c1c5de6d,1
0x5e45922b0984263388f908453040defeb549fdf5,1
0xa19ef3a0a11f377bcc50696a4ed4e651d69021ff,1
0xb4be53f09766ff27768af0dd84702502efa208f9,1
0xfa5553128d7225531bd7daba3f9f0e90f2962e02,1
0x27aece857d00fe022c9486e00c472ea70b61ba2e,1
0x9180ed85dc07656fd9d1645ecdc15b75b18bdd5b,1
0x45f01e7b5a2db74d0fd5f7c8d0f9335a2fbefbd8,1
0xc5442881f42cd838e518b8f968b5af65ade8b964,1
0x5bb22cd3fffb5817b4aac0980c9fd3a158932708,1
0x050816e6ddd2921d13ab9f1e508dfa84dcf1d26d,1
0x0cb72f140a259982a5d4a81fa079ffb0b443a092,1
0xda981391888c0192c126b9c5641065892683b25d,1
0x2c99735ded71e30fe6e14ee719f4cae1125aab7f,1
0x5d2e90b457354778dc1a861578f651f835c6f006,1
0xfe67676344547f2b59f6ee40196cc342868baaa9,1
0xb18ea60db2b6bed98c21e8bcedeb1ca7d67b5e4c,1
0x8d41bc603a7e4d9129a731015b2503ed8588b9e2,1
0x9a4f900e5fcad47ef6efc468aa99491cca9fb568,1
0xc46497cd756fa1a8266fd033c24ef0ded44b76bd,1
0x9fb09b5a3d16dce3188cd6b986d4543f70d18626,1
0x39041bb8497860a919330eea1010198c1cee6bd7,1
0x7be9e3e009b864a567388c879384a8f62a4e5e75,1
0x3ca2ba7230e290c6611df9ed5642d5821966b4ed,1
0xc098703b7cb23ba7e52f8f5eb190e0307198655c,1
0x4e0832b9249338e304d1b64a129ec7c443c088a0,1
0x80607df177ff847b0d7beafff0e5957519f0d2e8,1
0x2fc851af26ced24fb0ec73f961ea35e282637610,1
0x8ddc6b4584f4381dfd4b2b03b79780abd2885d3a,1
0x2ab91cf6d33b988d8c4567adc50453cade85346b,1
0x154b86ac5d761dcb21a81e6dcbbe06583404e1e6,1
0xf21be1116aa05cf666734c226da424569fc46dc4,1
0xe16280b7aff42c1856b550075c9e54bbd158d663,1
0x9d1ba4296e918a0cd6b0d30d82e922e656c9196b,1
0x2ab1561e4feb7d89bc131575703d87d36827c1bf,1
0x506298cc53f59b2e03a623b65abb056f4b34105b,1
0x01e178850192cbb8caabb93bd810d186f230ee73,1
0x35f7e17e39ca6cb7344445b119b23e173229381b,1
0x914a81e4c4e47dd380c0d54e1859c451bd1cb2be,1
0xb8cb170d308e8535687a43bd1934eb1f7e9af3c8,1
0x6ced1dbe751323c547ffa67b361778fa6f03960a,1
0xcfd4a8c69fd18cb4e571371ebf93e8ce9f9bafa3,1
0x172a93dbe316b3c4f8677c67ef084e437fbf7462,1
0x44e04a23ccbbfb1dde4c4409d974df769c17e26d,1
0xc1c69f223f72861578389746931647ac0985d70e,1
0x2c24daa7f1925f0ff2bb0fcef38ff7613ff824a3,1
0xc8850bb813123b88a3358ace6f709b1d8d67bd31,1
0xcdf4373714f405ff178d3e26692314335398cb34,1
0xa1709bd42b258174c9e2715dcb21a92c7c46f097,1
0x3e845787007b74175b313968ab13dc7a7d777d80,1
0xb9e8ae14abe43e5017d01a7ef5f2c3c0b2052ab6,1
0xe2d6cad904514f741e120525f50fde1c883cda5d,1
0xaf0177cd8850f8faea6c69d0a7f9c89482c116f3,1
0x73a744ee186e8b6245a1a9efc986d5016ff26c55,1
0x7c4bedd3c5e84a683421a4811cbfe247424ce829,1
0x79cd45efddf314f910426abde4a13ddd94de8799,1
0xa062ea3592bf54ca3cbdfe09cce4b99fe4e635af,1
0x97f999e1b6c1b28f44eab7570d2e8e37bdf40b37,1
0xe7a0171066454aa41f2318c84b07797ea78509f3,1
0x08a62cf8171c322336252db99eb40b5c2e31ea4b,1
0xbd17cc2af8492d6be8f6609a73702cd529f4d352,1
0x17823c71f0f9d5287a83655d58b7e3b0de48251d,1
0x86e4044b9104bded55fa6a55df18f0ad82adc462,1
0xd6505059dfa8c9e6c72720a835479c2ea89b9dbc,1
0x3cf224633b162f272e5776cc4e4d196b7c4a142a,1
0xb620f64347ae56a678376716a2afc778ed1cba3d,1
0x4f3dced7ce1f5646e7f7a7fa36ed59c27ce85526,1
0x1b072741fc92158bb9e2203d2c28957b178cf7cb,1
0xe5e561c2e6c76bb90f74bb1361dd82df2f872305,1
0x83d047bcae0e421180e2a530caad190f79ec6b8f,1
0xbaf85142445c13eb56c2802feb78bd0ffe707cd8,1
0x3e5181075c0374c239c3d6e4431129126e96cff5,1
0xf081ce449a486cbd5870b42c03dd2ca73a2a30b1,1
0xed1d431de8eb00a415e9216222cf540b781a6f8a,1
0x6314a3a2d6d19e79169425f2c1491bece5c985be,1
0x171bc5527d5faca6f9cc9f2e4a6f0924a1372c92,1
0xdf55bb519356751eb317925a272b1510a20f17b1,1
0x55848a002cc2660cca35e529332ed8da4cba8693,1
0xb2b74e4d362549149aeaff90e31cc93696f06c4f,1
0x9ea218f715aaa6bcf466ea593e9d1252cf0b41ba,1
0xef742e939ee2d55bf1341684f209074fa059da8c,1
0x5c77f89355ff025c7fffdf51b57765717589843b,1
0xd9e9a6a78e0b3ccfda76dfe208b9e93c3cb91319,1
0xaadbcaea39170af856d7e701d3f40587b6cb6b52,1
0x9204e7a4c6b10bc858ed56d712fa2fcc031a7700,1
0x6974b79380843516b8622dd59fe463ae985aa3a7,1
0x5e4648a5b0490e8357ed33b75af9a1aff8a8d7f7,1
0x468be4258e17442563381281f562eee10ef4f62a,1
0x175ecab305c525ddc165c658e0b08ec8a2c50abf,1
0x5442ad8e71645968257c16c94b68bfe5e0dafef6,1
0xd684dc9948485bb45a1ae0549daac1e8add94c7b,1
0x95b2862f8d6d3391ded7c9615901ae5d2d1fc343,1
0x42c5cbb991980aac3abae2acb98a3a58df81fe45,1
0xc952b648ef968a5b86bf0359e7d60e20e4a86d08,1
0xb88c0f54496576a85291b6e00a374fce7227604a,1
0x930f8c07d1a9fb56a859c095e4eb1489d8c27088,1
0x1c0c101b6e43bfb4e1a54c1cb8aa4f0301036a52,1
0x15c6a41eb7e8018fb5759cf70124560cfcdb1f27,1
0x0f77c86690e7044c6e79a52fbfde7f65cf341d25,1
0xc205be01e734e53f36b80984014f17496b8ae79e,1
0xfff2381b59a3a46b3388fc03dbba27c88fe6f290,1
0x10c6c0fbf28be3fddde6461ae7597ceb4183e119,1
0xf7db276c89dd72740c70bc152bd180be678d195f,1
0x4e44a2e9b1f933dbe9c56af4deb696c56ad39e60,1
0x09de0b4950c586431a591b75beb889a71bba09da,1
0x8e7c0189728b0a9a4b9326d5e0d8b751f122d4e4,1
0xdfa4f6d7aa7bd8973d27c9bc9809630e33e7603f,1
0xdeaaf49545b3907bf463b6f7e5cb95d2eedae06e,1
0xcbc26d9f14a2270d285b573f15b4e4788b021ea0,1
0x4a0d11833934d299852d58c2ba2ca6df7ed48027,1
0xfa04dfb92acdbf2f14af8ab66f52e3d9520b6fda,1
0x2678f4494237238e462fbd2e4795ca8c20cb62c8,1
0x25fa7675261657537cbe61431ffa07af9b283a09,1
0x066b75dfdc560965df081cf4c1f9ecdf22846679,1
0x4ab679f866fb19176f84cf4e9a9de940058d2e47,1
0xd1b4ad71dc7655675e821c9a674ba570718f073f,1
0xa566a22ba5602bfe343a75c4c908d0043a6b80b8,1
0xf4e79e4ee06ef8f0ae1accaa8168c8f2edabfd29,1
0xadf45ad0dd59788e41929e20c06a190bbfc36577,1
0x16051415ae3ebdb7435a56d94f1ce68320a7dd11,1
0x427893babcf87b8c5274b708318855d884089c78,1
0x51b2802715e87c1da6de1f7de71a9f71d828aac9,1
0x125a812fc3722a3a91922741c8ee99e8a0cb1a48,1
0x7e234e466d78610ded84ebc6e13a850381f5f65c,1
0xb39798d0d185c69d6b6a767c3ae6e25475a3bb76,1
0xcbcafd529db6754e8ba210c3c37aa741031205ca,1
0x1bc64055c6f23022a3b5025fe8d898e9e014d6d9,1
0xecb0cdc7dd1c5adb7d523a58b2d82ca72d000a57,1
0x275f6e3067ed56ca7b0ad80f7204ea857371c5b4,1
0xb7eaa446940662727b580952b3ebceed7cde7712,1
0x921d1dd2b45b3591d542370dc8fc6ae670be12ab,1
0x8c53ecb3547b624dcaa2970d1d6def14da9db231,1
0x1a66f9909d124a4e72a2e24c669a68792b606392,1
0xc6015f76bc84dcb4cbe457b39dbfc11ba58764dd,1
0x7ad52ad973910fd19b217ff8a722d21bf4654f6e,1
0x5eef05c105d87b6eb887b6cc45768bff45cf1a20,1
0x1fb59a208a66837896957694fe32bec955228783,1
0x8c498ef86ac8b91a43da403b2225b65ed6b6b64d,1
0xcff36b1ad7acbe3e4a58fb6e3018a107207faf25,1
0x7f96e815247ef46111ab7c387bf7e967ec50549a,1
0x0e6e7a92bf18ad2a95ae23252d570226853aa1c2,1
0x62e3abccd2a0a290dd702e94653d95ce79cb1733,1
0xd4b12134c1e5d7e5f51447e36c33ad134c1020ce,1
0x23471147a21a614fa0ca63ce7ae293ec8c295e73,1
0xa26cde542f09be1d4ccbba2f80afc97bb8fbcf30,1
0xc4c05c4c149fb54fb3064d4f5e2cf75b8bcfb889,1
0x23edb27d9eef2b929a9f0711b7bebf577edb896f,1
0x1dbab7175ed5363458c830c2a14f2cfa3bb41a39,1
0x4309bad894d33ffc4779b164a3eb5ffa1094de7a,1
0x0de00214399206f5a76491927352910db8eb62d1,1
0x9765bb92fca4e426f9b5163cd9de75ba5c55c562,1
0xdf8ee466ee3e613d5887d429f0b42a8378073738,1
0x085df360607bc41e1153eda21877c348fa710952,1
0xc2972110b86a90563fa91c977c22a67f31b2f5f8,1
0x94bff784b2f3386a82b91f9b69d9dff6e375764b,1
0xcfc9bb97f478180f4d93cfe70e57e042d954a7b2,1
0xab669ad28e0f903b7dc0e9e6a08f7cd2fa79a135,1
0x35569f969df6d9e9a4df83b428658ed7a60da813,1
0xebe74127eefc333e8df34e6c764e327ab391e0a5,1
0x84d2e366a58f94b4658866a720d57c63fecdb5ef,1
0x2bd7914f0fcaa829c76d6f1b2c7a5f64eb38ddf9,1
0xdc51c34b06979351e94b207d7eb8c6e158f6d941,1
0x0f5c1c1449202581743b9e43a213ad15ef35bc84,1
0xd292feafe6299f9f6b3ab1ebb202f979eb5e7b9b,1
0x5f730c367ae3d58d21eba3584c21a9366e7c5045,1
0x3f3d9023ddc357c16ab769fe798512633e29f083,1
0x9716851366be16934502c9e659ce0a1809fc64d1,1
0x1049bb8daa3319ef40c314d85dea500f9de5fcb5,1
0x61174f861fab6943cbe7b27a93afdbc4a602d4db,1
0x0a3461af7bf0b6af6d61193757c5f4337e0986e5,1
0x3cccd490ba7019127d7301ae48b270047ef1406e,1
0xc8e4fe4031531647b12c0f576742d3ef1be641fd,1
0x0df5c3e0c6e6bf746d9c9b2985d7769245301264,1
0xae2b63bcfdab8b26bbc68c6c83a57c61bbf8c29b,1
0xd0e21062a33c4996bd9cea26a25912817f588daf,1
0xe6462053bbe4c351f0e15d3efe8dec20348b1334,1
0xfb0df90bcf826ea0ebc3fb17b138828a170faabc,1
0xebcc3792b435fb8cbf0ad5d9c3939b829df0c617,1
0xde691e1def3f926dd098d7b3e1fe87806dbe9eed,1
0x58da738b8eb411c7569ca3ab02732c5642dedfb5,1
0x0e6a8cacff33886736abdda8e3fd61aec2b6ad92,1
0x05d281d469a585fe090762d3cf788c7eb127c585,1
0xc1986ade1e35a7e14622d047e5efdeaed8bc3090,1
0xd95ab80b4b2f3d20b4199d0a5c7392f09184a939,1
0x7edb57eb33d3cd65455ebeb96aac27a86ca36db2,1
0xe45a0b00bc74413d2a9c5a9eb722b0f1f9265eaa,1
0x6499f5fe6bd385e07276361c61a1954ec18fa59c,1
0x2a2a9ba6e004498ac32574286ed282c63d7515d7,1
0x236d7c3455c8091f56af0fc147c09fe8a601971b,1
0x6ca9018e930c06ee5b3f00a7f411f1b0148b0e95,1
0xc24fdef1821efbce4f805737967c8b713cfa7a6d,1
0xe0e2381c01ed4ebe753ed98f2acc155e1232924f,1
0xa91fa89ca45aaf3691daf9f2eaa2092afb3e0d3e,1
0xae207b3b98153428792a58f2515d83c00e200386,1
0x9a3c8d8b1c0d26b54068db02e427a30f73bfecc6,1
0x4ffa883fefaca66a2b1c654d2a537e009d859791,1
0xc4e232154a10961b7bf4ac83d9429673486ac813,1
0xf3ac2feb87ceb818aac02cf828b8293b91d311bb,1
0x828f087ea77e888d6c6975fbde4499c5c965367e,1
0x1ab2ee8cbc4155280e72fdc4678bf98759c510a2,1
0xa25ca48fde9144251f0551c3ebcc312639383a98,1
0x17a0e861c39ed3ce9ded63e28c0dd91922698b44,1
0xf97b5934fb298372081ce48aa37eccef97c53ff7,1
0x776ca53d1012030cc221ec82f469484ae66566df,1
0x5fe247ed76a8419961a51933c57a53900ef1c403,1
0xf1530414e72658d922e27840e8df340061757915,1
0x2cebf832fa6c26aa08ffcb68f892429560b7c6e9,1
0x479de2762e36e9757d3976902fb9752ccc318690,1
0x4023ff99cffba48113e03ca203faff435f2270f7,1
0x6dbd5504411395d0340e90c7196946c989b0c8db,1
0x4bc43da4f62b1ca680b634d8863d5d89509a66fb,1
0xaca4f7758387a7b9fc292f12645a533d0115bbe2,1
0x9b10b684b43733046d0309d6890a22ea27f96f99,1
0x53486ba30cb0477169aa51bb723fce8bba4b8c57,1
0x0055b6cddb80096757b70aca582389e5e6d67957,1
0xe2ed340810f592bbb37fcaa75de4194567c18edc,1
0xb9a84434f4b059ae23805f3b87082181331d4882,1
0x5320d7ace2cd3268ee7052c91f24445f8218cedd,1
0x91493e7de3174b072d8fea1a1f644cf47d8e6f47,1
0x96fde4aaaff58b27c4d8741916017756fa90db3a,1
0x398e738387f0b85d455e80365b13118c1a41f179,1
0x6a9052908a29034c4eec8d9c20c35dc482ea5683,1
0x54c7bce2c00cbb8302fb7b61ea8a2ddb8e118084,1
0xb258e1253b8feff3e5b57d778c59e8f0e877ba49,1
0x7e7419fbe3d0c7a87292bc879ba1f095d8d71409,1
0x4c584f83e19fd627538e1003a1152995b5fd5bef,1
0xd13778a5fe2e16461110c428c6669c10792eed5d,1
0xcfa4e56c48a5cbe49539e5cf86865648465278ec,1
0x554adba64ae48c8c1a982d2a8b520b5cd89ace24,1
0x5f69f3ab8be1a9671fdca8cb995caa1fc4bb2430,1
0xf55c2b907371bcc604ce7f893a15382e3e505f48,1
0x4da570f1d196f8fa2b67a3b52098e0ec0588e5e0,1
0xcf087eca6348b53a34e7e42d0dbc082b84ee3c86,1
0xc3e4eed6337539db34f79921f35191aba5b83289,1
0xbd7030df9b152d92c800aade23dd868e5c191089,1
0x5cd3a0f4df6ec92f42cd0fa381727dba780a071f,1
0xd50f8b0de12f6ce13fa25118a715c986678402dc,1
0xe006007671b1614b1f28d77e07e810dfe1c5b110,1
0x075125d647649abf3b8b5d466dfa3a7d784f41dc,1
0x8fb3d18a9e42de01569853518452f1316a5c25e0,1
0xee61c61721c8536d3e80738130733d67434216c8,1
0x131e24add86499b685d881d956a99006eb810fe2,1
0x299800239294fbacfc9e3580f50b86133f6e5eb0,1
0xd4188d446f64d54ad333835309ec6e5753211ae1,1
0x72f9cdbc8bfdc98d681944354a03887d0e92bcbe,1
0xa7cdd6db13dab1625b0df8f89a69899ac7daaa1f,1
0xe1e478ee0ffa2a8a929a05159681281f262995d5,1
0x19dffb189de93dce77dda84881df631517a34680,1
0x0ab399908db32dd96cab17574d00071554cb1106,1
0xb90f3bfd771fd3bc04360b09abccdfac044e885d,1
0xd4151d994e9c4794416479519143ce43c3fdb972,1
0x20f876e925801b418db1bd6c20f5ab102383f197,1
0x558ef74310618919e0be1166e9ea94b5a5de56e1,1
0x7ffe97dcf6c853c5e86295747498f61616da7de2,1
0x78352fa16d6a641172f7399ba79e3f798bfe6605,1
0x274fa6e0f82f93a0c2f0a8df3ee231114c9ddb7c,1
0x9fa9a3ff9f70e0b6273e49e9c62b0c02b286be50,1
0x7bcc82f5bb9db6b1bb547242a6c1341fad558273,1
0x6bd47bb952efb7f34689b2379fd624b0af2605ce,1
0x49c9700966d7594f37991384224354e14e62e159,1
0x8f8f70c9a907fe6120a213d9500e3aa8ac71f531,1
0x0c7147669ed6bf47400090b0dc7e24fe7d091848,1
0x1d98f19766c3e273993342f335aa4d52cc83151c,1
0x0319f7ffeacba29103a2d933259b41ba65c769af,1
0xa6dff3da53ab54868d6b09f8d1bacd3878580d6b,1
0x6c2815a351ae5ff4ad4084f79a218023f814205c,1
0xd01c2dad8c03579d64856f0aebe3086043eb347b,1
0x09ea57be4a7549003a2cb7146660d5c66026fade,1
0x5fce094a1e7e675597ed21f62e6a6820fa54e156,1
0x9c7317246351412dcd0b4fe182a20f63c539d3f5,1
0x06d010122ce458c8ffb44ebd6813cdb06f94ef46,1
0x720aa6d33e2e7cb008849a19f6530ae27ce63223,1
0xde62f21a99c3c514eab57b7652d1fcf492d61bf0,1
0xc9daf34d8615ec8b4fe12482a1b441d3f4393260,1
0x0742e2670c0a7f7d9f7ebba01499b217452f195c,1
0xd1e30816cb3ce518fc22e0854b0b56c190813168,1
0x3e3cf5b1823ef7d56c6072d464212dcb3d73a67b,1
0x5df9217d2856f7b058e0a4a36a5263b42125e28c,1
0x54b56443b615374393d1d7524f63760663e1d871,1
0x38326870794561a0cd6b7846751acde8ceb6a8cd,1
0xf1be3cf00d311e50b491e41da06c0606b383ba95,1
0x151ed0e75fe7593c093f30bb3238690f8d0f3b09,1
0x7f96f0abf9eba69fe3afc76c3d94574a4f72b820,1
0xdcf7224b08e41a59afbdc35f0a826fc111b2e882,1
0x27c506786b1dad20397f694351f287a21bfd1348,1
0xafc3d39db3349eb56d97d80268e6ba59d1673d70,1
0xb2f464515e13a92645067ab01154dbd99d7c732e,1
0x7484f3be97c340c95d86d5d1c3466798d5a5bbc5,1
0x17035c560a130233233cbcc342f8e50386e4f160,1
0x0a4d11b13496eb0e2e3382134dccb9291583e615,1
0x3305684810d4994c3eaceb1cf999222ac4107b5a,1
0x7be56fdf75ddc13389fe0ee335356d837ab6c538,1
0x5f5050ce7567044778c1a4ef0a64b6234aa2c695,1
0xb936765e8d3710b07beae27831204eadd79dc413,1
0xbf22d57fcfd721beb810fff79aff4efefe97431c,1
0xd1367fd991fe89dc4ecff57c391987904ef8635d,1
0x292fa8ff36c6c7d59dda5270ea8b841b29348fe6,1
0x37bce4ad97cabaee447e46cf4d8f33da561a0173,1
0x32c048dfc9095769f858724c9b0625d70ed38bbe,1
0x6b79cd3253fae8e1adf5b827283e0092a2930de3,1
0x26b95865392772f9422a62361d3b96049bac3cad,1
0xabf316a77d38f4c0be59ae9621cd2b08c2af02ff,1
0x439894a4dfb832aa832351a0de86569224cbf0fd,1
0x384a3ec3e04e25d3a03b832f1951e0a7f763ea84,1
0x493572ea4254f4a7d1928c7b5e2b79c100ea7b8c,1
0xe1961fe4fc24757d5c7080b3696d67443520c1fe,1
0xca400f2df2580023638633ee473f8782ecb788d5,1
0xd985bb21f3e2f4638d26b583eef0eeaeb56c8e4b,1
0x3756bddcf31d48248affda1163cd36c4352687e2,1
0xa34ecf4b5081f69c4945ab96cd3a0730caa273d1,1
0x7415568f9f0fb20e76d6229034bc411f5dc89502,1
0x1957e603eae9f120447de33cab86db8bfd96c3ab,1
0xa684502d39850fe355d4a70224164418c9baa6a8,1
0xfa82e23be8845a7593e4f75526ba6db160c3989e,1
0x317e880b118c208302e3f5c5b5ce7119c86313e1,1
0xf72b459dd8ff7c89e0e75ace6219530aba2af8fe,1
0xd64375578ba0777690b65134487c010f87c370dc,1
0x384b4ea69a61130ed540e6e93d27c99e4af8bc3a,1
0x066832e1fa00ec17bcd4f57e9c771f06d11b4449,1
0x85692be1534f626f7b03f1b328aa622c97650f5f,1
0xd2a8f8a78eae7a7b000e9d0083a404988a4b632d,1
0x92cfb04c18ccc1cc401cbcc9785438e59f8d1e80,1
0x33406b4fdca00b708aaa655a15528ce7f40c5a7c,1
0x1deb6a8e561c0fc340b137ad4bc19044ba25bd28,1
0x549dcded954d795f73ec85b125d9d9d129e2cf6d,1
0xb53649d2d3d4b7adbc2895df03a354646e68c291,1
0x9d190493407802e744e2c56a615ee52b067df7ac,1
0x552fa7045966692f281a4efd8899711ca80b287c,1
0x0665c117bbe53c7a640de9d8f2af6e87d562bfc0,1
0x8a19448be56bc7a59c6f83b928428c3319cb2487,1
0x44b08aa1f34ecb7c576a6954d9f20d00dd3d8f59,1
0xe4bc0b99e63670648aee574294d4f36498392f08,1
0xf52cfa54b88e6eb098dddba44f58914208756af7,1
0xbb51603fdd994ecd04f68ce3750cc0d14a00f5d1,1
0x4e7a37f26e67dd07ada2c4a99b750168b684433c,1
0xa35364ed6492cbf870cf02c10a3c20a97813b5e9,1
0xf477175afd7804c13de8a6f2c40f90ca4dbc77ed,1
0xebff6d719a3b99267d9e99f261cc8aa07c60dfb9,1
0x01829a72f6ca55b39e16549242096cb47df43a8d,1
0xbaa1fa58c7062638b7854590c23a359bad846f99,1
0x37cf65145cea35952b5bf60d5ba3d3ca8ffbd28c,1
0x707f7feca87010c4f8fe6b84d467d7ef3279c9e7,1
0x5ecc1439c3b147a6de84d623f3441461ef7947ff,1
0xacb32dae07ff20f81b548f326f378917cac2d234,1
0xf84c502257ea33a2df760cb56e6111e0bda61853,1
0x7fa9edd9d0939c3f5e4d3b1f07ea324c5ba04165,1
0xedd1abc6185ce735b6015e651e4028b697083a96,1
0x336245364e97d92fedb57403d792eebcf521a399,1
0x09cc430177b58f40fbf0f1667a70e4728b9cd34c,1
0x56a1857542c8d3f2b01a863ba2172ba89b228663,1
0xc9cfad38da4a4c517420f332ff747529da03e48c,1
0x898ab82e875ccbb277ae693c6e31ddb5942de8e0,1
0xa085a70c064d8395349c7d079bdb7e3efc694028,1
0x2f4133c423a53b402b0f6f72bc417a7a136026bd,1
0x2885b08ebf43f60175e1a73d7f4559cd096a8b55,1
0x7a72b5d163017891d045e90bbf4152a3b0d45a31,1
0x359957fb462ad54fee2e2fc7f38e44d0cd980f7f,1
0x586629e3486b2e54291f94198fd393a555600b48,1
0x2ec60c971bef0c39662b0f959207754ac3bec85b,1
0x4b0672cf1e222f0b6d17fe1ebd38fc0da208923a,1
0x3d418d5bab80ed15578063c8462be877e94baee9,1
0x7e9ae763425351e1edab065dd51e35a654e74870,1
0x94e2f5b3e68a098d12e16219dad10f96b48b715f,1
0xe182b4d2a32a01231bf2350f29d16f923e41ed97,1
0xa89d71768022d77bc4765d39d40c745e48076f21,1
0xa223d8bbea23a99e84122b1bdae2f219afa29fb6,1
0x2d3f019324fdfbf949358bc214b155986cd0276a,1
0xb6835c6dec78892d2b5f83b3f2ae7f855ca1728b,1
0x88cc3528cbc8bc4753055f0fff9458793607fde4,1
0x4b1e52353c22e08adc9fd7ae27bee9bc9ea30c58,1
0xc6b64d604ce50b2081212a5d13eb7cdd6dbcaa5a,1
0x34f5f07e03cd6098789fe21b3c0cab2f33a29b71,1
0x88b57c3cea31be75e90a772a859b4c8d57ccc2e6,1
0xde08dcd41d84e48fab7b216b0478867dad95e554,1
0x91b60a41b2a5c4161ed856e58c67f771c1249a8d,1
0x47809e1bc7e681a894ed7435aeac6516ec73bf3b,1
0xe3bb94c33d42dd47a6a771891a6881dfe7ff4170,1
0xf12201222a78ba71d3e5da201a5e3eb86eae1ea2,1
0xa8a249f70023167c747bb5b72e8dea759d8477a2,1
0x3a2d61aa7023c92aecb5edfec8a0045991fb3e4d,1
0x9c032ac0d4c14af41290c59ac8f11d040c019561,1
0x536b031566510830e2782a8d7b8d6a985a6839ce,1
0xd80cdb005c2d9d0044355adfecd73dc5fab3e001,1
0x8fb64f2ad6ac790fe1f2ded5269b17e09973e6b9,1
0x2e36ad3e5f4cbb5431f39b0d776baf03b60f61fb,1
0x682fb7a842c845bdc44b6bbf3de0d6c49e2632d2,1
0x46b0b950b6f6eee345e210673376bf378c32d6e3,1
0xf57d4b160c41b06b1327cb47bbb91de18ffc3123,1
0x6c9d0dee4f138e3245892eee0aa68842e7d25646,1
0x4a1cea60634e09a0d680a2a12175abf3ca196a32,1
0x95e873d71325809083c82d32dca134d275ece3a8,1
0xb46968ee72db0d0e940fd7fa3ab1c575ed2f1e3b,1
0x01ac259497599defef136083d4711a794ecfd61d,1
0xd213d692dcf9cefb9bbc8248a8f85b8112cfbe60,1
0x8e88f2a3fa6ee35ad0a586604709d141a34e78a6,1
0xb7291a06947f43718e1880852abf8617b33a4979,1
0xb3fd6f6ccf7249d5390c05cab44d8993f6c1e456,1
0xaa5e4fa634070e5f3a60be48c8ae6edeb7d0459c,1
0x3e48cc599dee9ac0d9285520bef863740a1d1590,1
0xf3c6c72adb9d0a25799701eb8a288164a15bb750,1
0x5f6974653d31255a127c1ea452ebf9c21c020336,1
0x71f909ade133104649f4f82896b4ce7743cab240,1
0xbf4a156a63ed4278d942411e9f6692520a5bab64,1
0xbdadd894bda9ff71b603984a9ed8e5ce0732a103,1
0x378b3c57e01b47e07d910aa9cdf3bca05bd6aa05,1
0x8c147da649efae2b22e060d62d2ef7e400b55205,1
0x6dd24cac95cd780a4622f752c7ac6665442a659d,1
0x563d83a8c75a946ce8b578bed0041fe59b8570a9,1
0x4e0f2ea27a9858f21a4d35b98ff5999c2738831d,1
0xa669bbad9aad250242e66c536ec6f4ed254f5cd8,1
0x75d835212939be6859df5ff1dd72fcb3c676cbcc,1
0x20f89b22a2f92cb0977357f2e6c07a81ee0a9b32,1
0x0e088f5269511d06cf157e0a83bb13233713b43c,1
0x450c2cff3f74200cff6b4747ca6bf7717e3d202f,1
0xe53db8f408e622059fd8bf0784e113d7feb87696,1
0x8b350f56e557d6fed8cb498a2207005b6b33eaba,1
0xaeaeee035e5a2adf76c310ac67dbb5b131b7ebb0,1
0x8dcaeaa129f05634c2e56e0a1fe0edb088f12407,1
0x815735d80798d464304c00197dd84bd8f8efad16,1
0xa11821ce8da7aec46d1a2ef9e5cb9fcf24744354,1
0x4718b0d3ef022263d9645ee9d4b3cbcb476cb57d,1
0xd527dcc2ee4623513f61868bcacbd343489a2f96,1
0x62dc4c82801806f33e802bf56c1fbd1587bfe3ce,1
0x79128cb0f2da0e26e9ca04f389eb5ceeeb81509f,1
0xee0f872a04931cf62dabe31e6a241fec938ad5e7,1
0x9c775565aed8e9d9b2d2711e49c69961bb2071f1,1
0x0dc0b31035b5b646057caa8b50d2d8c79138c27f,1
0x6bf78d6662f6e96ab4e872471c511c7d5c8b9dc5,1
0xf53a213768bb95f12500cc5a89115ddb871ea1f2,1
0x01e8c08ba784413b78641b31b8fffbf768d24041,1
0x2d9f6c80810f86bd94dfd1beeb40024e4624a49e,1
0x5dff35436b2e63afd5dee4c3065526ab289e2259,1
0x53b384fc1ba08624ed4f5283c57853b05888a260,1
0xc7ae526abd5eb10bd320f754e51592d1d06702f6,1
0x183a27efd81ebead9e30bd087f2ba5125461e533,1
0x47d4dd2cbc1489caa34ac7944fb207271b47ceeb,1
0x3761933a50de1ed72cc97aa79c9b915bc0b88f3c,1
0x66e1093448769ada098f733dd62174ca693d9e14,1
0xfd87766108d5c3d4455829e4f26a069f1f73669e,1
0x22fee78397da93e6278fb9b45993c0d47f718b94,1
0x2ac0deb90a1291dfb44e02ef52e39d9ec71543d9,1
0x4016327dbaa36fae06caf88d62cc09c0c097c480,1
0xc508ce6c80d8aa9fb15b0c3e96ccbecfc87e2c55,1
0x8e097a33305d02a3a4a6025f6cc6f30123331035,1
0x507ed79b7300e590e532f3e97db29d476ca563b2,1
0x25e4a0527a2eb8c4b0267e8e449f63df11924d8a,1
0x617082b07ff7227eaab8d01f26b9d8491997745a,1
0xf19056b7851cd31ac967d3549eb3c70fed95b8e1,1
0x1dbc4b59f3920de70666ccfcc932d440a9e31441,1
0x77299aaa651ed98e2460f3dfc3fe9617b3d50604,1
0xcc396343dbd3bb911c63642d74e6c2546138cb1b,1
0x012ad42040305a16a773ad7b183ab618fd9d2e05,1
0x15dc8882f8e6950dac0e836797462677cf61dee8,1
0x402b3297ffe222b6928b45a539eef884cc2d65d7,1
0x9290c623df7b83a95d029f70b3eebbf51a04f57b,1
0xcd7a852e630eb873720d9d7c002f39533dcd7433,1
0x01d05f9e0d0f83a1f6910222d018dfbf293f32b1,1
0x8fd786c10bc240702c235cea37cc001654f8710a,1
0xe3be1165fd459f66f32b11c9241acbc681f43e29,1
0x2ecbddbdabb471617f3b78bcaaf0ae76a6ba9696,1
0x70cae3ad8c41fa05a0d12e71936d1f9212d2945f,1
0x749eca6915191aa92559d2b67fce129660efeceb,1
0x04dbb9b2b282919e6d70257c5cf5539eb5cd1c8b,1
0x85d4c64740594d16ff2aa7e03641d1456b72ca5b,1
0x35b8dd3ff6b42a0cfb0ffd45294aa2a048e99a20,1
0x7423076f0f6d5878095e0a056cbdce2b9ff194f4,1
0x149569a97611614cb6e5a50cef5fd8e093fefeb2,1
0x2752f1a76c11882cbc5ce73c48176b9f718ce909,1
0xdbe082a617662b754639016b5db159ff496928c3,1
0xee1fc4ca22708d5a183d2c55d1f41df056a1836a,1
0x2765426c428f6ff8a7c66ebfd6e950e7a3c0444d,1
0x5ceb272be2dc769238e452b317643a088f6efa60,1
0x3b009b4fbc85684d1c48dae17de13a985970e7d4,1
0xf7f17582bb8e1255570a370cea76596c79636420,1
0x1f0c4cf5dca604dea3fbe907e2119d785e5b264e,1
0x2386d4ab757cb67e10107abd0e44af1c7c289c69,1
0x0274b7237d15bc7133311550fa1fa64d10fdec89,1
0xb3a15f28b59d8a2e1f113df8a95e7abd54a6f674,1
0xf5efe130a3e6d6e1179fac325e296d509823cec0,1
0xb9b9716dca2344abf1064cdb7dd49c7be5829a03,1
0x770ceff24c8abfa2f7728b3c7f4e3dfc6fb4f9fe,1
0xa6acefc95373dac658f83eabbd5fe472b6dd476b,1
0xa97e35d0ab00ff39d44888c8243b29eeb6ee19f9,1
0x85bd77c2450918daeb4c1249bfee961376eebe79,1
0x9988ba27b41e967f5a4dfac613bc5cd7d5a0ff72,1
0x13cd37a43ec5cb97962df6588c4bcff077aa6377,1
0x3699738ec6355c4c894774fcf30e2c1da5c618eb,1
0x21cb9793af507eb22c5cbda588b9b30bccfe29f8,1
0x6851eb4a5d5afbd633b449265507fc1e95f86054,1
0x745ec69f745ffe184d31313d269cad8cd82c59eb,1
0x7d87f8c9c2f736d808a5a06b3163d6d6f25601a0,1
0x334dc2556c2014a9d8b886812a02d8e7856d15d5,1
0xbc6c76a5190162edad3f6eaf38cf3617ab8d1a2b,1
0x12889eba53806e26c663bbd5f3779baedaaf2822,1
0x105cd80bbfb1bbab575b108593e100c599519c1c,1
0x25bf198f982659fbf54d608cc3fb343fa4d9c89e,1
0x7ba35d64fcedb46b661d56d008e1f4102b4df79d,1
0xf506dee14fe4946d4065a96b7514a4c73cb3ddac,1
0x7dc48474e668d84442be7189c7236de6f3c950fb,1
0xdda2a8957954f0573fbab6359115894a791394b1,1
0xe613db253a4e21d9723671fbb92aacb3d56d1172,1
0x33561bcec22151955298aaa9a7fc431edc0bedfc,1
0x9fd20fa2659622331994ae532801840ec25591f7,1
0xa67f81e6891d4ced4001505a4a57f5a5356a126a,1
0x4830484785bd6837b430c4b818ca005a0e07f7f8,1
0xbd2c575ab494fb6837fad615a3d1fcf232e10f8a,1
0x6b667579b95cc05b74041f97aa2c96bb867ced10,1
0x51a94b654acfcdc8390fbf7ef35fe949a92a3427,1
0x6a0837ea6d5d175fc7e541b0d30a66de9ce7d0d6,1
0xcd1fc4bc4745b2c3577f57e1b130d86dc2a8ad74,1
0xbe9d7d7e74f1f60e2617cc9a72b3fba29e832f33,1
0x11012b72ac6d7c51540bbd5fa77dfba5d1570e78,1
0x2196c6e3268402cc74d86824a9304f6a4739dc45,1
0x08f29e5020ef51ef6989ef4be06e55f84b80568f,1
0xbb53c9edf4fe068bff99c8594675f70240e4efdb,1
0xf33126fd433cd61972867ea7ff69e72baf5192ef,1
0xae17e8382b692fa09f1be31f3773ca40eb39c6bb,1
0x15894a70268c8ea161e02dafae1dda4c381ca084,1
0x4388227d4bc2f6996cba760510955082884e576e,1
0xba4ae543d55a1cbcdf436d3876f9d09af42dd643,1
0xf2b8bd1ca2292f0f9fee295f025b11d3fb0d4565,1
0x3ebb4b5e8672309ea1444fd147a06fe7d02a17e7,1
0xc9e1399e2a355fc8f44a2d1ba4348c52973b2f05,1
0x7a1746576cf31ace627a5abc675f9a2cd9bd6552,1
0xbc841c110f9ba4a4c0ace41fda9be1924c7e1851,1
0x15093c56326442ff4efac8d315aa012208b7fc6e,1
0x6d184593c08ba9c183e5cfce131e771a3b711566,1
0x5c2bd88a3a2ba1e0ae81d7e2fee432d74704bb44,1
0x2c3dd0a29b3d05f7e8249035c5dca96d98494699,1
0x3f02358273a2f3cd58d113f8d4c753050f4043a9,1
0xc6e42088bca5e72d36e816792c2e0dd90a884dec,1
0xbae701f161b0f7af3eb7f1eb2c58c584d2ac394d,1
0xbe1f3a82eb75a3b0fb49cbb81ecee037bae3dc17,1
0x7deba538cf9ed0d68d6a426d7eadf2e210946ae6,1
0xa059e7b0ca5d5da0bb7c706028146dccaaa7576c,1
0x3999a2df9415c758a170680cbe9bbdeeeb290161,1
0x4143270120baa01bbdd8c8ee93ee8248bae4b6be,1
0x561bfa5a7410e765b3ac9414d19fc4003ecb61a3,1
0x3236cade56a40e7f6d6773f1037cfb0c8b07e374,1
0x2d36e45539072c6ec4123acd87e4fb09ab8309d0,1
0xf083699f97a79eab4666d7ec7adc8ad1283c6241,1
0x98d62becb4dce69bfc31a9f29f08c1e69c300db8,1
0xac961723c943b1240d481e36bad08f5ef92b2474,1
0x93eac7fb2765557334bdaabfd6d2a0d1ddb9b8a6,1
0x66b8e754b0a68bd11264869d5388d69d59b87d13,1
0xaf1ec1187cf7e20527b5be69ed34ab394ba48132,1
0xb585d2e8aaad04bcafbb150792158637de5be312,1
0x7d57f50a642dccfc882c9320fe939e382dd4bcff,1
0x7229a5e14832a5c592a49841e3bf11d12f8fd8f4,1
0x5c4cddf1b2757cd6963efe3aa2b7e8ae9a04b9b6,1
0xa463dc17b2086e706afa60014ceedfec4c77180e,1
0xddc1c0cf5415669963a492a41f37b48918708d18,1
0x9da9ddcba0fc14b56f03246d032cfb3b83816c00,1
0x76d7dd73dc356c2aa9c55e31f5517ea40cc2cbad,1
0x990fa7e7bd8b35ddf5a3262d85ca8df830da2176,1
0xe8d2cf0ae3646a1f68964099f3df9cfc3c28ae2d,1
0xcae7628545dd77bad22106007da0b20ddf7ab5f6,1
0x92fac8d877be80b0b75477c8833a4c5a13bc2e20,1
0x4df0a9658672de52c03c781d39fdb51479bf7e62,1
0x4b96ca97f6755887bd686765e32238627fc0b56b,1
0x1845d0fa96b4b159b9d18427347bd9a973db2ab5,1
0x9b29b143620bc890b8644abd0fbeda8fa6b2dc96,1
0xc7462d390122bbf1b3c197a6a4a3c7f0d1a93579,1
0x5dca4bbf391379358dfc09e63291afdba9674bb0,1
0x12bc7e108287543f037f067aa900f5b4b0eea914,1
0xa48b61dc2585008feaceb55cf912adb4d2ab8bf8,1
0x668c631154c583d459962edaf08800d159ad09f0,1
0x0cddf77270d5a6abcfc722f69e3458741147586b,1
0xd4945aaaf527154ce14026d4990ea550f57bd95f,1
0x83cf0723f23837f2d60fe23a18b5e5dddb125d4e,1
0x61bec1604d80ee1da40a4b8fe4e917f53ee61a01,1
0xa8a52f6ae9eac652836a5ce41e405a72ee764e15,1
0x7682292c793737d5da0d591b4c3f566b295b0364,1
0x7592e13b16857237b60c1734b04fecbf0bbf479d,1
0x780bf2b98e921376ff03740e307fe812f7e0f7ef,1
0xa45de08e03bb81793efe32df28093911808f8d2f,1
0xd16ebdcfa0cda4adb286a7f2de6d8e7f1bf9c4ec,1
0x31a7694bdd87d01f219e553c0a2d0771d193b6db,1
0x2932c0343d1217b35816baaccbeb56f7146a0ed6,1
0xe272a7d30a157ee9c30022ddd3a734b6a8276c34,1
0x2605bd51a27b300a86108628ccc0dcf398b4f73a,1
0xbaf1e117cd2d9ce28ee8e278f0f838d7beb3c9fa,1
0xe537ce998930a2394671cb8a7e7562a9489165ad,1
0x4cd7bc89a03e6bc5abdfcc4a2c8b0ef2c9a70323,1
0x8922c841a5ef138af6319d37a719c162730c3cc2,1
0x5c4b0ef765ff7ba8f14c9b5ee9b9e760a2b69c15,1
0x2a85497f254da952ce82308c2163aa3ffc4f964b,1
0xb0718abe2419a331702970c3d068dfe570ba4f29,1
0x3208e17de98038740724919a8ab991e1a855b098,1
0xdf8bfa79db29d6d8ff7615b2c3c0e335b1224a79,1
0x32acc44fae448456c9f38cc107a94bd1ea8c4ef3,1
0x853f98e07aeb68df370d6ca68b61ce9ccbff1cce,1
0xc53a8dc798f710798525a38a7cc9d0230f2b2458,1
0x1b4e222a324b91082ab77cb11c78481a6bf76e0c,1
0x2a761d3f4a684b8296fbceb156e8c97b0ff245a1,1
0x37a48b99f3959c3d1b2f0b06387c32bda0f8aff4,1
0xad21487c6c270e860e7f95edadfa49a7756f8499,1
0xcbad5ea9c582f683f250f67ebb569bfb61010a99,1
0x6cd6889cecb97d3715e879a512cd6d5cc690fd91,1
0xd5e308802c1edf2f5cfa150172507fa4edb7fd37,1
0x89d847c0116fba4a561b72dadc8f659fd1b733a3,1
0x7f845be0d657fb86c76669fbf57f014c63efe0ce,1
0x208a7c5503f30f14aac5cb5b534bc7a1662382cc,1
0x9fb1e4f16a4ed15469ce245544f284dac43f9e66,1
0x233fcd7aabd94510cb82adfa38ede05f1a3384cb,1
0x1991833aa9fba37dcebf914ac5730641426b9e92,1
0xfeed5fba95257df74a7c404a3e774b2be7bef1e4,1
0xb1f3589b78b82f84fd98b31a4d809ea40f617d35,1
0x42b1992abc48d183fcd8b7de58cf9bbe2654fa58,1
0x5b440e30911c7cd7cd75f03dfdd6d786180708f3,1
0x60e134ecd59fef2ad1e0593d19b6ad2fc72f4215,1
0x283057f273f248c8c5b9876349ed6fdc29e12036,1
0x7e2dd321f44c680b898139d8d89c223be757494f,1
0x59e8ca90beb7f111fa4aec4f9b92cc06b85e1a9f,1
0x5cfd4943372cc2b1cae09d689202f087b971e3df,1
0x403cb5f45625a2f5ba3825984640e4114322ec8c,1
0x9f1904c6d5687ad9a6614f81ff0151f0e922503f,1
0x72372e2a88d44ac4a8bb52e19dc8a0c0c7e85a49,1
0x056327cdb031b1d0fbf32717e6cbce0527a5cf5b,1
0x2437e413027710994853a32872334f40a1c844af,1
0x1b2ad081bc3bba2323ded96d7191ca7b3277b4c2,1
0x1de0138907f4524cacf0b7014e7de7503e47c59c,1
0x75907fe4c65ccbe72a44a031d70d9112d15d51e3,1
0x2486f3a4d3cbb4e8851aa8a2e441e00d45151d68,1
0x11ca1876e8e6ab9fab1d283889bd9302d616f4de,1
0x7afd4dabff5f9d15d40eeaee039d969a29a73331,1
0x769ffc74f1e4c727a3c57a9b8e1ab4aeb0e9a799,1
0x5e169b2e39c8d4f19142f1969850ba2ffcc84d3f,1
0xa51bb048c2a00febd3af67d169d109af259e5faa,1
0x978ce932523cca952c5af19484e33bbf915857e7,1
0x7b86d0d4a39199cf3acb1ca88b6b98906e6e3b4d,1
0xca07d5347ef567979c21418e87418047294496f2,1
0xf43ac37db263d763cd21bd25c86d34085a976aa5,1
0xe6342040707397062e32c63b9a01939cc6c4a34c,1
0xa687261beedb51a2e968a8f980ecca036e6f5f87,1
0xdb16f737349dc1a3453a1b176174ad32c0d7a50d,1
0xfb1e7c647783c44ff59545269ab2babf9bdd1d94,1
0x78a0d8e5a83ab438c9277be9c68b8114c34d704f,1
0xc17a84c4707bfac1eb36f5debf8fd85aa3d77dd5,1
0xdde976fd7630f2d8d3f1561466019fb6b301c228,1
0xdd2f5c8bdbcaa8a8f814dab2820f352a59701dd3,1
0x55c617aae03beabadbc65cde0700911ebcd8e802,1
0x539d08c4b5da83e0c74e29aba4238a0490693769,1
0xe6efb986a963cdd690f55025be443b4ed997d40d,1
0x0607a50ca79a37ef2ea30ba6dbc9052e26ccf6db,1
0x6482a9ba19d6bbb943cbce4f057ef349b62249a3,1
0x061d57042dcbe5653f0fc34750069b89d73dd9a9,1
0xf464b7a95eb78c4b0032395627ff2ec7f48443c3,1
0xe76445959c28b6ff5f4fdc8c9dcb8fdbc3953bab,1
0x05ace7f24df8c89135d386838229d62808c88c04,1
0xb24c53eb532d18f668b2fb69183bc2e5c14474e5,1
0xed1b33279ac1f04cf498a07a0b36140df0a29fa3,1
0xedaab5d9fbc3dbe8ccc7a640e17618e4178b19c0,1
0x3828c3c7a4870ed09a25b3d3b024f30cf9df4dc6,1
0x5944f1b81863051c8c1d9b6fa809076aa189dd95,1
0x46f6d954c8c24439f34df466e05071544d424fb7,1
0xd08b7378c0a4b0ca1e503f183c072c62b371d948,1
0xc5699c67c911e0a342747aebc15ce94ed62f2ea6,1
0xbeb791feb5b49f30be39ae0c98c67b9f785c3dc3,1
0x2ff532cf0d05635b98c2b51836ec148018c208f4,1
0x7542a6a441a431248475c2606a0084a093118bc7,1
0xcbd2d4b35df12c7ceefb93a268add3caaf1e6120,1
0xedebe14d276cdf697a401761781b82469203352f,1
0x57d8612ad725ee773f538cad16f692efed17eb21,1
0xf248616bb3dcfa18d0c592d063f764b9f801aa4a,1
0x21f9378c6d637b7d3bd1152e7ab8344cb86cc04d,1
0x111b8d24d6f966b094a415679c87334f5efe1954,1
0x15a3f140cc1a5d3b954eba0e9bf536c3181f2e52,1
0xf943fe92e06b7ae7db9fb5fc5b34280449372020,1
0x9adfa769ea0bd783717f69523dbb45ef865530be,1
0xc0cb5883883a21b502b70a9d9d66cbc498ccc263,1
0xe3d7e5c0376a115d5ff5f1dd258aba6e6191882d,1
0x8deefcdbaff029ab5de798bdcf1c4690742d12a6,1
0x6fba8eceeee949f048e7f5cd7b2c25e564e1aea9,1
0x0bc68323e74148b98946da4090461b7ebf585f22,1
0xffc9573f8e2c8b46cba0b3e40e87b258e7c1b242,1
0xe33e7b0679245c134282c11076b4d823c0ab8897,1
0x2c05445e4e388c712fa6ec17841f2197ae74e6a3,1
0x14e52cabe05be0b317076ac72d7ea85cccde6c8b,1
0xf7de142b719af6fbc682c029e2a27545e3f8d9c6,1
0x28bc51d47086a900c7cde975942f492268883feb,1
0xc509266c8c022ba87f26b4dc2aabf945776e4c29,1
0x2a49fa11b837ad24abd181b95c1f7252b2e950fc,1
0xc4f7937c60c9c024d1fafaeb08c4d2c3b161ee3f,1
0x71ff4207b0188b92539c4fbd5ec9ae5b9a63691f,1
0xf862cbc7d28fe91efc5395dc03673fcbbc8ec177,1
0x8ece1416d11dbead08e1abd2c6f9fb88d55305ae,1
0x4794b99efb6f6f68c5b53a7cf0622d0cbf57b654,1
0x71fcb7594737be7e7d8ced2b94e9227054c0cd57,1
0x642aaf6a7c6dc213bd36628cb37d8a42c1e09d1c,1
0x4fe31bdb903330fba4c0c6e0940d093f6505f1f3,1
0x2dec3390177c3726f414b778f1e46d9af4baed1a,1
0x93c9fe3d88d589deb58404162fd2f5b518c3d174,1
0x16242486ecbab990d0c9e4194dbca44852a153c9,1
0x801669a67ec81dbf2f5be2bf57c36f7e95684160,1
0x9f03e297c12864b0dd47ab59f9aabd14aa1f1744,1
0xee235f416da97ceff87e1952c91316a46a46050f,1
0xc6cf249068e5b8f6c76cc8931434efef5e087591,1
0x3c6e24e40411681f08c284e9851c57c0222ac4c0,1
0x007f3d0b4c29ebeee0b7c6929426aee67c325627,1
0x999e1ddb50fa46d7c8407dc06000f5de656633c5,1
0x15be6bfe1c3bfceae94de26f651044e525d82aa1,1
0xbf943ea339cadc6b142e40ba05a9dce21b929397,1
0x78cc884a445b3c81aec8bd3eb9bba1df56d3f25f,1
0x5779ceb4a44c037626b7d7944b9923ddb23d7a0a,1
0xbc7e5df244410f0736063ba4e3307e8f4a51d75d,1
0x3bc475b2781ed6667327550a9105710ea6e03e75,1
0xeb6d0c3c93e2d0f5d31fabd5546550ae904130a0,1
0x636f553265f96fa86889920dd9e2ff0b0003c128,1
0x3ffefef191d956f8357f3951199113433fb5fd61,1
0xdd935ebcff8d5ef1a3a0fda27b9e5e22aab66427,1
0x4123057b72f33b758679c686f17e75b58b057cbb,1
0x53d8366f1488ae02d5b779985e2b7124b390ccf2,1
0xeff2684eaa12a3dd9fc76c6e04af2284c4725d07,1
0x784009ae3810ea287ff65944173c9d496ada7623,1
0xf9576e23760f1a3362cd923a48fb36ee8d5e2c41,1
0x6306683f462d18ff1b77d5fe3304451027429674,1
0x3eb27420fad56e0c2714825a20f643eeb8893194,1
0xe3ac1281a3f08ab004bfa4214814694325b95fd5,1
0x5c2c796171275919d88e9c0667e8467736a0de9b,1
0x2080e07ddf97008e6fae430d578eb62cef85eb2a,1
0x4ce7a0e1a19538ccea75baa0d50b6b80967d5210,1
0xed024e1ddad4c6048dc558e89937fcb854f37356,1
0x96b9cf9fe38fc0934d34083c0052bb8c2b01db33,1
0x9808a73e2c8af48fdcd6890f96f0718e2dc2a32b,1
0x667358c0bfb2bc7c364265337c228b57325cf209,1
0x6c92655a73de4c5c9f20d7a3aecd754024fa2122,1
0x635d9887de15e21efc5716ae658c2aec0510e8c6,1
0xfb6064d77a7dad7dd2a93cd9dc74d829934efa07,1
0x9c23895cd25ee9f347c9817955d080a51ca92750,1
0xcc2385a129eb94e81515b77d410665723e33826c,1
0x8762e83e9f306dc7a927976e2778a22bc4be6206,1
0xd1862401187dfd33564cb7cdd963cb04ff89266f,1
0x87a3c0ded12f9053e25e2c1ec747b07658dc6db4,1
0x515837937df2a281ef5924309fd0f33c824161fa,1
0xd56cff033664d7c361ea28cad74184ada44553a9,1
0x2bae24b16a776d4b5d2fe513fe5e4fc37f9ac750,1
0x11adbe07089de490f2320995218b5217e2c51143,1
0xa7727572221f386ebc884179adf7e4b6938b9753,1
0x480fb5fa8212001df0c9b08969a73337a2fc4a17,1
0xc72e173fea00e31c2a30f36e45398382c2a3c46d,1
0x5343230dea1ed985d8c80441ee89665730b0689c,1
0xe5afff89fa4e7653a1daf659ce1a9be711e2206a,1
0xc3e83e1e3fd914af5b813f04266ab12898b5bd28,1
0x8d0c22bf3556a20818ae61958770b487cfc876f0,1
0xa06c534de47193c9268a55f5e00443f4054fb473,1
0x31b0b7947682c219d085d83a2a8e02f6f1185038,1
0x14ab638def9df1aa060f7bbc3e3bb7500e04ff27,1
0xb3644120eac2361d7ac8fcb392b4752378871e61,1
0x64e8f914bbcf8b8e209a2dc495a26a3b7a846a9d,1
0xdcad9d3ce4be8af81c7a50b9742d9400e75fd811,1
0x565b5d690de4e68282c16fc325c03eaa79f193d8,1
0x396f85dd4d5825398592a97dc2216a79c2bf00c4,1
0xe2a4298a1e5927651137734488d906c571c581c4,1
0x800876af2132ac8dc79616535d208c3b202fd482,1
0x80fca960584ed426fd430ac84a691d697256b266,1
0xe6c9d0576b07e1d922889e65ed3b8dc8a8e8efda,1
0x306d5ada2318efd23e4e4de5f76c72ab7450ed2b,1
0x6968b1ffbf1a00367875a1832ae6afebb9c903a7,1
0x52a585cf477e226a5144cd0f2e4aefe799e6efbc,1
0xcfd5c22a18343f775e8b059effa7b9eecc177ad7,1
0xfe60f45c5bfaa35e8eab46ad9fb2721cb0062278,1
0xebae7c70936fce98b5ab093187e73efde119db7f,1
0xfc1b1339c04eb886dfa5e29442de253b265fc4e6,1
0x9aee4004b3ee6ed87ec6d3f1b25027803926c416,1
0x859517c2cef484d5ca7f19309cc21f117771efc0,1
0x57e7e054a47bdb2de1d9c6e32a2c019473d674a4,1
0x50dcd830627245ce97f2e38038c9e8522e4eb676,1
0xa49ad3e393cdc8a4ce6347211e8b984cec058df1,1
0xfea4fb7ea96d78b34f118d13e48a759f195b7306,1
0x94fd9e65eef382a8a8c0a0befd6d2f95b41562f2,1
0xdbe450a8b5645eea2c8cb3ab0b3f2b78ff0911b2,1
0x36cb1ca6fbdf8341ea092b6a385702ee8461c5ec,1
0x6806c21fbcee8f0bc4e678645d52a59cf6db6209,1
0xc24dc445d3b1f7fd936b7be245e6f5e707caae47,1
0xbb7128906cf0afdb592f6e7e057a32fa3e3e0b06,1
0xc54d19f38203e8e68567c62bfb47f9414dd4e37c,1
0x48e657b682d2120e472ffd608863c6d99535cc6b,1
0xb2616b2f3a6f21d8b4eba11f37fd001ee1b320c6,1
0xec1ef891dd8f59abfcfca201d92e39d4376a889e,1
0x42f1cb2d66d0ae68806c0e638383d870a0cdc816,1
0x4cc409f17ef57dd5ab2bb70d1b138cc942d66608,1
0x1a3180c46e61609c9c2650ce6315badebe7c6057,1
0xc8d51b9e4283df2788b4d1ca0a64ae07ca1886f5,1
0x00772b8a9bcb003e6a0ceb6170674205e39435a8,1
0x748e9826eabe6c9d6d6c73ac679dcd075506b959,1
0x6a5759108f98773179c07a2cc2aaf2076c844e16,1
0x519534fe15eba4e9957e866c3acb31758a4455b0,1
0xac5a198fbbdc5d20b6f3d3466651608691f0907f,1
0xf18f0aeaf5c997d6c93232813fb32dc2365ef426,1
0xa2487c55cb68ec78f1a101fb24ceef5e877a522b,1
0xc17d78cac034b178f192bd7a3df95627a0cf6b9b,1
0x683090b21310cfd0a3f85bd054e3deec749e4cf6,1
0xf7496c0d387e32c17f48a4a265f58dd2c03c10e8,1
0x7bbf3fb0b5fe96ece8de0490364c3c14ad7988bb,1
0xc36d544dfb536c57dd3744a5a8c2e10b05b6a4f1,1
0x485ee4b90468ed8b9b21466927802513e5edc721,1
0x950f676e4f880beb7e2a0888d60c296c58bd4044,1
0x04db005e5062b6155adfac1ec26bbbb68150f4f0,1
0xa4d2f4466e48145ed06a5be374c07040577fceba,1
0x4a27b6ef89bb41fb5b05e9b991fb667605faa360,1
0x94fdf1e30b056f8cd4d15f0853641d5e2c973263,1
0x1152cd5bb84fb6e4d4b0a8d5684e9e943ef25a1b,1
0x9e50407f618ad70b20d559f608dcdab20cee71e0,1
0xfc9ff20bba1b5bb79b2b4f8e6463ba15ffcd192b,1
0x02bc6a718e44806803df39e48c63e1e0ba7cd55f,1
0x01421fcf812258e3e53799e24b12d42caf45d91d,1
0x665cfe9d47e863c6716ccd30e4661b2fc64ea66a,1
0xa389f56eafa72802303ef58c8ac7c10fcfe843a3,1
0x5c7c99cc5686718c371c8e95cd207d5992252a16,1
0x8c9f9f615c0f299fe345ff2dd09f5d198d7d49d2,1
0xff60e70cde3acee23c15c0c64cefe74f544e3851,1
0xf6450fdf7b2cc51d3092f1febfdb82d8a3201d28,1
0x25d1684aa5dbba08ef6dc04289cf0eefd31d3555,1
0x7eed7065fd1e9fedb6e2a20c315ae6a7ba519b17,1
0xd79bca4179502cb9c53a160a7891b5982b568ae4,1
0xb186a579e1731dcf988a50ea0fc4aa9a6bccdc32,1
0x7864b645a3a6a747a5f19290e22cd31f96fac770,1
0xb4eeb3d6f2687f0b8a402556d9381c752f1e4241,1
0xeb03462e1932b596c4f6e754ba764a3e6744ae29,1
0x27759efb7e1548256f5cb297eba59fe085f8a649,1
0xa36928fb537ffa25df5620beb89be5070089b94b,1
0xe1ba3912e7c1e95e64b423bcda3e657b597fc6ed,1
0x8df2a8602723b7912c6ab3b2a1ec824426340eed,1
0xa041615dec95755919b9cc14e24e608c8e191928,1
0xf7c3e72ce84eec4382c3e80eb4488689f544c998,1
0x74faafb45d9fbe81ff4da140dae8c5e67c565e4f,1
0x2bbbaa0eb386d351cacd3bb5badf41632b636d50,1
0xc2dc3a9e87238b3bb219fa96d6837ca4fd7a1cbd,1
0x323881992cde606e5f44d1941d62db4708a4ce88,1
0x8157f6a7361d1e519afd79b8fdd2546731479ca3,1
0x8bb2a2f06b9b9bd1cff178b020878922172b554d,1
0xcb89d6f870290c81a687ae964339f148303f37b3,1
0x1c1ac4d83aee112ec5ca2b2eef7461b8b7c302b4,1
0xe8932cf346e7d63662747d72ae8cf9f91a997854,1
0xee474ec63d0503057bfe893890b9476c4560d3de,1
0x3f10a45e52b4aa60178f7258d74764b0efe84f38,1
0xb375c3d3ec8e08f249cf4368faa2eb6cf57f6fd7,1
0x048ede374ec0bed81fc07ccd3f96b57f822f47cd,1
0x2d16708bdb699c6fbaa21effbbb030f7000c309d,1
0xfead043a170c6c931c842666b2469f1a2981e656,1
0x093564611c04155272f698a76e0d1bf068fbef8a,1
0x07287ac8e83c465b27cf03f9e9a11fbdc9c3db34,1
0x574f0fce1b37b35e0b28146326f88caa137bdbe7,1
0xe4e0a996921805fdafa9bdb8e774ed807b49dabd,1
0x33f435b2f885c95e1c254eada52eb2aed1280543,1
0xd24d108d1d98fab59dab310bc240e4bb23a8ea47,1
0xd9b03361d2f8854ac5e212010b63bb2014954ee1,1
0x797f0ff0bf93e8724de368e3aba8a7601f49d6a0,1
0x1a490fc77daad1ac0b114454c5fa297c771a9be1,1
0x7bf227d5cb2ff5e5a0eb42aad910a5a792f0a235,1
0xd14a453aaf7aab3a794753645e31255cccf48419,1
0x645622a4a752095ad238d312f2e473b8f3d3c135,1
0xfab2142b860ccc31e5a9c56b9a687e8c650fc354,1
0x6c752c0a8d39e7d366151e0df66d027ae166642a,1
0x8c2d3d57a88fe10a596d328e2122693a56e27387,1
0x1c83b9c08b24747660bbb0915cec068a032096be,1
0x1a4146120f763f2024d7b615515e7692f9bd9604,1
0xa6c2e14b49f4f7d20f4409dedf3fa8488f6c4ef7,1
0xfe0eeb095199e62d2a33f5999dbfa5f4e4151ac4,1
0xd6caa4f80bc59d0c43721895eee11a0b8430bc88,1
0x0d4dc197edc4fd2190e5cdd5217f598f3dee613f,1
0x2722f8a15218dce6aa1c49706882091c6750dce6,1
0x7c792022e4e4aceadc98da1a3a6ca1ecc72a964f,1
0x61ae8428a15925c253e893a779a4ad72b2a583a3,1
0xd658403c40f94a2c0d39953d1508865efe20167a,1
0x38e53a940e5e325e08d40245cc548688272328e6,1
0x635545470e2d88cd44d64c3973b7baf6810ed7ec,1
0xc98241fef87f927b2a69d6fdfd683a5f36ec15f7,1
0x1d5b9643301f430f40798d6b13ebb17f739eaba4,1
0x0dcd91dc41a507e2e05e75abeb9349ad0045b84b,1
0x32f93ce07fe080e579691d99f725c95fbcbe5039,1
0x5a501e3460add55d511eb1026d2c24c2ad0c793a,1
0x4c93608df1932c377c87a9214bcfffdfa802f60f,1
0x57b44a052c1a29bfab34af79bd65a465a942b366,1
0x6e1d63be191afcdff38efb99223674450d4eb55d,1
0xd66b2eca5650d59797b0040bb490effce952ace8,1
0x43520b52db78694887f75c183df09640d1adf7a7,1
0xdf7f5a8f46d38e52977007749a58f3af668d2f1d,1
0x1072251995b114e6aac9c71ea95dd535d89ccb95,1
0x26a7fbb088003957b40a1e486182cab3d742f25c,1
0x82701ac5794659d6b627412d5d42ae4619c56316,1
0x8c6b4be28d2d39074c64dfbf1ffa83d8dabf9b4a,1
0xfe1a73e5daf4716f97a923e94bc2005c8d634c43,1
0xe8c679c1aa164a78f488cf6993b3de9696b6688b,1
0x34c97b8d4f44e64de3a1f9c115d2c79285dc5f0e,1
0xb273bdcba51d537f7ec2d384786c7fb8e734850f,1
0x90ce2670505eb906e3770afd849535f695b86918,1
0xb588b11442548f590b20a45ea42250539cc38fc5,1
0xadcf040d395adfa1a052b73960f8aba2474e1d94,1
0xf49af08fadf2f031ddf7eaa9496d28156989e636,1
0x3588551bee06ef8afdce1b8fdceecf4358712fd2,1
0x68871a3361a4de84130e3458eaadd8f4729d4d3d,1
0xec2123105be5c10654dbd00115372de8e484e96d,1
0x31bd8f908be134e47939a3ee0fe6750fe69ba671,1
0xb25263be02be4d4a408855a0eaa460bbf33a1344,1
0x931b4513bfabfbca2777a36a78b1459738ef8001,1
0xb39dd291630640a069cafa58907f74d2ceb1b78b,1
0x0bfcddf405e3787c5d7ea5dbe371d8f2babe9066,1
0xd52159a7f30d1c2485a2a3030e522aa33cc1a778,1
0x82563c9ee30620537aabbfbe6e21109fc0160001,1
0x3aac8f31011c8519aba76c7d710fb2a050212ba4,1
0xac469fbfe989fda0b48089a5cfe761d184c1a008,1
0xf4e8bb82acc8c3669c8a4339670753c3e8922560,1
0x759efbb6733ae43f29b079ff7e57f38027438ea4,1
0xac09eebcab8970d9e68465310b7f11f666ffc193,1
0xfd712e0d7c2fea539910c0887072da56aed9a2e4,1
0xa0e9f1d1755de064b055c9f9c01652b67df618d1,1
0x03516b5033e81127aba5c1c7752d93a5b2be15d2,1
0x6cedc948c9971dc4d5d6f15a2fd9a12cac170029,1
0xde467381d0220c150db321c2d52cd3ae8c10e74e,1
0xf3a1f921601d9e800c0451b20b77801e667068f2,1
0xa13684556a287bf1e1bd7e09ab37b847cc3fa8b4,1
0xfbf2c56976a81910811cbf875a3dec796f99271d,1
0xa537329baf77617d4b7da036969022c6d78a9afa,1
0x7837dd0bb9633f19e7ec69de3844db3f2fcb261d,1
0x8339bd805b9486b839f76c7b6ce7b6b87a192455,1
0x91e947608b7990b7b4becee02d98e7a652b30b5a,1
0x2312107798ac1f73b8491b0898dd773fe6ebefc9,1
0x0af86c02c99c6eeaaab2aac893db7b1276b10045,1
0xeeb86d13006945c0537f166f2e6c2cade84babbe,1
0x527393be5ff0d25c81ee4e373bff765617a59cba,1
0xf14b474f371bcaf9dd7a2d2a72c3f10464ca5311,1
0x4ad64cd23033a6ee149f14f5c238f4b32690a4a1,1
0xe931da28ee04afa16ef132a7da557e4cf5c8d114,1
0x71c02985f34916156562d10f4205256621f15601,1
0xa94dacd9847709abbcbde243dc07522593ee0d42,1
0x808eddaa79789c10d191a5e8a88ba417ba0645da,1
0xd2eeb5441a87e3a46b280da7ea53adc87e899d2f,1
0xb996459c11845be72e5d7c0e42e7bddd90ffd91e,1
0xcb874b4e99b4a871759f9fac6341410e8e71123e,1
0xee136a1e3bbade408fc6683d2e2468a086cfcc8e,1
0xdef1b4fc96a0d32e47f0c5a437e85f71954d8d93,1
0xf59497bd3049ebc9f132bcb89a9004cfae7401df,1
0x0ff0ccdb29399caaa20f5c62c2bf6ea4f4a4871a,1
0x83918abef34e83169697cf3229c0a93e6b0b332b,1
0x8eb1257f902cf3783f9622a1420e8c0ff9b53fd3,1
0x7d893d003c180b510c2045528ca41b5d5381ee03,1
0xd48014ad24591e1c24c34d91760256f68fa20ab5,1
0x0edbb14f353749fc63b76cab406c7afa585df8e0,1
0x2847b1fa858d490494b197525f4c49eaf23fa4e2,1
0xb94c865934de74da6768ab5612538d5057a3d6dc,1
0x626b6c20725647e430a1732c50de761cc6f30f42,1
0x9b3d49eddd4599ed584d9c6292a380cc8cb0d71a,1
0xc07959866fc77089e7c1c5ce1d55a23f72ba38cc,1
0xeb2612b173fd564c95ab6102ff4b2acadfb09d67,1
0x99aceae252c808291d81ffaf6e8037091d511b93,1
0x8f4479582f47860c16a2dd6add11d0d7aa840361,1
0x7ac2469944d513842dba32b89bc3cacb42615378,1
0x3124d7e110086f58930845d1cc354aa83b2b4bac,1
0x313af56c9f37e81c0688d202ca017fd4e321f45a,1
0x56979529d887540adaa1e791e36571b46a8bb1f2,1
0x598b48f044b6eca6147c7802b143e923710a3f77,1
0x39963298e04b8da96e41d0f4e580792fd8f0c55f,1
0xaf9a501ce8dff913a5964671ce9a95fc076425f9,1
0xa9e7ab7d9fa5fe32fd61dd26d25cf19b76b9eaa8,1
0x1efb0921a3e87a07deb82df5cf37588bd4910dbd,1
0x0a7241cd35b351a65bc923f7b2cf3b77837389ae,1
0x4a60c2799b9d25bfcd4fd44204933758aa17ee6c,1
0x22e975864cfe9fb87c02dcfe3f2b68a6aa30c81d,1
0xafc20078638a103ce69c5af5d31f707e75d834cc,1
0x22d71940f36825411194debf118e3ba8993d6fc3,1
0xadd6ffad7dad57c7e49015c2b87e7f96f7be6e7b,1
0xbffb14db15cf6c6d7d0a06dd721267f5f6ab3fc9,1
0x744f37b4196a11bd9b6c24ec0ab6b3f349ebc3d9,1
0x6bec8d93bec80c87ab9e071a335d2f0dab7d0bc1,1
0xf56590d94d3e2b9f8ab0ac536bd7dc6dc9d6bc24,1
0x20772e389a13bc709ddcb90983b90de6262bd48a,1
0x3fcfd0cf7be708d89b309f68a1e1c1982d7ce9cf,1
0x650c93883925ee020d055caaff85a39b7a570524,1
0x726172ddeec88df55e799427bf447bc5b37d2d45,1
0x44417b31d3cd1c1e5be5cf34258f7e6bc1bc1cf3,1
0x96d067a5b8bc5763e128d89328e28586acc03e0b,1
0x34eaf0a9bc00eba9c9ee61636d7cf8672a1468f2,1
0x48c8be326c9e36ebea5f9ec897b50b0e8da4868b,1
0xc0df4f8c729a91a862c6d8010f47dae383d321db,1
0xd2c9245c2b8bde0df3a1be2b3b70e8305e84f551,1
0x944fef864137e563170c9fe3c1adb74552c8491e,1
0x0199ee53a3e96a85bd620d4cf17dc72df135d549,1
0x7a02df31125a41b6ff1288f8c4dbafa8f29bd4ce,1
0xc9a05b057a3a8295e8d8a551cc9031a587e381c9,1
0xdbcb663f4420f34e70af7acd2f1bf88f04b95e63,1
0xc17aefa5362b0adf87e6de8eee721c7ac645883a,1
0x5bf6f2cc8268d8593f09b6a539bf8fa959030db9,1
0x3f3323609bc9d10aa99fa7db3a2d1ced16e588f6,1
0x224a71d35430f13380aeaff55e4c41f5bcc7c290,1
0xac960cf0e6b431f52e2f2c653a861bc21b525e41,1
0x6a188685a2d403458a278ae5fc59fd26253651f0,1
0xe589b7c1fdc7800feba4c6e406d620932f916545,1
0x45d1c4e352504b569f40af5f5ceba765969d50bb,1
0xb5afafc01ffb5b1d7d686ad5147e38d6ab35e91d,1
0x6f64630b0c3d552ff127f5efa2b4670ab3e52896,1
0xe945ea87be7b336ec623bc0aa4f7210e16d0c5ca,1
0x320d381db48a4970de481d83ae4647da077dcd09,1
0xebfabf8e8287502c6bf242a2035c190767c82712,1
0x47ff9245c08c31f1dd744304d8202bb7601e4aff,1
0xcb079f1119739f556f86b195e158ce14671d74f0,1
0xda9ab6cb29283c26d6abdbdc88b99cb2cef53cc6,1
0xabb82ac97d9cba536d6f62e34bbd43a481ef1760,1
0x6b03fb3a9fa3dda0121d780824879540aa641797,1
0x22578cc5068c36d1a9da692d9513a642bd0d47ee,1
0x27b70f167faa1bc6254e9c94cdbfd6f637a01aab,1
0xebe965eae5cde8adba79023aedd0b8fd2f21281b,1
0xdd55c7058144667d9a802f2208d7eead4763b3a7,1
0xe88705dd7d80fe245a590e32c9a25f5089074488,1
0x8f5b6a5e19c7cf4b06861d6200727aebb51fb31a,1
0x6651379eca2bb3982c9532fe7b60ca57f90ec5a3,1
0x1098c299d70c1ce7f89049f402f7330bedc7970f,1
0x0ee48dc979c504954b184dfb1c42107e3e7713d7,1
0xec2c32514be91122a162367d6ae52303e6213bd7,1
0x6a42298658adc6d21fc12f0b2d2a1d51b2030462,1
0x3cb31eceabf202a95fdc9783a259401e2868582e,1
0xb02f550ee4e5f347571334173f19e9953fc6cf7f,1
0x3db24a5071a5881ed23930c69d85ee33372bff9b,1
0x250b9177a95f173b0001c6b05505d7336728118d,1
0xb4d8b937624360b6b4a1f0cc3da8799d508960ca,1
0xd140204a5ea8615ca44712b34e8fd54e05d4fcc4,1
0xb438c3d51775acf3689cea7e19e87b7b97426b39,1
0xc9afdc5fd69f7cb0d4b41c4ec5ecdf449b4fb45f,1
0x5daa3c66f975546ed3adf3ddc6ff230ca16113c5,1
0x5fea10f6f2cecb6a8b4cb36d0aa17cab788e8455,1
0xcc7fd9c0213fb486467397f98d42901ebc9845bf,1
0x2f753942417d3b03c1bfc46603334b9442972d2c,1
0x0a40f69dea6b4e4940eb84793a0937b1ca8bd1d0,1
0xe3925704432949d48b46cd30540836714724edb3,1
0xa2f3e693eb626acb7b23b435bc4f5fbad3ef2e17,1
0x4bce1451fda84585aa8abb61532a41c9aaafc857,1
0x937b0a3406a77f64de66805fde5593b523996a4c,1
0x2774cae7e9315187112948cd875be1f1af52f620,1
0x77092f7eec37ae9a6071f851662faeff371ea97b,1
0x9867009bd83ec07748903ff466e3e1140c5e0a4b,1
0x9867ced3c2aaf4fc51bd15b5e0c48c86dc769c6c,1
0xbfc6f2926875a71c6e06af6935303a145015da93,1
0x862809ba655d62ff7c4320e413c16fb5f266b810,1
0xbfdf1ae8aeb63f876f16a21655918ba14a3082cf,1
0x30e4cf47790bab6a0e1e61da98e221aa9db8b701,1
0xfbd88caad9af5c3d4129f39c7fb97d26aac96788,1
0x5a18c4305f7d4f6ce977ea178216a1cd7ca85548,1
0x6cd12c5dd1de18e5d02dce16a7d77af88d9347e8,1
0x8f09754d8d923b7e1c94c0c490afa979f99515a2,1
0x7c2cf4677bb925c80baa47d305bd93fa8715ab17,1
0xff60e2540de9a3d22a4f20dc11cf45c48c00ab46,1
0x98a352336cef67caca386c2544efa6e4272635b8,1
0xd13da8e7a9f87892d7e728bda6725f214cb92b76,1
0x811dd7f54aa784450feb85b427b84fcb7127ad91,1
0xd82a508f920d81f605c9edbd65ad9331c2209418,1
0xc8e7fd5e0e7e9fcfaf55781c4d3a0fd94edc1ba6,1
0x69c932e800e16c8af7cc73804e810048d8445a21,1
0x0945317dde1e541c3a49774e58ffb719672ac3c1,1
0xf4be17c5cf07a3a2579b32e9692a6adedb0990c7,1
0x57686d43ba275c09068aeda10eafaec6ab7885d1,1
0x0bd36101e8fc06fa70a7054a4b9a19c3da024914,1
0x8504b111b157fd76c89f213dd37a986719edde9a,1
0xe97627a87f6d86f3bc1e1b85aed352608062e62d,1
0x295b9b7cafa0955d97fb548938f5714b0141ccf7,1
0x1d91a3253159ab2d6e509dc670e9ec34032d1b2f,1
0xff012a3e2bdc5f566ae91b26719b99359bb884ad,1
0xc7ac137e60763bb0d07907dea4dafbf2fabe4227,1
0x9d9262a3748b24451a558ecd745db8ceac6d6ea4,1
0x1a2c6a8c58aa4a697cad3c5d52779e64fc5a9d05,1
0xfa4c85f9481478423a40ac80c08eb0c119dc18b9,1
0x155db263d0503381fdb1aef0191cd36f43641c02,1
0x486e8a6161e59fdafa48817aa7ab451aca0bc389,1
0xd34fd482d37e1e55003d1613950e68bc4c393df6,1
0x8d895c52c9a8baf8cf3dae582515a326d068efe0,1
0xc73aa8039566e45e866461aae093503592846ef6,1
0xc9b85b1c8250cdca47c7b9af47a6f62e4e4d2102,1
0x2a213a1898944c112a819e87543ee22f07f30c77,1
0xe397ee5eb230c90d777097eba374bc5fbe97d5b5,1
0x40ec638bdb921d0a01629297a30fff248dc46efa,1
0xf24a17121a1681205e372e1fb6147473eb087927,1
0xe7b19e0459bb860643c29a34995a02c3fa05978d,1
0xf84d4d1d55c023eaf0dbefa26a0f2c95eb7f1552,1
0x667c3a04aafb60d0313a764027c7329d0c721a90,1
0x537f30ca275f9f079e33b48be41346f5f8b33ad9,1
0x652059fd17fa1690dedc143a6acad723391648d9,1
0x3fdeec0e50fa025bc7c11817af7921ced527cf45,1
0x7fbb0220cdf51184ed67fcf15e553334cc79d455,1
0x197055acf08e2232f8360df4c020b4c47db2b162,1
0x950776086dbff0f6700f110be1b3a0d144faf71b,1
0xa83166d523632eb449af5806fc9c9df73a61fda9,1
0x68666d0146ac3a843c645e2ff49b4b2ac6be8ceb,1
0xdc4f24c413528327560531efd58ac6dadd303c13,1
0x3be8a3a276fab1e27e46dc1d869364f83f422d7b,1
0x5c22f5ac09f4dfb7dabdba66d9cb20a338fcdb34,1
0xdfa910ef354859a561439d56a02e4c75031f996e,1
0x54f23b74c603dc1b05c341f7684b98b59b145c0c,1
0x6d82d9c007aaa2b078e12ef74a4388b154ab00d9,1
0x40596aa067313207c6964f50a197ec07af8e49bc,1
0xdf52f79cddc0741e807e298d4ae0a38088c733e2,1
0x20e43e8741886e2438c60672fd9d674bbcd770e1,1
0x9df9e61e01a851a51530a41b8c7789c3de2c8723,1
0x70080e077d4a811d045776b37c303620943407f9,1
0xa2a619d4bf99c7fa38b4a6609287a92e0dd66dec,1
0x403718c6242c85ce12a1077fdf278da4712521f1,1
0x0d82fa1604bfa8030505abd70ec86d8e7ae34657,1
0x55709b4eb411d1500f89f98e5955933f26cf760e,1
0x6a6b053fa9ee55bd1704f1a2741b4db45677e6dd,1
0x702a75b49a0e4eb77c98428096d9ed02fe020013,1
0x523759b4e8dbf1d71343fd4aadf32775345b970e,1
0x3fd31179c1fbd1d6ae05a2bb4a97edf1287a5f41,1
0x3860f3c9a7d3007382e87963c41cda763f1c340c,1
0x48049d72f9aa7e99caebf33cf0cc3f42af3c4a84,1
0xab7132d05ae4e3b8bc620f7a7cbcfbcba83ee28d,1
0xd879e6f9a59e7d824363d0eb3e1502c558b99261,1
0x43bb99217936080bfa655c3975d96b7cc8f11565,1
0x2cb90bdb8449d3876ba05c050b40adf4da3ece75,1
0x68534498fc8b8cdc283a75a30e535fbbf1f14f02,1
0xd02807dcd3036d3aee730d44b2eabf30e84f1d9d,1
0x84c372b1186f8ed16f682f28bc128ee13d58b234,1
0xa4e28c9de5c1194170bfb10ec5426f7c84bc2488,1
0x1e6c9803ba3363d07be8bb032ebb4aedf824281d,1
0x7711ebdb58e2a48129988d886af92ad2241567cf,1
0x70ab15e8c1f5539742b729da1ebced35f4aef2ec,1
0xd121ce7d07891e6418a9f4166a03fd21361db9bb,1
0xd9a44c509a2ed49f1ae4008697cc218c60fac281,1
0x77162bd623e209712a53986000cd04fc22256613,1
0xa75e43e031ac7d1980a8eab053cefa41b8aafbfe,1
0x805f680f927e0148bd9b5f447a608cdaf6ebd3ad,1
0xd6b11be36aff9a0c4840d8db242b4c9ad4a0da4b,1
0xeeebb629c25e1daa59856972ad5a39d4ab2de8c8,1
0xd97118049968bdf7371d1de5f6b5fabb2d34b87b,1
0x516bce65d1b36aa79b9ed69f74fa6ce215ba2bbc,1
0xae5d9a2087d56d19a1ad066d1e2879231a615c44,1
0x686abe276ea84cce5fda4e96d0818cd3a95246d4,1
0x6ca5ee5685e6c519bd20f31458515be7097c3363,1
0xf290403631e8fe2dd625b30f7362c5609ee7ca4e,1
0x9dce9141dab49df3095b432cee3f6604024b97c2,1
0xfa86a4e2331abad4b709a4201a3ad279b8acb777,1
0x8b3851671b63c2f4b30ffb48e02065809ee87974,1
0x3bf73c407cd00789647030ee296dfbe606724e45,1
0xbc8b50697b80bd8da7c1cbf7c74fbea9bc578f77,1
0x7e1b8759a07fc688c41393071b216c1e5fe3d540,1
0xd4140102c26832e35cacf97b4f0523e2cf16e658,1
0x7b3fa6b82953d93e57009a28751c1b3a6012c44f,1
0x0752ecc564199c77fcf78352f6b15b1df3855b23,1
0x4882bf2f490ed168815fd8a4c579e1b4844200ab,1
0x7ada733635d438c292d5f62a70555163a810254c,1
0x67516324ec40596b4db26723de336a21c436fb12,1
0xabd31f81f1d408c1d4df01e090efd897698bf6f3,1
0x39a40b136a941e424c0eda740671c29f3de20bb8,1
0xe88084f9e4be4aa1ce0c97cb284d3c86c2e53405,1
0x7250c340b942b0bd713cd36de90304f14d87c894,1
0x73112dcd66d1c2070c5894633d00fb35e27e6717,1
0x24dd585ba402e4e04ec9a4856fc49a73f9f00ed4,1
0x70848fe176adbea72b204075063f49b3903a093d,1
0x5596a959609484a702ba9959d4c516ef24c064c5,1
0xa581381850c432efb9b25aba6f06889c2286a7e4,1
0xb35af10487167deb94927d24e4cd1333cea8faca,1
0xc903e949a1daced865570a3aee6d1f5f203b9bbf,1
0x78da419a785f447642c5054cbb8d0021aa62ec40,1
0x306160b24127407e2058f87897117d6a88a246f0,1
0xbe8ccf7de3c13968a4260aec0c31e3afbb746b33,1
0x71ee1d72796c2f1adbe370a1f0ef303c856665a9,1
0xfa9dd299c8ece44cf4a35d4de46a0cae20d3294f,1
0xc323f42276e51e5e753072d532143f12e74e0ab2,1
0xa95ec42eebeeb0519d968641c4aa9166b92969b1,1
0x8480259293db8c8fa68a06c4d5bfa1dd25982002,1
0x0354a16e60651f91eda05c8a82a79867c752693a,1
0x39b2c6bf501b8a16b57e2dc6116aca53eccb475d,1
0x95c25bc28601e9c0e8e67bc4f8a3c7dba20b3f17,1
0x8e1710f3240540c14c0f6e8752db0539a50e9f1e,1
0xe213f32bbd153ed3835fd50c15fb99dd735b7448,1
0x5322b22cf12edfe0dcea5ce890fe8e0094c05645,1
0xa5b46693573e95022ea35eb25c56e18d307a4e13,1
0x44744225f7e18ea3681d0febe3ea06c0b1fbced2,1
0x526e35b11c015d5eb2eb979763142740ad19814a,1
0x8b5a8a28cbb06fe60e0caa727efe03d796197c75,1
0x9e794506646b2c36c168929c19fb880de2833f50,1
0xb92e29e768ced9956200b0cab1cd0f0e0bc3773a,1
0x653080d2e2da375f7216ee600a07dd3a1d9987ed,1
0x2e25d540e966e5d2ab83aeb3e00bc608b7f5cb0a,1
0x9be7a8badf16468d20aad9452b97c7bfa5c0c8e5,1
0x90b6c5fdc13d38c6c5627b528c772bbdec899219,1
0x76ba4e27d08616ebc247ff290ad689c8f4fec667,1
0xd04ba70c54b01dc2660182d1779da96f66d4eb89,1
0xa9bd4d26c315e1ae122f254655f9cf96b6c188ac,1
0xfaa0a7de2d426bfa85f790dd43f2efde56ecb747,1
0xfea4844bebfd591d9b97709e68cf34dbd654b63f,1
0x81e0d167c507d0fa487b6c8e2a625c4c7f69355c,1
0x0a7c24da58beddc6510baf4aaaa0cb8ee471589e,1
0x29d5a100f1465ab613e4dc4a3ffa85fdcd562621,1
0x3cc57525868fab896edb3d695885f5e0b137a356,1
0xb537e15a12094788bf6408de4b2caa393d636b10,1
0x0af80ee21b9cbc799bd9a6c62c29b32547f19857,1
0x8c739fe8e638d16fed0f61ea87297b114dc957c5,1
0x64f9d2d970515d59543041e9ffee924eb493d42c,1
0xb84a16ca1ef21588903915c0c51a91de6c3bd195,1
0xd7358d34ede0e8f6eb2399a15dd1a8b4bbcb9025,1
0x68b0dddb262c97168652e798618217b27ed5a862,1
0x855cf620d17c4c9ee518872815979a7d3389e6fe,1
0x8ba6c1658ecb7883998ba287439515039bc0d4c7,1
0x823438622a3c481a8662ec6c9913bf3c43bb9d95,1
0x1e02b2196fb11c0a28f00bace742c317a4e2df5c,1
0x4e89c061739cd45f6b66e97c0e345d7e8113e5df,1
0xc756fa3fbe1bf9d5891d714fd62a553c915613ca,1
0x0a8616626f7dbef444cb676e531b1fc3f96a044c,1
0x80c04839fa22e0ade584bc803de881c19e8f6ac8,1
0xeb0d0109f60fd3389a4c9a3bd086d6004c833a9b,1
0xae1c0144e97ac1f0f42d6c24ccbb80e60a328dd3,1
0x06820e74f45084f20812493ad5262d34c6353b13,1
0xfc304d2ea0e36eb739c54e2001d92b9d98d3f9ac,1
0x9983952f762b60a325c62302a2666f90a07026ae,1
0x1bdeffd4a0542657dfd19f41564bd35e42cf91a9,1
0xce5d59f2be7c31e4de4d22d96cc55d572ef1a17f,1
0x5d86828d54d6ce326743c15a6bf19ce2d136d0d7,1
0x6dccb9d65ca6cc20138f42a9da1302af39d263d4,1
0xc51050801dc26a824af1132e7d813f1ee6c93812,1
0x759aadf2945108c6d516cedf8ce6a150564b84d9,1
0xf9a8e8545faa8540b8a0262f927b90740d3005a3,1
0xcec7ae41572887a3d284b21bd700c38912516f76,1
0xa01b0be0916390f597dfbff2c933dece68ad938c,1
0xa9d6abcf668c25b27bb823d4460cb3c59128e09b,1
0x73b9b2108896d783c9d5fb0c6ca792772564cc6b,1
0xedf67eb830d3a5810c1c0cb7df2fa0ed8c8e9bb6,1
0x76ddd777c4a9f035b6c2fc8d2ea9e5b4dfc1cd9f,1
0xb83f464887a461b7f0971aa54ab1d7ea3f1d45d9,1
0x5cb4b2dd1b3ccd78f76804fe114524c272e91693,1
0x1c6cbb07812922d8202a57bbcd3c48f3d9445106,1
0xa3a96b8ea674e7c638a85ed075a88917f6173650,1
0xc67fd5e62a1c84c123f9d2968965831cfefc24d2,1
0x09d789bc1763c2ba0ada22e02069b98e47de70b2,1
0x264a174f64726d7680c40cff4bee5bb14b6472a6,1
0x82b27e32544f7d28223d1c1308af3b56cb3e0a68,1
0x7cb887c57dd261020ecc8818a34553c1d36f5d9c,1
0x28ed651457a37246e30f091deee1e3d27219649f,1
0xc1c9150af22b5535a00559687b19889a68572947,1
0x00d1b9501d0fcefa247c5a89d92bf9ccb21fa99a,1
0x2ae785ee74299030cf8d29a6e3fd7b55eb4ca2d2,1
0xf14c1692e03e10f584190fd449120aabb98447ab,1
0x6590917c59c705f1c0a948705c44012378d4febe,1
0x90366e83cc557e87db1ecbe7214aa783aa43762b,1
0xd2e02c50569a2c4c52634a113c093725a4ca0d0a,1
0xaba9c2d98544d246a327b99cb667dad7c3b8c4f2,1
0xcd66ff7adf4166e90530c8bd54eba14f5887b589,1
0x3d48de511b87835c6ea91b3c75cf7654a3e25158,1
0x9b994d5c5c364b4cca5ac8868dd919614f687f3c,1
0x7a596c430511af4023967d0accbdd11403ea4f25,1
0x59db4c28b30817fe67cf1a07f3a27d93c132dcca,1
0x41d67cca80f8550033e8aeccb3764aa39be5b836,1
0x7107d9e0259fe16a09327b485f3f40ff839a264d,1
0x845e5c7c315e8a8ab805531547d0818b8c4d7028,1
0x833d34704fae0a9181f04b18699d44729fbf0ea1,1
0x024914aed2a6d014263002b08e42e650eaa42a85,1
0xddcc65ca676331fc5ae856bb0a473cf0305817c4,1
0xa017aef15a6efcb0585955f5bc17a0b067ac712b,1
0xec5364538e1601ab7a9c135ec2b8e1d5e93a48f5,1
0x1c21634d92090f888cbaac5c105d96daf0a9a8db,1
0x504b9367fc356c04df9bb84532a205e852dd8b76,1
0xe7c9531e23bd7ae2eae918feae6a8397e87b0b8a,1
0x27c5c81e4771f76ff50675f415e82a5aeb4492c8,1
0x4aa42be22ebbdc596a53158d3ad88887ff68407d,1
0x43905aae8b46126d5d1cb63318813994b242ec1f,1
0x5fdd3192b3745866fdbd1da80b932b9b33977da4,1
0xc5b4d8d0a789dd1356838e4bb1b4cd31a107977a,1
0x95c024b190c60938f690a32ab4d990048b1e5962,1
0x9e47f4bf6c50638ce73737b3c19d8903da728279,1
0xd3320e0fb8ce82ea0b9137f5c22222f170d4bffe,1
0xb78f720c71bb9e6ca3f8ad09be510f07048979a6,1
0xc9488ba1df488f80db77596cc26ea6f3c7b1b315,1
0xab514f506a198b7f222b17cf262b7aec28d31e6a,1
0x08fe66cb11a319efec6a7290b52a6b893b39360a,1
0x7f460ccc172e74463395ef007cef9ebccca053cb,1
0x7ca2777935ffe7cbef008905ad0e47f6f2b73d63,1
0xec8368fa996e0143917dddef30cec8a89869f1b5,1
0x539d712ee6d3527896abd86ca33357c615cf11e8,1
0xcc01860dfebc6084325dc5474bb1d6c3b286afe5,1
0xb32cdff81fb8b65f6d1cff1a565948323e03b7c9,1
0xf42c91bdabc43e1be824e492caf5eb23f3bc5461,1
0x6d92443f8738e794484600fcf537b96e60c7035e,1
0x438373c013352c1cf9a671f31f374d1eb394382b,1
0x1c527fa993ace7a34ae0890e2e50899e10246ff7,1
0x3312f67584937ca12a64c5fe5153b9a4265a353b,1
0xd478b83cee1be49c7a0bc6331d0b5bc30e442b9e,1
0x69ab69577de18a0cc594f3b52d19eb6dde38f1dd,1
0x46b67b0074a4e83da570fd3c4cf1e2c002dc01d4,1
0x0dd133db360195371346a1f12267f2fe66f235c0,1
0xb742047cdf1200c868f3ae6b8ed5378c2a29f659,1
0x4898571876e5724eb2815c0e14ff3d3261015fe4,1
0x33a2151f924471b1ffa69f5fa38d888769ca838a,1
0xd8d7e306281f8d2a0ef0fa114fc4afb56b82dd17,1
0x1aa0d5c402f89f9c420211cdee4a06c2fb62571d,1
0x1a1e34b674d265e403c7923d593a1f8c549fe0be,1
0x4de51e7df9ebe1f7044f04645e6019e1fda983e9,1
0xafbf4d66f9af811c4b3326b39b8d31cf990e11a7,1
0x3412d0ec1c8a54ac9764321957636a0d83d730a1,1
0xa4bc7b3c8aae6f1d60090cd5ea62dbc3895ecfe6,1
0x0efa28f827152312e68e8c627ae6ba1e75d9d5fd,1
0x4c279cb9c1952cb044de5e18ac0c445f96f78a84,1
0xda7a4aa43c6ef4a672460a74ff823ba66035c04d,1
0xc7cc19476f40e9ba0b3cb68640bb1a954b733baa,1
0xca21699ef4578c0db3a5a09775ea7886bcf7e322,1
0x9cd111d2107a5963557eefd586c912354021fdfc,1
0xea098515e45a302e21a4bd1d808feaf9848d3b69,1
0x9cf70c9c95917c1b56c6a393e6481d66984c6d4c,1
0xa3729c90b9ba4a8a2f4fe354dd0207a96ecb94e3,1
0xb4a8352a62f3ffa74555d58c0cb4734270dffbdb,1
0x40e57973c40acf8bda76e831bae0c2db24e00faf,1
0x62c8a596a4ede7b1ac0e7e21f83e22e213b7904f,1
0x59f67c33e2e25a9b0112df1ee3becbed8e549639,1
0xb6bdbd6668430167be151aef4d1616127498f1e1,1
0xb65cc0a7bec7b768c5156230ff8b2a8c9d4ecb1f,1
0x97f124b3d9ac5395cbb73d4a462708f4f680d841,1
0x7f231010b5c40e6ce431b6a7c646ff71eb1bdaad,1
0x515a1b4bce982ced8c17cca241c675719f519ece,1
0xa21d464b0c2e2ab68af5ce553812b00a39057fd5,1
0x4ddbd288e9ec3ae1810b96c310d9f2087add95a3,1
0x6d2a1e39345992ef9b594357f0067cb27f0bbd4f,1
0x4f1eb751078e1a9e976e2b93c0ca28e91d748b82,1
0x116125ec827647af81058b05ddab1af300bf717a,1
0x0a7fa28e088f5dea07c4b1a08f22e6fb10a955ff,1
0xbe111c82091dfb17e3b41e5098829cc395dd2cbd,1
0x3e04b95c5a6cb6715973da8c5072bbd624fbfd54,1
0xf9d48ea37ffa3cc66064ae11434c9a475fba029a,1
0x8b9c0eb587dcff0d575e474fc69fd10d442fee89,1
0xf7fafce0e9df42ba9c861ac9874acaa8b40109c1,1
0xafd754dbe68c5b7846e35457faec38aa44aeed92,1
0x356e51961dad606a6a3ae6030da9d22a144c659a,1
0xd3dbb7ae61f6255e44a4c4df08427126d917e89c,1
0x79e9a1295f82951fed8064769c55b297f56ac0e2,1
0x3439a8c0c2b42b396316e3b4279854386a7a5138,1
0xabefc9476197ff3db6a0040d3521f01372752c71,1
0x6729343d033a6bc21b54866d195b820717d1bc7d,1
0xe369341f625e7f9208812c18262971b539e5cfbe,1
0x873857dbe530feedd6b5f8ec2523753f7d3daa57,1
0xf7f733e9abb16f1e9f293718611ac232ced5f91e,1
0xef2c27ac8947949832070038036f905826fc3462,1
0x9905a1572a48142191fd63117731a7ef71eb073c,1
0x512d41c0df4a0fbfdf9e8ebb1fc0df4067f68f8d,1
0x232867aeb3400da91b777f1a3666f1c15b8cd447,1
0x5749f6b1ac954603340af08cb52f65503e1ceb37,1
0x794f33638cc6d8fc0d353f7de6f4d26f699b1c98,1
0x0dab9e3afc63617b676280c17365a9a120227548,1
0xbf51be326ae20dca65b79fb3f5b3d2842397ae98,1
0x2c98f74b314f4d59ec0c4892add609d62be77380,1
0xee3b919481bce0da9c5613c6b29053a61e472a53,1
0xe1d05b648d35fc4cc58ea92ba08ae6aa1afa192c,1
0x300cfedd1cfcd4d85fb2f743fae5068f0865fa2b,1
0x861675d0c8caec7cbcdccd5756001098c7a4064a,1
0xf005287434821b8a7b0e6f7b35727b7cd68474e0,1
0x05b64544908a653fa75304cc73a5fd0d55303afb,1
0x8cf0b67e2b5676ecea2b046803b61d348ee17394,1
0xdc202738e66419c250b154b0660de2b6d6c71d9f,1
0x640297033ba98cf279baa3ebaf670392d127167b,1
0x6b3d0b5df9abe47b606c7ac97dd7a224103a7ed8,1
0xee119e9467be85f52dcdf4494db6c42b50e42738,1
0xd0366d5997e45e43e3770a6fa1201d56d4b5b9ad,1
0xe046f22313230847c1fbd9dcb96af68371fa3ef1,1
0x9d0c0cbf4543430f72f4487107794acbc65d19ab,1
0xfbd69339afba209e69c234996450bf6762205af7,1
0xcd6e86aa7a4ee07aa68fbe908aac09fa012ef469,1
0xa904caf31030ba705f4718506e38fa8dff5ea084,1
0x4173c508e15a1b818ea3b79fad9fa098f52c523a,1
0x05341c8f99901c7ed25aead1707318565361d4ef,1
0xde1b6f2cb5b6e9a79ef66710fd10caccf810c584,1
0x98dab1d7c8805e52311626b6f54ff53244da2522,1
0xfdbcc2ea6ab1e8aedcc587424b47102b97e33dca,1
0x4dbbfa9950492e638ba38521bcfe7d7bf20184d1,1
0x564afbd20d8cf9ea680eb5767270007225644f72,1
0x9389017110b128bf88c9aa9b205e69dad056695f,1
0x140878a2c292c97be510a238f3c7a1db3f830ab5,1
0x7e1380a13a5e6486f9127d3b3445db0cf8e3ac8b,1
0x901fe9690b30af943b7619fcc39ecf33daa105f6,1
0xfddb439424cb20bde4eef2862b292f4c82170a1b,1
0x21f3f802a803a6a660fdcc059c640757c97d6684,1
0xf37e4ef8f70af0b42a62aeac157e67638b12df72,1
0x1417f7f98b7b7517644a01dac3bf5dda94680c26,1
0xa8e51458c39496bcb22b92b5df7904e18d926407,1
0x0f21cb9575e2e2224632b0321982812a299cc2d0,1
0x42b3d2d7e4fbb9866de8af6c966dde53e4fb9aad,1
0x3dea5ef1aec698d80e8f3c30bc402b4d68406769,1
0x708b2fd0249d1124bf492d43848a65f6cd345cd8,1
0x3cf7967900c0bf8aa36c76a5ae64ab3ee9f3220f,1
0x23ac65689324fb75c788f4642b6c42575c8c28ab,1
0xcfb474f552042b47cf4139f614f8d00e59fb9aef,1
0x7dab1b75df7fc44321c6c868b03b46215b97c20b,1
0xdbc02398ce5fccd7e7f271eb370b166e05e91642,1
0xaf9fc49cee08a51a14f263f6e2032e7caef9f416,1
0x589ec8c2e1fed3ac71445a4923c191fdaf40f71f,1
0x2ec6460b15b5bfd033fe24a6b2e18466c83a00ff,1
0x57f670f12854d7c99c4632e080a67dce7a86108a,1
0xb8e4f2fba3474db252823bff07125c3bd7bedf98,1
0x96757892d6fb7028ff43b758787dc080f37552f4,1
0xb0dbee56c135c2ce0b90d177fbc591aa2133a50d,1
0xf1f18ff253b00d62efb3cfb7916d2be3f1131a72,1
0x74e6abb0504c1cd4fd67c95506a18634873693c3,1
0x576db505e5895e2d1888e9738a4e603085facf6e,1
0x5f379225040e39ea1c8d00522903f70de016955d,1
0x0bc38e865185a6581fa2e5c8e2ae5b9c2444219d,1
0xdd8bff69bfd13f27fe6d39f1bfcdf9992bf1f85b,1
0x68017eb191b04543d715610c1280de8ce2a8822e,1
0x9adb498f557d30d4559d4833e5611e6d093cd74a,1
0xc0a06f14bf2dce4b6b3c5b885320453ab1a111ee,1
0x9f061158da52490d177f8547ef6e00f590af121c,1
0xfb8b2eb9c82b65e1be38642f447fa8c3ac70cd50,1
0x8f5354d217425ba51a0a4229d785d5c73c008786,1
0xd59fa71caf67e1334d2fb7ef8c959ac413fc2dfa,1
0x26e083f8941c9973eb115a1013758145405bfad8,1
0xbf52fdf3885a7839d372f7ca358026b2685b1d13,1
0xf702eddec275cb207a08807ecda04f138d6e9d1d,1
0x0bb087717e6c6671d5eb45d8403faa259baa0d21,1
0xb621e3cdcb4bff8128435b5bd9a0c367576ef4b8,1
0x1bb13d85224dbc5e72e98343e071dfddaf679ece,1
0x7022907034e26a634dad4a66da2649fc764739a3,1
0x915b08b2febd4092136b12d1361a442cc0b7ecee,1
0xc4e2f27bf729a70297ea31d57db462cb271fc138,1
0x52d06dd0500402d8f9f1297700eb07801c18e223,1
0x36b06e22c2ea48b2c82c4458094a6f3ec970687e,1
0x73187e687a52dc588f1fe108b3b9cd108e4ff7bd,1
0x3e34bc990d4775339bafe025a3e7ad2c5bdb8fda,1
0x4197c5e5b4e093ea6c3cdc71405b8deb6129fb09,1
0x9817c036e4a12589d30cb092f0a30c6e55a4e6c5,1
0xfd2f5bb5d385886c024bf21370fd56e0e91351f4,1
0xf006bd5f77d4f3bdc6899bf43e4a308c46c32ba1,1
0x0eaa4b08be28212cc29a18c7d7e2c60575f42f16,1
0xa1e6cb15e5a154d3c3a7a1c7da85a9a5a8613e60,1
0xde8fb8199a934d55c853c454b132364d866002b1,1
0x041976b94917367bbe16150c972aba987593c349,1
0xa2d510d8c39e8be4734c7ea6af216e804a9cacc1,1
0x4f9fa1f36665ada67ac267bb17b9856d786cade2,1
0xa990850e7ac4842a093df796d08d4a0fa99f248c,1
0xd6e20cd3884e3de85f149a2b8e6063918e2cfc46,1
0xe787fe370b18d45d5b84f01f0c45cb227f546d75,1
0xb3581d1f6d29670e97a3dca5ca08912e984a79d0,1
0x59f2b6cff628215a931f062e9281f9ca7865cd81,1
0x1949e0bd367d05ea6119a8a2f6e56d5f71ee43e0,1
0x3118ceb8cda27b052171c6610aa1c837fc684481,1
0x36693ee2cffb04a6e30008ca72c63b29f68103f2,1
0xa7b4d84b1da9f8fc5d6f6d6ae98fb4af0f6a84b1,1
0x4099ae924a4138e56ba58e593ad4a00b0e5042d8,1
0x4fcef18ef885a2cc846560c0b9575b066cce5886,1
0x58fd10fe0c9f731c705296f23b0090ebaad08d4a,1
0x99a1f00fa097079ad73ae251ff6b0e025cfbb85d,1
0xc02aabf8b3c2f0a42e148899da09f5de7eff6572,1
0x8fefe02ba9a2035ffbb5e5ee7d60824a59d6e2b7,1
0x222c3a785ceb9a47f7126b4dae0a2645b8e9fe25,1
0xa22a7427de28805f1b4eb29adf6e47fdd66ab03f,1
0xea6190f9654f2c54d9dbaf18746b6fea0ee06e1f,1
0xaae309e15db018d69f442a993692c1046d7d83c5,1
0x41bcba175d62840128da3c01e53f90dea46e1264,1
0xef2fc09f0236d828b981739c298f4d41a01b38c3,1
0x10266491e2c45a5bd598143ca0ff0f228916a54e,1
0xed7a7788ac6923b9824c01a869b23df4a167055f,1
0x0664646a049fdca258279beedde00af8224560e4,1
0x5ed5fdda9ded92569b3b5aab31a9f36b234b3872,1
0x1343c6a389911d421f349307079e86dfa9130200,1
0xa9f60f8e60af1326187f2cefd8aa1d903e91f6a4,1
0xbe088484518731bc863fab0bdf1597f9c431d4d6,1
0x7d9f4aa2466a27c03a107aa1d7d980cdfe705bdd,1
0x61bdf3e797356b9b53de3fac6577b7c07d76648b,1
0x1f5c885226f4f36f837105cb1d859390571bf3b9,1
0x58f7b2de5a748cf4fdfe755867f95ed255a3bd38,1
0xe86395eb3be3b8ee40b12252ef103235119ce101,1
0x44a564da4752050212571d31a094faab69589171,1
0x8e7b7af4830540f24ff7bebfb1d234ae1ccd87a4,1
0x7ebac2c864b79c49f8b953439c814c65b4277af0,1
0x42a1173e1994658c463d0e79cabb4ea356669467,1
0x6a4e716d09ba7b1fa9b5534e4566bbd69c8104f4,1
0xef4df48b97a4dbe9b82ca0f9a800d8974a117893,1
0x1e0bfdea4f572d68065b5f8696f38fdc640ba7f1,1
0x5318ff39c609fe9879cf42245ab7471db584fa59,1
0x35fa655175acd114f92bb9aebf968c965d2aae78,1
0x06d4f74de9fc81c0d52f7f83062288bec3c74601,1
0x8627176f3345c245562ca2e93c9b714dd0d2e0e2,1
0x40fec93103faf8206129c72d60a8cfbd96cfec25,1
0x7bc93d0526760935a201f47200c6c0220a648f13,1
0xf6dbf8288a1a3cc572ab30b57aa0cad7693b1987,1
0x2d73e543c996a9cb37b6284dc3e03ba5ea7bedc7,1
0x7b23b674c782ceb3802eafbafceb28c963dfd512,1
0x1ba6c6f24a138179faa890c1e9bad753c1cd4efd,1
0xea177e939516a0b0efdb1f38525a8ecb52f2c133,1
0x8bb1d2f2d39911f4811ceab700cf291d7f6fbdb8,1
0xd0a9d842ada6611ba4706e8b2ba3dfb18d7958bd,1
0xaa78a12e2ce08e804c02fe45c0e451f27fc8d644,1
0x08b15072914d28bab910ff23074770afe0cf172c,1
0x916d08594d223f86266bf038deb03a8494091a3e,1
0x5cb253591286a4f2f18da5496beda7392a6ed73b,1
0x904c8695d960e3f92a4cfd7ebe45f9c29ce0c365,1
0xdb865823872526ed3794457dc0e54df931804385,1
0xe811725e6eec8d71853db35a0aab9ceac3f60864,1
0x33e99a2ee394a375173afc2803b97ac80621195d,1
0x1ed14eb109e7f43db09a216e278c5600d511ae65,1
0x4bb23c1f7a1c5f0fa1031269b854f7c465076ace,1
0x89601e2ef0351940fcebcb96058f261d6dfda2af,1
0x31f7edbe9bfdc0f70f51d7e77b5744bbf226883f,1
0x3bb2605395e1124748dcf499facd46bbd7394d9c,1
0x4724baa60c178bcec706b534482791739a55f83f,1
0xe3d5cd220e687da3636fd5d921365ec8307735b5,1
0x49d4612072ef337675205f3efb816fb76586c7af,1
0x059d4a53bae06907bb0aaf201946a0b353f68e83,1
0x064bf6275a202774d80f64d1113b66c82b84c0a7,1
0x417bc70d0568cb69d57a3f6dc190c877de8e336c,1
0xa35bc17ea4e103c0cbff12d54cba2d7fd463ddde,1
0x0a2489ae7db54f005883ae7d072ee83491ea015b,1
0x5cf711a0349bed8080f3f1c6287b79727a71fe83,1
0x944e30f735c4734a0cd48625e1f3f0f5fabbcba9,1
0x99edea0261c8044d6c9efb0170b78314b001a014,1
0x4c52bfe227b6c583e6360fc5046560a4ae4a75be,1
0x0eb377bf4b7fd39a2258e3ae56671957cd092ac0,1
0xd897c54a1ea237f651605037ac80a63122231a83,1
0xfbd75cbc4b13f607059cc12eda389d5f455e71a9,1
0xe1b8fb3cbadf9f2f8147f785d93bd6767c888563,1
0x4c7e7bb16ee44b71002cef98a8f3661d8360ad10,1
0x4b4574dd5b6394094e5a253be51c2c4a9777e26c,1
0xd1acfbc9c301984ad3c9d23962e33217a4cf5605,1
0x72903b17c7cf9b687d8f038560accbe44d6c1fdc,1
0xa1417270313937a9bdb0292e8c292607c2af6d92,1
0xc4216f5b3a69048a0f03ef47643b0bee87348792,1
0xceba2f61c930f72ea8a00dd1c84a68095c05142f,1
0x65e4bc7a437733aabcf85012582e85ecba859208,1
0xe0062bb7a7625c3e890ff9d53e85ef3cbf7f27ce,1
0xa3b965f3d2740e6d10f6a99c2e40fc382b21b134,1
0x2e06ba3708c7144c46c2e0453b563c5fe7abdfac,1
0x5c73d0bd2ad537781596eea0fe586a5ff46cb3bb,1
0x057f350c8328bb5d83840db0e98e2465a1dc716c,1
0x96186d923c8d41662594cf0c2eb4475e07585ace,1
0x75c58c35de8a5ea2f6ace284d009e98066a1b99e,1
0x070eef82f5cc22cbf3a629163e644017c14bafa6,1
0xf4d3b6e0d203c32693b808496645a52351a2a937,1
0xd5680d44731228c8b459196b532a3844b98de690,1
0xa41a73ab04080cf5aa6cd832f3e84f3770e681e9,1
0xb5916c189c02864cc2d28f67b9816edd7f78ee9c,1
0xecbad54c1f672106eca9e7bc643d9f30264895ea,1
0x3569c3cbc7ab25f04803342b9fc98e83d6e0c7ed,1
0x1cb53a81edca0a3817f7a9030ed2d7b2a04493e2,1
0xe4e6a1fc8bfd2b6be589ac80928ed6a59ed9877a,1
0xb7ca05bf29faaca042eaa246084866966573d006,1
0x54faeb775eab3766e63afed56cc30761f029a865,1
0x72d05dc781eeb215590d4d19266dce4fc7766680,1
0xcf7c64a431082cb9e2f758de992fb3569a113e2d,1
0x0b44353d3df4fac936bdfe5e93f2ca15f0a2870b,1
0x0ad25a60d631dfbf88a8d9255bd877801a89a8f8,1
0x782542047df368eb752f3f89d53536a72777505a,1
0x587fbf8204b8956e01d5c555d1be41a8626e1b2d,1
0xf6605ff93a6acd4307c271a0f5e6c0b97c9dab4c,1
0x8a34b108af9355c5db96fde9f8f93a3cc13d4fd0,1
0x1153a08604e586599e32435a950da6fcec3611e6,1
0x700defc4503657ef3367aac1e649df6f3abea422,1
0x24e6d6ac014c4a266f7e85b6aad70b16a532c282,1
0x7a32d4b1f403615fb4dd40e1853d9db862493b83,1
0x1c06a27f410eb07770465ad22099313faf3e26f9,1
0x15836baaa871e95dba738cd3cf7d4e2112fec754,1
0x28ecfb1bd76232abb61b3f050dd717cfc7ad4246,1
0xa3f326d07cee91d4f8c205e9ea34e23e68f5fda7,1
0xec18fe031d192dbbf68ce7d6d83cf4436933aea0,1
0x31e9e361df2b32597aa0b62d0ccd2e4cd9e129ff,1
0xfacab741dba95f62422599ba600293fd0f87d940,1
0xcd0aecc9b176b9db1fe3cd17c52983dc1d342f9f,1
0x5b97704365055b70f5187d27a2ba6109bc82c29b,1
0x8735084502cb940c488cece3caf99d9ddda65b2c,1
0x53c4e1253724ee147abed6c1be190871c99e4e50,1
0x2afbe6057f6da487b28aa5454f553be5c28ce9ba,1
0x63b58029c11867a63713e820c1b0953d23b835a9,1
0x9308286e55d06fa7c871ad22341472fc3fc65620,1
0xbb1ae0e072c86cedebc783a7f42c5a3dc7c8dadb,1
0x99eae0359a11ab7aff9116a16c6b287bc2941e50,1
0xba265f3803f94d132f14daec3f2c0a0b599f80a5,1
0x66b52bead7eaa17a2ed23ad48b21c23829cd590f,1
0x0ed79b64bb18f8f3f20f3896980a944436c8ab9a,1
0xe879205fba1754e4c50e5237d5fcdd9411b3445d,1
0x1a86d0ecbf6219f411ab0cf7171b314a45e0edff,1
0xa0f65778aaeb1ff06c590f511db7a97750f24a32,1
0xf4f4abfc1809f6045074dcb2f12f60f4c08b7413,1
0x12b3d75778cf33d1838ad1fa3cc0f7f05f02915a,1
0xa1fc994502bb408d8b6854354690f12d9ef672ce,1
0x6eca70e306c206e2a7648dc061b1d662eec1cb42,1
0xf1b176644d091af045772fe2dbab63ab26c3e32d,1
0xb829d02cf2e2833ffcbed6cb42b777c16a6da3d0,1
0x44ff9fb48523c94e2e60965c6e9869d4d9e5ddf5,1
0xadf897caa4ac712fce6b858d0c9724c9c5f8263a,1
0x7c7df5411bc142efedae599ebf1cd88daaf510a8,1
0x0c2cb61ec3790c7c3374465aef149d3235810086,1
0xa80d24da283f2a8712a2d929729c318d5119bdbe,1
0x0169d2489720a9a1583c9e724378d29c9ea5605a,1
0xb5c25573c9f1588dbf32a763cc96db16e50a91ee,1
0x280d28dc6a639877f057ad2b2002efadd06f8f58,1
0x7f74f06eeaea04edef72bf3f2993cd872ece88fd,1
0x44f7f26a0bb012f796533481f7a66134b7bf28ff,1
0x17420a4439d25d1ebb168f05922bb3a39c2a7084,1
0x9bb4c51b836926d762b11bd0c93c4a8fd8c58cc7,1
0x07045f981d2e3e964ae5e941e264ef1a3206845b,1
0x7ec61c7af494d9342c1e2bb3fd0b7fdd68ba12da,1
0x9327beae5fc0dbc58bea4fa11d73c95a9d5c59fd,1
0xe2f551f6212d439c244b7c4406947e78dbc5f47f,1
0xdeea326682526c2938ed88a7a9be7c110590c4c8,1
0xe34907b69750f9d8b935774c498771db67c50862,1
0x883be7b76c8b71e32647745e210afcd2a750ead4,1
0xa4ebbc7b64bffd3a182794cc61682bd87503f802,1
0x0293522209c812621eeb157bdd23d70918005e27,1
0x1068413ba3cf66c1c3e5df588f5c64a7bc5fef8f,1
0x829567d94bd6e4e5eb7f8298e61143a1274897ce,1
0xe02e6c1f9b4f50a7f2145df81778b2a03ebf019b,1
0xdc2c4ab5465e4e33608d6c775893dc63e6114613,1
0xaa35ff3ac94b4b503e1b5e9896f0bdbea2a6023b,1
0x4efb8f6ae1ecc549d3fecd431fe41e99ca2b3fac,1
0x61996419ee5f9bab82dc331b2ccd6f4c75b01ba7,1
0xca6a80995f0cbc71d7da056d376ad6333f221538,1
0xfc941cf304128e2b1489bf60c6ed13e9a48cd336,1
0x8855a9e18597063aea1bf0223e571f511e19d1e3,1
0x3cfe166672dadb34260f0e05ed0a7405e8a5f30b,1
0x35640db024b710f535caab3e43409976685da859,1
0x73c4eac33ece58274c59c49d2e25def5de24839d,1
0x4aa3d39d6875525c0ff81e2a60f5dba5c736c503,1
0x5f3b056eaebc12786fdeeb53a41c512e8159ae52,1
0xcebd2801f2411124b64c29dc76da99626ea8a123,1
0x32cdb661af312b81c1c1352116ac2f01e4c8ea6c,1
0x8dbaa7e12db5f000f233a80674bcc87ec53d0922,1
0x011582408bc99905b25f8f49e8da9773d7399a69,1
0xf6f6398ffc139d99a81d3f8b4eec98087547ac4c,1
0x690ad90d967a04fcdb4dece07234d285ed981f34,1
0x26fdda33818976f09dc708a6f5863bb085149efd,1
0x0a3639224093554c75909cdcce8436175242db92,1
0xc470b7cd88c99357b8787f6e7ab031308d55db7b,1
0x300d5e8baf9b0606a786405000d50dba819d6749,1
0x02dbe2acdf12dc3eabcc2235a924e57f7fc1772c,1
0xdacee4d972bd8d209dd0c7330f2a3f3800d11aad,1
0xf456b452d2187eff386a5f3f42af7f25433d743a,1
0x3943db9c52ebadd9a2c0245326874171cd624009,1
0xabf4e758da69a77ab4a3e3b97a8dc8595f19abe3,1
0x3264811f4bfdbfe5edf7f604bd414bb02e4f8d74,1
0x08b2eb4ad2d3c101e69bdabf46f17d713d095aae,1
0xb9dd49a6bf910213486d50e9ec22471a426cca2a,1
0x71eb254acebbd134b3805f8f2fc44ab898c5de1c,1
0xf35a08064688c21466c5a6d9b8955470fd634caf,1
0xfb08b7e1f4015cca6a9995f4cedac7809d9a8de7,1
0xcbd7713da3a2ddc33a528874834593051555d17e,1
0x3f93601e44569900d1170cb02164f9b8689b4f91,1
0xf8438d34fbbd2c82627d20dec579bbd85a60f254,1
0x44312bc6a4e17a662c2dae8230ed679ce5ff223a,1
0xa5ebd68fca7d8bd38deb019d6ca3ac36779ed39c,1
0x820de6f1e09f53cfd7ccdc9d172ea103ff5c2d80,1
0x04a7bb2c7979c9595330f2e01aec1dd3aaeb15c6,1
0x62be5389db9864f714ef573a4c33354b66f991ae,1
0xaead96c3281e3687be213eaa3ec862f739a67330,1
0xe52b822731a4ee6e4e3cdeff749f7ffac27f55f4,1
0x172d603a40c9829dced6c707989d863946369611,1
0x4f62bbd65e4876737ef72d378e9d45f1f8de3893,1
0x4e7bd8772e28e007e83f60aa39ea9ef3de17fe3e,1
0x8717d3baebe18a6f420790cf0b7421eabac8ca61,1
0x4c32e8a1bc20a89edf55a20fefb68e01fd823e68,1
0xd8645eb17be503971a6a6e1dbe84823f519064f2,1
0xfae19a2a3348c6ea6d2656cb043012cd2cb1948c,1
0xd164d988d0c69ca3114c3d8eff235202ea3280ed,1
0x32d1b23d648e94880e7741b795c06e08537c656b,1
0x72d9001659d7258458173d80f70a4d4cb0bb8a68,1
0xff45896bdf0a12b30a6f2d066218a683e8ba0bc8,1
0xf2854b5cd12d5bbd9911cf92fca5bb6ea64b51fc,1
0xdab036f45c929f8d9db7a55c362b278a15c38a95,1
0xd80e6274be33cb473ccc6cfc726f5fcc4002f715,1
0xfd484f27c252655d68387cef342c99c14f94d3b3,1
0xedd520f4e45c789891d0918cf281d4daf32ec0fa,1
0xd7fd1d58d80725c9a57173c2e13c53cf4c405806,1
0xb3d69c081dccf4a60aca5ccb5d2ced642b8a7ffe,1
0xb4b88ca41fc1b44f38045f43e89e0b64cbba893c,1
0xa83dbb35b29654c3d459ef5c6c6dbeae87e0ae30,1
0x397e5a6e1a6ec3cfdf9211a251e25969865ca1a4,1
0x31905b3b5d8aa0d10bb81a3fa2169664f5a00772,1
0x83e314fb309ec8a86b0561c775e151d152d7ca21,1
0xfd32ff4c21b0af0010ecdfd9b3d441fb1fc5d155,1
0xd5b0b54d1af02fe88877e0265598f0853263a06a,1
0x403063c4f49e1d351e48c6e6e6a42e202aa1b69b,1
0xb6c8fb71a68fd9ceb48461c3305ab37cab2aad99,1
0x8295428a367352c9710aeef4e6524d4690672c59,1
0x8a2ba460a169d9efb48c715b45b568ee46e014c2,1
0x4addb8478cd4c2e7b360c1663a44a649e885143a,1
0x6b8576de2937308ca80021a0d951464e2c2bbffe,1
0x58d4acadb1c70e0f3d867524ba262e2395d90be8,1
0x54e5ef5f5c5a1c842cb4029f6d197a555d87ef4f,1
0xaa7726b261bf22ff440ed747c24597a3e9276a08,1
0xdd50a665ff91419fda018cb26b3a0ff60865e7be,1
0x537b83916616ed88c6e87d63cb458fa593a075f8,1
0x9953b0de2adaab44a8b4d101e6e1764e0df3b991,1
0x17f32895bea0e1e3202cb8b3fb4a9d3dd88a1438,1
0x71667f9119b6283173aa9226b228885ad79a67e5,1
0x3e5eaf06979650e2baa9d9bb393d7aa0e9854ad3,1
0x34710c3a1bd166610d443bff06be02aacd06c78f,1
0xc79b1d061a0aefa6e2856b8206e4d7f6e3332367,1
0xb15af9c1610283ea303dc25a65a5bf3fc9edea85,1
0x88f816e8e22347723b771f92cd9cc55c16f7d6b8,1
0x42cace8442b18124d81eb87c26590e865c708c50,1
0xcb11985f785779071157b2181bdc7c39d61768bf,1
0x257562e15a3814662e89bd54cdfb00b42b6f1cb8,1
0xf71a2627063a876460aec4c342d72fd7d29910d6,1
0x9f1b56f150e4c99933c8423a9a0bd0798e036517,1
0xd2f35e4abe15b6f7dad3eec68bb6d82ca72c32af,1
0xd50686e4231e8fa77215fc63bde481e707d7abdb,1
0xb47b050624ec5ad1bfbbbd6344c99e7183f356cf,1
0x3c045871517ce49aaa7a2040e1840140db9430f6,1
0xf715161e09cc5858142dca8a917352349a1f3669,1
0x84e0d4e5bd154af84eb569b2fae391b52d530d1f,1
0x6987828b907f6d51d3a3c096d07f36f005870dce,1
0x74fd21914c1b5c872d62e9e38818b87d27652ba6,1
0x80db6a587eef0a32fa8499463192a5a67cbb34d1,1
0x79225d7baa1c40348cff7a992c7e26e6fdb7b512,1
0x21cbd2cf334182adbfb27bd9d619ee66ceb66133,1
0x75ddb06c2c405a78f1e2ef039dc8b56c8961b714,1
0xba4f64009f14ea422b707918938423586b9348e0,1
0xee20a7c673063404b99ee3d45cb78c256fe7774a,1
0x0e1d1072f04080af850762e24de41f2bf786ccce,1
0x9be6ff8f5201cc849ccf56fb24db2c82e5c18afe,1
0x0f2e3d427e60b2dbd1c804b1fb6674b144585d64,1
0x8ee254d69e063b7ff42242623b25a6b2bbee2c8e,1
0x694413dc0f96d198b4c8ca4939f103440e175448,1
0xef8d9299b50f9e2810ca9071225a128d727b8886,1
0xd99eee0caed03f9e3723fff5e6f6f29986816c85,1
0x5a107fc1c5a09b7fcdb7a5bb02379fd8e854a38c,1
0x8ffbd805fd5570cf24aca2668ef0fab82dea4cfc,1
0xf85d10564311351747f47f23268803a1fe412a8f,1
0xce2e0216feaba9d47b8fe2a88483bf89ceb9ada3,1
0xa8ba1d43cfa1f6f44add4dc4056c9e4ddaf2f323,1
0xab57dbf32f8b6b70d42c92e43e125ec116b6f847,1
0x40c66f7515e0f89d2133402fe0bc82f1112a7db8,1
0x6196b0fb9b941c4fbc4e4db5cbd7edca259753ee,1
0x3c8f34d31647d0dc2bb71adb2c3c656b8381a175,1
0xc68f2f0aea730af348aff95bc29f7963ddcbddbd,1
0xa0fe7fcd04f7a0d9b4c53855997dd75df73fbc14,1
0x0012d1353e34570a8cb7240e4b362c6afe3ce7d3,1
0x49b974df964a7add995eab2dbe0508518f1c70b5,1
0x10541743ced19f5275c5788178a52c0e6d8ab903,1
0xef119ef9d9751ed7c0af5b7fa9f4188edb368f89,1
0xec6282a26f882cbacd3e191df6a9d7f32b55d072,1
0xab36e46e72f63cd0918d500edacdee5012554aa9,1
0x59d9b1c71c3bce91cacd7e0109d8a2fa491a9e12,1
0xbd28998bffab6a1c7b5d7ab2baff2edc47a5d02b,1
0x4c6f6ab5ff3bd0ca650a3524f93e38001fcf8aea,1
0x35090923ccb3b4a63c2f7218b8dbef30a9a55e60,1
0xc551670808b9e07c803c25f7ad4c6c276160a533,1
0x933e1940d16d308c9bfd3493fa9acdd85f7608d2,1
0xa27c6fc983b01ba449afc5a42c853688d72b6276,1
0x57c2ffd0c1f0426d703dbe11e7446607964461fd,1
0xe7647be0e9da4feeb5b34ad7b2109393034de4f8,1
0x75c28792522885486223c3de43216c626efc0cd8,1
0x839b95f786fc9eb753f76ff7a8918d0ec5d13eaa,1
0x1f78290f8883eb7ce9cb2824363b91c25ea04a0c,1
0x00385d9741b273289d96ec5a3ecf89699daefa8d,1
0x5c382fd44e7a53d0d8c45742f6c247bdc1fafbfc,1
0xede10cf37e4eb9bfe7595d5070934730dbe786ee,1
0xfde4ec235bd1a9deacb4901d90bcdd521a58e25e,1
0x237cadeb5aada0b9af348e7f7ead45fa217f3be0,1
0x2be78972230d959b8819c9ddc441b1306fc3dbdd,1
0x7149a427c59193d1cbace9b06e5be9ca2848b9a3,1
0x5936f1d67a522bf847f501e7e188036e8f48086b,1
0x58a61956ea5feb0093c0654ad473d245032da269,1
0x5949134419954951e49a0decebd00a98b9847d7f,1
0xecdf2c032e302db170cc6f052ebc16c4e1ca1ca0,1
0xe1da6635599cfc1e57b6e2ec5ef21a1571935e87,1
0x07838cfe80af811de7a27666fe6b63d0c35e003e,1
0x2fe9aae9a204a32403a83f6674e6931620b85fe6,1
0xed1f3cd4079154b71a672cd2b1e6398ae41044b6,1
0xe98e64e58fea7d00516465c9a8dd31971ac274c1,1
0x5a9b240566e4e03f064db6d1e26bdcbc377181b1,1
0xc3ea1436ff8597d2ab253b7edf8def849f306bea,1
0xcccf82eb5ca85af94c8bcc53bd22acd7ba75e3cd,1
0xb5b20fda561d817598151370554e1f93a9e43ef8,1
0x2696f134e57e5383405867f1251982a4c797a366,1
0x00de8daef64446e0d9425a46dd5ec9c1c9a0020b,1
0x6cadc365ba3eed11b38c0f4ffe9c440ff7c6823b,1
0xcb95867003865f760ced5973e7817a8ec360d54d,1
0x7aa52ff4bc10344d4fa11300eb3c61374d4e2231,1
0x8c8750628f53b203ddec8edb10dd12450c7a8715,1
0x554c1fe6c0c51f4253dac76a2cb38e078c0f0706,1
0xbc53f4f0b94b9f25b5c0a8c59770becb01af2e46,1
0x8219d2d7db565ba98da71785d83bc45fd7291953,1
0x43c4ecd5b9cc97c0534757106bc575efccdbca87,1
0xda5ee5c519c1b855f87104675dfecafa5d72a0a4,1
0x3b5e51e2527a84ab959828d64dfb6304a9439ddb,1
0x4e32e3da8e27b7d18a007800beff2eae3daf0600,1
0x963617de7f3ec171e8d885b769c41095f65acbf9,1
0xf67cf646533a6b9bebd853903e18077d5507c226,1
0x5ca17781d36c5fb6fd68aeefd07d9778882826cc,1
0x47f1def196383d1283eb85f387b3dff975be9884,1
0x436019c31fd4c279beb83b6de4f626f41f797baa,1
0x01e32ab6b89f45250f804e66803cb175182d3d6f,1
0x79a3161755f49cf161efbd27fde07a406e76193d,1
0x0acc1f828b6dec1bffd2f4bbed64abf8f570fb24,1
0x364edb28aee900654b181488a5bbec58952744d7,1
0xee6a7f211609fc35ed27847a37a8d892f08b81f3,1
0x789cff1f27cba77dad8410cee6aa6ca25a5fcbd8,1
0x5f6f6ddf29294b4c8a6a3e7afbd1bcd603ed4f39,1
0x13e932b1ff093cd0da6d32bcc1948a881d6db150,1
0x15ff5cb7654b06862cc287dd03ce4d0316f78662,1
0x5217d7cf3889e1b4045ffaf2ad4c8b226eba1707,1
0x896c3d90f9df7267a01782be9b5d4b3c3a67f7b2,1
0xe2bf418c0ae4cf575f1b505061f525c0decaf320,1
0x8db5fcd256170c755cffdd8587d8c606385f62f3,1
0xdecd7163793bd5dc6771b291cb113b73b1a8de2d,1
0x2f8f07e6eb750449c6d5535b5159339e7a22e296,1
0xee2347c2beb0453092bc48bca5c0dcb12f4b5a79,1
0xd0b0ea4555cf6543b53174acac33bb163d9fb0ad,1
0xd0670249a666373f947be6fb8262f4223b52977f,1
0xfc9fe4bd81c754b2af0a0ef25f24e72bc23852bc,1
0x05ff0a50d233d3907bf41334b1b619965d7377e8,1
0x36ecc8fe8e23231b57e3891203c4ea9d35c8a4e5,1
0x09d978dd2db864cf26f310638c08aa560b8b60e7,1
0x9f610d25e1015775cb71b98ac25f9b7dee483163,1
0xeb342aa014e794a20afcdcce59aaaead57223a58,1
0x4e7de544fdaff60069e7bd965f18c37c6315d717,1
0x175260f44e72644c3382eb1687ce92e7fd1cd37a,1
0x6e9a752d36871403d3126f951d9c0ae274c4840c,1
0x1a43b79ba66f1b83df9e240ecf23137113761509,1
0x4f61972d965306f78b005a1fc4dd36b095d7f3a4,1
0x0b2e0c3c51e9fb5253070eae501335d20aa1086b,1
0x0852cd8abe610f5196eb5f26428169a47beca3f3,1
0x57758fe26a74e5943b2fc5c99d0a2adad68b9322,1
0xdcc13aae42d1fb97badcf23e0a311b212a9111aa,1
0xb03890d3b48b718e9f9b3a5801c164919f4b669d,1
0x0baaf3eea729097d248e8e56bafaf87b8bb64434,1
0xeb3a32971e776d0315c281e7b2efcd82d2e7d522,1
0xce8edadd482c7e7130cacfa94b16aeb6b9dfb84d,1
0xbca3a4bccc000f82d1b2812007fe7615496a4958,1
0xc3cf66ee40a61b1bc01ce1d57c632bd96afafea2,1
0xd329308211f1ed25e76ced7a938eab6d7b2cb9a5,1
0x6d8a861cdba8665bc99c45001efff83d567caff7,1
0x4ca56bf5936521350948223941601168bfe3340b,1
0x9650c3fc6a0743a1ce3f7acd319b9a381617e03c,1
0xa525a6b8d7a33438db42a4160e95d25b1b973005,1
0x3dcd5209047ee18c275feb8f28190bc2dee092e1,1
0xcbf99cb7d3c93d964e916367377212f8c88ab208,1
0xdc58bcbdc843c2c27445ff6f7d5a6d4c8ce8ba86,1
0x783d47d4a439d1482d5435209c2fb3a6889e04e5,1
0xfba188a094bb068882060511e547e842083ca528,1
0x11c597e45ca5d81fb9a56e348ea9777ba2498b09,1
0xd0455cd9cd63d0751a73b25596fc9d61e3247ff4,1
0x8debcb224c87b3de36816b784160e1b86976e127,1
0x2fe4c5b7c86eac2d150a44d5689d2d58160cda7d,1
0x83086c07aba86bc8a892e094d6eaed3d6df0b77f,1
0x4c94b8c9a5a9576c74c0db4c772c820eb59e7f1f,1
0xe0dc4bdc52a2e570fd5d80497fef693fa1a2e155,1
0xd5bbee4d6c9cb49c653e3514ab87bcb768e81544,1
0xa2691e23e4a8f906e6bf5aca9757dca2afcd66ba,1
0x2e666e4aae7ffd267af59f0f3ab8d74856410d45,1
0x13c763a8ec6d0306b8b958ca7e80e59759d0fa07,1
0xefa3d4be5ef1adbeb1632a2a82b5fdbc133a153a,1
0xae7419dab45daaac7ef7fd29edad6bd61421cb67,1
0xeeedc298632ea38e3c43236509c2aa9f91be1b4f,1
0xdec4e28d30d9f2da56debc762019f9b24f1bfe46,1
0x1c337a55605c3af2022a69412294f928d7938568,1
0x843659d5242f80d10d9b222e61487cc8d1c125a6,1
0xc8140db506f9159d804fbce59f8452d64801ac8b,1
0x58cfc8fa62518b4b02d67653de1b3413b5dd395d,1
0x42d632ea2478c79e2f693b9400f5622d235c7397,1
0x7a1f009440bd10b672a49cffa05803a7efffc015,1
0x226cbecc94c3798a9d17657da9fda96220582d57,1
0x6d44be8ffeed09b296650bfdd0df49a01900d1ad,1
0x666dff488fe37c2539594d9104911bb7caac1528,1
0x7e3e8afb96ae6b04fafee4c0b423a9646a569768,1
0xf0b731e3e1f20c2cca37903b5386d9da0ac8f8ee,1
0xc8db941fe0476841695b5dd9faa62db3c6866d6b,1
0x21199a0078cb5927c2ab06f11e65891acbcf8265,1
0x82dbe4166c8a42d3d7dc2cd78cc92a862f265812,1
0xa64ffbdf2dd25e3e0ed82451ef600a9124e5266a,1
0x724bfc06ff0902fe1e84e10a036f66ce9340b586,1
0x0f5779bf72b73f15d0f84cd4d757e52b1a200e72,1
0x0b352759e3494d5a9a24f543152606a64be0c02f,1
0x89b556a3facde51f8691e6e4678bce5c3995dd10,1
0xe1bb7522729f185cb5724718026aac050f4055f7,1
0x1a200bba9beced5461b4a300d9d00707dfc0068d,1
0x5eeaa8af99895a86dd4952a4da63b6aa8ed084ea,1
0x827a3ea3b9c9c69596f55f5ee1693c67aa743a6c,1
0xd25c88c624640846efa8a6aff469cc77033f121e,1
0x0747236f49c506546e790b77cd7a2368c63925e4,1
0x52cd5233fd8c3f9057fca2a3b2aa89cad04dabed,1
0x18ff5755d597d86233ae526923d9b58b9ff57c14,1
0x43f7befbc4133e0abdda8c67213e35369fa2cba0,1
0xad6da848fb6947e6daada1588abe6f89078f36d4,1
0x1d41f95b80da50ea5b2b9102945e71d9fd8ee1aa,1
0x3fe7b0f759694a12a2b63124c1342ba19f612479,1
0x49dc35570ddcb870ddcc75b1a911d0d8462d59c4,1
0xde552a0fb04f60cf8fc566e7a8b55e0c6076b7b7,1
0xfe69eeaae25b870b9f076592b0b29cc020364162,1
0xb8372381737b3291a0b678b823688cc3fef424b7,1
0x64cf066dfdf623d64ad1f9754ebe0e203b21f394,1
0x1831ee7d126098c3e8482be11628ad8f23bfddb9,1
0xf97a9683f00f7eddafc8cf539e47fac5ca547abd,1
0x6dfadcdb060f9230f2ebc66ac95dab294301ad9c,1
0xa7e7b241041ea39a493adc56af69c7f7c221e60a,1
0x64af71ef7336f115d279c68e44345d31e956e32a,1
0xececc74e6ed8a953c7eb9fd97ad9f4302e739cda,1
0x82ea7e6f29aa52e718514772600c1d3ab0f75052,1
0x5d808bf3f63979c195e5a24b5986b5b2d4c0c70e,1
0xf298ca163763d5dba25652083a104742663f0564,1
0xf97db5b5dadf43f7cce4835dbef9cc2c3fd99cc8,1
0x1290c2335f63683019074f247ef8bb9c241788ec,1
0xe5862f6889235f86a1bfd12c88ff3946d19dfa6d,1
0x55d183eb5440edb359a22ff41860fb423c8c2b4a,1
0x745317a4d290f1d420c91f731122b270564df60a,1
0x463dcc4193f26b3f226374c0a23f30c295763759,1
0x07f3d3f6be36d11e5630bb1305a9352040028cce,1
0x179ecaba8b09dddbad5d65b835497b5f0d3923bc,1
0xa15d3fba8492bce7e0a7a10383f8530931666635,1
0x9999167a413441cc83fe4c1550d94a22358bc56a,1
0x99e358aa4e8adf3990d50fa72bd3b6b21d28896c,1
0xf96ae16d618f8eaf927cbfbc1b2223a384260da4,1
0x645d40cb28469c665f2c5f1d9f38581f2649ba54,1
0x7f9c77fd682567b8c99d99318cdf8401942b6137,1
0x9a6a12c21629b2ff202b4e72036af4cf7f22d157,1
0x2ffba077c0b7435ea195a8d0213862736757763f,1
0xd3f64a1015bb4a4984e9978cd0a3ade6caab9533,1
0xd2e2bfa93d323e5eafde1e91a5e756ac06ff2229,1
0x77e0085b3be9194884797e898b81287f803d9644,1
0xbe4185f142d56d36941e46bec4c132d37075e213,1
0x0f936321376202d23b557ec64841a27be96b2002,1
0x994ca814cbec4b8bedf50f844b70a3bb67ee55f4,1
0xc358f9d6ff210c2348237c1df7f1b7e4063b2739,1
0x4b5e0250b9252e6080c1ec5915a2fd3c29d7fc45,1
0x56f7b766d66b90d8e3f84535ee7a29fa55c911a7,1
0x6eac5608706ce9c8cc9606a1c9f98bf4d63621bc,1
0x43931667174da5983db90da37f913ce6fd85990c,1
0xff5eaed7cc639e5ddd6afc2acf39844ea7955dbe,1
0x8c1ccacdaafda4c848a338cf0d517976528bf4c6,1
0x4c7497b2ef62885b40bcde3a681bc1fbf9544b1e,1
0x3139d62d33d05f3ea0326a0ecb3a22444c55041c,1
0x331a5f15943c55ff5040849bd72e38dad8cd5589,1
0x24424ef5359882aa2be851aefa844705d090c76a,1
0xa3e02037ec614bb05c406f5676271391cee66261,1
0x78f5352acdf4f1f20c5867f9ca52826e0d810997,1
0xe1f0a4300aca7eb1cc97009fe62678c7b6f8ef5b,1
0x4fd412b2752a0149b55798e4fb7b2320affe1dd3,1
0x85c1db3fcf08ce3cb5ac5183f495794553c13818,1
0x163962ade5f03227bb6432f2c438a56d99bdda15,1
0x7b3fa6909261c5d8d3270d9c781a0b1c02e9c27a,1
0x0b2058d738b4cd526ef84144701be2501bdbc42b,1
0x1f151a00932bcb35c40354e29b0554a84c56ee35,1
0xaa9aace3b40ce3e5e44f6866b4d9a6fbada269d6,1
0x729fabf4e5a8d65121b0e6a19da3ebe06449505e,1
0x511611659990eb3f9be11c5779754b9344c071f8,1
0x2a614b38f854fc84c05764827029103813264607,1
0x7be65d27fa97843a9177fdd6c7a702d767910774,1
0x96c6bbc0b71a44219b16ce044e6586e8edd0ace5,1
0x2d76580ddfa549b3ea198ef257da51434b11dea7,1
0x04572ec909cff5581193b317396d8cff9210a5b7,1
0xe87deab49b97c23263eb132d3ed699593d464396,1
0x60563aa4dc2093f0d22e60026f8e2eec151ea52d,1
0xf895aec8b082b95ea51938feb6af581cc7122474,1
0x7b5ae6702cee80e30468c1aaaba911c5d2334e77,1
0xe198a5c6a5f6dc214a8e2ae4ebeafecd31601c58,1
0x7eb7aa42a1007746d48b8b33d3ab402e1674adac,1
0x9513d0325207100c8af684740504a1f5d90846e9,1
0xd4d1d3fb115e64a7d21469946357c61a22a20114,1
0x7a9d82a71040d42b20f53b96bbaeb70b137e5e7c,1
0x141289bea3f56470f891ff4c2e755b8185deccb4,1
0x9fc7c12e17fa8184962e6d1cecea54edf24ae895,1
0x200e15658f1511e1aa3f8038ea49c5a307864d31,1
0x77e35a2f8de1f9546a5fc536803849980bfec9b7,1
0x88f7e27f2d01e5a69fda543e938294963688c18f,1
0xd3ad6eaaeec3922e9f16e4cc10cc1b876fea9ccf,1
0xc63a8ea1528e62c91d0d96c6b5853a8b0838fdb0,1
0xa3ac2ca1fc5e4395b69367ddc59f62b66bfc6d1a,1
0xceac29caae829f5e0391cf540034849dde4ab326,1
0x8c19be5b1ce048181419d557424bf3100c61c1f2,1
0xd95ff000a4b0925abae58056a95fed46f8a5fd57,1
0x457da9480df9f04a1d216cb528ab92047bce1edd,1
0x795e702706b78327f043472e03cd365378f0f5b4,1
0xdfea8dbbeb689c56290a2a82d98d0b4f771b8f22,1
0xde60dd560bf3100b9940e084cac6163fe8d0d578,1
0x869de0c90f11c1486150c39f4e20b04683caf4b2,1
0xbc6b72f73438eb3ce403f3f58e6797acfda571f7,1
0xe848cbf4e8e31942d438a5eb299802eda7998655,1
0xcf6079ae63e8a1a27d3ff4daca783d50f3b7dff8,1
0x2c60d71c785443d55443a0087dec821f31b51600,1
0x26de78283fb93245788ae1209afb06d9ffa2596f,1
0xffc71b88d08186bacc60685e8419f038ad3a65c0,1
0xd100021067b91e5f7a6fdb2751f5bd1afa5b2faa,1
0x8cceceee655efa62836ea6820296254c4f0f48d0,1
0x0ef73a196a2e184a589727072b4f3189fbb90249,1
0xe2b3fe4b65383cb14a0dd374f9430ec3732de61a,1
0x2dcad8da8eb28be0382327858b5d82fcc0410ac7,1
0xd0142a8654a666247b41865f73196a57c53539cc,1
0x9d27b1bbf668646e29ba22d4df448d7c9509e62a,1
0x981530e290dc561ad74ffe7bdf2c2e9ad289eddd,1
0x02f305f400f43eb173c4780da1448448c5459cc0,1
0x58896777effcd2274472519874cc5a0800129522,1
0x1eb71728291fc50059e3a25a1d94840a0d5405d7,1
0xebba1fb295f56f56a177f6b1ce93216e605099f2,1
0x0b648160442d37f140746d6d1b336729f882aef4,1
0x1d167dfb91a5ed4c5c88637f6c991c0257f94815,1
0x4a378d88ceac03151dbc03fecffde5e52e7e3f7f,1
0xe34f8d7cf468183546f599870bec429521f04245,1
0x3dc42d11d3dfa93af01858c56fdb8cee152928ad,1
0x57d0842d756bf5924233eeae8e838244dac621d4,1
0x0a2ec3efa6af841a2d553c68263f19e546a77b1c,1
0xa1f68c75392876d3449d9a556ca6f6a02d13206d,1
0x5a3d7494b3bb30b20d1e0f4ef9e59c2d6829ff7d,1
0x170b22aed5e85a08336498004bf1d4b896d5e29b,1
0x72f912f2663b8b2081c56b9ede7ccc27d68bcb9a,1
0xe4c5c735fac0c9f5fbd2000128e4d075c52c5602,1
0x58d773b1239eb017b6d5b0ea518da030b1b160f6,1
0xdc418da52b45b1e3a2756c10af4ba62681c9262c,1
0xdd4d134908c9261adcaf35bf4677c86729bc9def,1
0x8f93382c8e8309d548fa575ed8a5e8c398138a6b,1
0x9adcc53fa7a70e5b25f1bfe20c86e9a36a495b08,1
0xd55a7c81f3338d48c95adfbe7d13ced29879c579,1
0x63e5116a7648a87b3d8ea00cd85a5d9adce41047,1
0xea3cb8a7d31a9f6001255046d7cee3474d38d952,1
0x45999f5e58d2a125f0ffffd282744e3f096e55db,1
0xc0864e468b4186c6a52860686db4aafe8c7f9fc9,1
0x82cf2df800f198a65ceb977f563e953217d01836,1
0x9e776a90b62ca91a40c69fcab9bc4c129dd4a002,1
0xe0d01d55f32828eeb6b807067c2a967807a58f2b,1
0x81586b0dbc17fb780fa4c4c1ef0b00c2b8c8d432,1
0x3f73600a69386b8d18269584a9e7554d78a681ef,1
0xdd98ef0ec7e082252f5e6469b1a3af6be0156c19,1
0x27697713594330a7f0594b63670fae40878c18b8,1
0x0e48a0f12a1748698e8995ff93ac5cac312a241b,1
0x855562e522a31780531befb37bbbb11b0cd08e6a,1
0x1972e1213ef270b6ec5dbfe23a7395d70feba22b,1
0xc3bcfba8e068896dffab223218647656379bfd73,1
0xe7233a545b215b5e9e187cde78fb932ab0c97668,1
0x5c008ab8dfc75b0e0283e7138baf3f9bc1a997a0,1
0x39b0f847bd024978f5014d316bf84690e939e677,1
0xd011b2be0e76a9f7b2ada65ac666142398d4ca90,1
0xc155876f03478842287af256b7217216e3c24e69,1
0xb0dfde1e972be8fe16bad02f7b6481c95116bbc8,1
0x4fb2f78fcbd2887cbe675b2c186dfa483a093020,1
0x667b97b63d6f98eadfbadc3cfd5e08929f72ec90,1
0x332444fc3eb54bfa001d1d838674ac6747f31d0e,1
0xf4ae6ad9b3ce67151a2d7052bf3614d8d6aef268,1
0x8758d8c7be30c53772af9c7f5b9e2983a0b81253,1
0xc8e62da2146d31fd50fe114b432e9dafca0546e2,1
0x6d35f25dde65cfa4ee0cc652a1072983260c9e7f,1
0x2be9adfdfff5dbeac5231c1ee254617c503a6900,1
0x6806293d52307adce18f876222bc6862d55175ce,1
0x1646586abefe94f8d5eae7e048c14369abccae06,1
0x646ef282882dcfa3c65fd9b196673dbac31b598e,1
0x690e557909937a352485881eb0b5c4770154e506,1
0x45832b17f08c05a90ba76382f35c96be187bce5d,1
0xc28df1732992e6b348f720fb97745d6941403c97,1
0x110f02c620ece9346d44129f8e9b6fb6c9198d23,1
0xadd9109d75d79201a0947a8d930aaa6fc74ec21a,1
0x5b3177f1df1f29b4e670eb377016b16968462d94,1
0x400a4d50305347246c348321304ea38e52d843db,1
0xf6ad23b103b8fceba12e1bdc78d42a8016f7d26b,1
0x0d531b12c6c77a9bdccefcc40f449d0c6a2261ce,1
0x9b07d0709e4d9fed384e6e60c02184b662742255,1
0xd538f961cdbc3231e622a105d4ce11159e3b31c5,1
0x0942b506943635b3db4dae3ba099ec47f5082a82,1
0x2fb1069e4e4432d413586295c16fb67482bd223a,1
0xd057616fa2f44830eb4014086897fee612a278a8,1
0x84d49bbc57db68ff83c7f549652980c78ea35545,1
0x7b6834e9081f988bae70dcd7e5a335ed8bf47d06,1
0xce592a249ddfdc435472637792423895a2d23c4a,1
0xaf1b470a332c4a3e119571bdd788efe803594e27,1
0x33af046e611e2a410f5ebc20b2228ab4c38cf7c8,1
0x107f66992304d36374629814317a8d2a210ab0f3,1
0xd869465ae1b1fcb8c0aa57a68390aa9f960e406e,1
0x17f5329da86f0a65da0078da0166910ccac6aa90,1
0x678a37998696eef39108b8de36b43a17daba3fb2,1
0xe0271243df48bfb64bd8ea54cb28ef33acc6abff,1
0xa530596bc4219b8d07e80c82189fffab8b97094c,1
0x268d406a5cdf84bde1003d6f30b6c15628f8da1a,1
0x65c30944903b7b5ca5a4fac5968f6120a784e1b2,1
0xe9c3d88bf1174451a59b8630093e69837c942a49,1
0x243cafa79239684bcc1fdbe0aa9f97c6462751b9,1
0xf4015ba689d09b2e2a8f1c35da8d258ae45672b7,1
0x01d623ce2160a1dd319a9907b1c4685898786049,1
0x77ef2e6b719f11375b720abb70e844db2f140baf,1
0x006372f9d134102e2a9de8840d58f2fde6ce438a,1
0x4f37db1b732f389665893f104edb5960b3dd1686,1
0xed1ff88878eee343bc2ce562a50cc5759fbf9a83,1
0xe19baec4e25e3886e09f767a01ef344814bb21e0,1
0xb4239aa3b09dc8a6b8651a698c0744ac987f59d7,1
0xc0ce4e577892f9134c5d999b0bc5a6662952b97c,1
0xc357d6dbeaa6472e26168799107dad2ea1ab4347,1
0x25e5f1a37b6bec4857f74821320c5b3299e3d87a,1
0x7b1e4416e2d2b1f35fc14e6ef2ee244509cedffb,1
0x77ae1d7db477d734d4de6b48e1693c15af54c95e,1
0xa3e0ec93621f5cc8552bb4f236c419e887057ed9,1
0x72f44c17fe648a9698c2916abdda323cb0d5e2d8,1
0x41e11513d170bccdc1ac1c0acd7f4e57bd33a295,1
0xc935d8fb57584c00f1a155a93a73fa4edb077993,1
0x8fe0cf3e6f750a50b292c4fb045bfed1da1709c8,1
0x3c33811d885a430379ba02683086e04531eb976a,1
0x5989e435f58a4646abc85256e4168bbdb48b1a0a,1
0xfb620b7c744a8d92d5a01f0be27aee8fd71b1097,1
0xf6686d730de2525516620ff1a5b7377cbdfe8a7b,1
0x2d651018b9e7580a03b61468b1977b1595653c31,1
0xb65c6738298cface3ddf516016b1ab85a1e4e193,1
0x7256e9961beb869f176a06cd88dfa96be46f76f0,1
0x464b8517f9f8d0182462350fe273cf3bd0a93eb1,1
0xb47fbd8ed9c4a9206440e35becd5ad34bb19ad43,1
0x229d5601c1ea14c3deb8dbee54d8d1358bd84578,1
0xd4b760c650d0bc66faca29cb6f232b746f3a36d7,1
0xfe74ea96669ee13dad0a8fd5c8444d8a660e3b93,1
0x099f4458a4ff5bd8393679851aba880744d3f25c,1
0x437dab857f1ab2b2ed30c4361aea649e63b1ab0e,1
0x2fbcb8a583bdbcc9b0e31ccff323f4e763ea2538,1
0x3a176b27b8224649a27760db76565029d322a45a,1
0x4f8f9b56e7424db16cdd31bf37209f9999a0acb3,1
0xc14b675985403498bb5137ddbd46a84d71dc3d13,1
0xb42b988e842c246bd9db35541613b6506528a890,1
0xcd603ae5e2a9eb4caad772d3c226a28446919786,1
0xd6d39891ab99db43f022a10eab3c099aa3b914b5,1
0xa445f43c8b4e02e44c43c86bbc9187f53abd2f7a,1
0xafe1f1e92bdacc8552ebde083af799ef455917c1,1
0xcef804a76061e6bd945723edc40f92f14dd33652,1
0xcdabe517e21cce482544c49367d73e7245df2b95,1
0xfcf0bfdfec8154ff730f91f41f1df23f35e8cd10,1
0x4ce1fd682ca96e3407c8a35f25b6b8b24a466eef,1
0x9ee6f3f8f030a5cc146a585cc344d5f1398b1985,1
0x19cfb7fe85ec524af65b93e6c86bbeffe4ee5f1e,1
0xf60724ab35b704635ff702945579e670f8e13045,1
0xf6bf5f074e2c0624409821df94f5cce59550f979,1
0x6672be1a3401585af6ccce2836cf1c32b328b250,1
0xe01e2199d9ea34a9fc28af2bb34e4435932ef399,1
0x7a5b3b3b5e7ffbb85aeb0d524051c1da85bdd945,1
0x13e81a1756427e51ed422f5345dbfaad23a0c97f,1
0x829980886eceff44b250c8f1377ed00f7519a39d,1
0x812e8e91646a9515457db934b2c37ac1f895451f,1
0xd81969104496003619994d9f9e93e5ee4df401ee,1
0x26e5605978744d9858609f9d2daa27262e428c39,1
0x0f0579e6cbd4467d3dbb144be73cb768c294bd82,1
0x5acbcf84878977c17180bda69a2624176ed1426f,1
0x29c5320c232b4176d77e2635bafdf6887068d6ff,1
0x42b6d2c90dd07aa3b09198ef0982e675642158dc,1
0x9219391d04085d5653b02fe2058c85ccf0a7589a,1
0x0d291725703ee6448401c4f3ef148b4548441d83,1
0xff3785e1b0d0e273ccee5bb99ce568beaa21ab30,1
0xeebfc30f505e02813c7822e2811e2f8cf6e4d4c8,1
0xefd37ecc8f2ca01dc0ad9a79268da6f2ffd9dff8,1
0x74053819d27a821a0a69194b3f9fd6c0421064db,1
0x1284d1835e7ebbc12231c783895eb28668de73aa,1
0x2d16abe5e241218694599e9e941304085838f38f,1
0x46cd5371c27f844735bef1caf95cb89678d1ed89,1
0xdba3eab739e491b44ca59884813b8ce1a479c996,1
0x2b81bfd34ec8ae9ab5afb20de19196bbd9a5a8ba,1
0x5e92af94ab05ec912b23ebd22b730bd087c3a4e4,1
0xf2afb4fff756da793b19de8c3853608845249859,1
0x1c16fa41519e6d5f45ef32673a2712c9ae29115a,1
0x9dff62848d360711a08270171ba06d262baa9838,1
0x5075aa119def5eb5acd0af9de8d2d8a814999907,1
0xc82a2bc3d068080f2c34a5bc6b4598306e3f0671,1
0xbe97f58eaa6f27242382b9a8daa62c32ff147c83,1
0x7694f787541577f0eda9d37f6bcb95add149d927,1
0x2e180aaec2e5bdbaf8fd20e024274dcdd183ffd9,1
0x9c5cf965a92517cbea82bc9703891ba57c1d1369,1
0xc5a83c966301d4a4519e4027f51862bd45441fba,1
0x9d6b5d014d5f5dd7aefdde9f22e0f667eccf8d6c,1
0x00d549053063c01106633fc52fb5cf3e359d43ed,1
0xb9ecaaa713246b751d83cf7b116f2ea9259cd265,1
0x3efee430a56ad920ea42260bbfd7fa4bbdcb3ce3,1
0xeefca9a93a553ec8db6abf3d6231c4f5a77a21c0,1
0xd4653ea17bdcef49f217762a337da448d6fc9361,1
0x4ec3ca92f61976d70d9d1f8d93b9068b1b4fb53c,1
0x7b392f719c65ca1893459e008dc46f761aea4c55,1
0x3f77e91db0ca1da01d8371ee0124e674a8e3818c,1
0x05e6e03f55b16e4e6ed2502acb3dd2b919dab43b,1
0xfd893707bdec44e479d23d7becaaa24805bfb677,1
0xa425044a18cbda4dcefdf2ed2038ddf25e58f34c,1
0x309c16c5366d33a6eee9dc6d8e75e2ca5be5a577,1
0x51d5138680aaf1a1d7fd04ced481f22e8e3a5aad,1
0xd0f02a92639e9d1136c4b85b0c5272c34e043b3d,1
0xf11ee238e6a5fd2bc44aa0a5da27fc8ac2510d4e,1
0xc4266cd5e8c3c73016769b00fd874bffde9f9652,1
0x43b5f04413f4deed955a646e693ac8229336df58,1
0x5d856c908f4bc4891a46f6b8d21e8a6de534dc05,1
0x715c521bc625a8d0ac8a4ac988fd0608b51147d1,1
0x6202bd2a02ae677dca39d8507975e81f7aac9d79,1
0xe7a28bf0c11f9d5b8ef317ac67bee7a3cb232604,1
0xc1ec9f1f9c8dec303fa0463645c5653c994255de,1
0x22d8016c64311e3391e6bf3ba49084cbab522eaf,1
0x368c2170180e31230f267b67855bd2d623e04862,1
0xb9482518e4b9c2769ed45d4e6d8d19d295ec061d,1
0x10c7b8bceee3cca87a431dc2254c106a4bf12ebb,1
0x45886a11d166c620fc2280c83323a1efbb2575cd,1
0x530dcdf2dc2e9d55e31a3d1da33f560c6547afb7,1
0x339af80fc0c95d19b44bd28a8d20b2b1f67ee626,1
0x10cb0550bd66f1a6a5a5ad105ba96e16f329157d,1
0x41896300c7a6155507ee6e54fd0f871f7a597182,1
0xf4c905882eaec2b662a95947bb61ec7e6d0dbf72,1
0x5a33400d98c265a2e5bc540281cba9532f78cc58,1
0xe4b46df30e66871c35752c78b9175605b862b4c4,1
0x4ca245c069c361340b96488239483e5daffc6c2d,1
0x88383f2c22e6bc15173f16e65bbcb73d4352055b,1
0xf21c1748775f796ca655fe48bdc64e664e80e59a,1
0x002c7150b90d684c0bed9cbb7355fe4e51a816ad,1
0x5685e476a30fa1379c4c8d017a894fe2377bba6c,1
0xc0e834134d2a2d64712c05c884f823339dbc7c67,1
0x3c7106d65bd7746725f36f02de58e34931e68c45,1
0x6e75383b2b9a1d79d7b9de3a74231a539d644d60,1
0x9fc5be19eeecda02f7678302f8d92ec03c59e949,1
0x86ca9329a864c5c4fa41e48d882600076e02b515,1
0x6f84841fbb01134f0d8302fe8948fc29705c45d2,1
0xbf945c56c5b96399d1bc0ca6cad4bc6132424273,1
0x82d07416a3079610e5494fe9195eb3f67640df98,1
0x99ac5baee6b30e84ae0cfba1a91d3f7e35fc023e,1
0xcaff02dd5568bba678cbfd99e5357dff8aac88b3,1
0x6843eda010b8065dc7a393f9dea90d1243223990,1
0x6b7bfe7131ed84ad51454d6bda122c6e2bcfdf05,1
0x2aaf05a7372aea51f46676982337771be3022e9f,1
0xac687dea69a5c08dbf2648038708ee10dbb65ad5,1
0xa450a2f92987a2786044f5f5f3caa0e6a6cb6523,1
0x7e8897189ce30c8d9be5898c7b8fb6e9783801bb,1
0x9fb8017895eb153c3813d3ba12894b578be16ce6,1
0x01547210a13b8ffd2d9daa38e352a332cbd6177f,1
0x2d7af555038b8163e358202457e647beb30a8add,1
0x94b8bd7345237e3f0406a63ad38839982d350940,1
0x315be915ad27b05d8905671017146da3069fa22e,1
0xa7cf9deb487f29b7783fd84613e0d0d2b636442a,1
0x0246057a279e47abe2ac85f3c9903496ef905595,1
0x3abc332d9dc816193dbd250dfaa8f4498f4bb81f,1
0xd1e8f150fb36279175c48e57dd80b7f2179ae709,1
0x84494ea1c6b2ed4149c8ee45b8767f88ea7879c6,1
0x8e5c0a898ffea9fec5052728a6dbd20dc74234b7,1
0x5947f9ade066195862ecce5c54c381b40b00f76d,1
0x4033fa2e99e7d0c4a7beb6b803d90694d75ab7f8,1
0x4edaaf6741508da2472cfe106548f626be65a859,1
0x32b9617c17103b0a583837ba91679bc8750c0b99,1
0xea0ed7d494f4873dc52f532dd8e35a0e2377e24c,1
0xf1843272cab705599cd427424de05c0530082633,1
0xb5392fa6ebab6c67e26e67066fadce62492c3cc7,1
0xad65696eff837613b7f21c4110ff2167a2ea1bf0,1
0x67e02b5f868a4997f3d5a175e62acd0fcac420cf,1
0xd5774ff501951d34883a211bb10535501e749705,1
0x219b4c1ad7c6e348ce71a030f6c497d0498dfda4,1
0x01aec8c1d9186e574ab6ed813b16412be10dadc6,1
0x4d84caeae8acb5d1bb1ade3541d9f8127bf97102,1
0xfcd57fb4413d6ff027d5b9424e3d2805b90e2c0b,1
0xef789535ac48f773d99530fc6910926b802a382b,1
0xe24d830e0e86662ad91ad27222a86ffd4dda0d97,1
0x8b6aba961d7dcf9f37c048de17f81365342669e1,1
0x5e75f200d88e35ef242b676532b23b1a7032f1f9,1
0x536ef8a4c4dfa6936bcc0883c9eb18f95a6495ce,1
0x85740770cfff8d2c74ce910b078fc42bfec498f9,1
0xd6e407dd44e4b85e307e0588d1c304f41f0fe036,1
0x6bc46d3bd8ca3a712e23035e1a5125452b34ad0f,1
0xc4db130ef2e19c0c90c958f04b94abf9d24d836b,1
0xd96fd708389239b3ee97602f9965b1cbb8897e97,1
0x42bb4c898ecb413d3a37036cec542a9632a0d5f8,1
0xa7ce0c80bab703a4bf9b7009b5d619c1e782e175,1
0xf05c1b8debe343dd4bc668a885bc39a04526f996,1
0xb7ac8bd4497f7b0e769cc54fd199640cae07b2b1,1
0xcc5bf9b63cd6d2811f951923f864752a114a5e82,1
0x4b7dc9f026bdcbde586b180a5f65751582cb7bbe,1
0xe5fd1207b8d1874542a73c9096bc75d4e5baa8ef,1
0xeddf3480820e321cb92a77af7b1e0644ec0afb6d,1
0x2f01f39213c2713d93df92e581dc6b42d6cc2efd,1
0x36e9f9b17db6a961fa362ef0d856ad5585086eac,1
0x1305acd95c3345a3fc40df3640b249d787483ca2,1
0x0f0eac2b996e3ac10c14de1e9537751418495bad,1
0x674630f9394706c5b674c0d2c936a2882f729a49,1
0x214b74012f1e090a0db65be968c06157b62f5523,1
0xef855f229031a6f5fdbab47db3f48a731ac17d29,1
0xa597334e4935d4cadd166e758a0c6c7dd5d1559a,1
0x8035bd20c230cda5736104d9771ce35550feb615,1
0xdc2781dc30295b064e465b4aacc5bc86642ee8aa,1
0x420ce0607e561f8211733cae6508a30bee867660,1
0x207cb535fcc332814667fad75af616ed09832ec5,1
0x774c8bcf2e646039fb1fac8dc4af52803bdaf562,1
0x02d3406c0ea43f7b1da2c60bf4146119620cc203,1
0xd60fb8c7bdc9eac6d7ef2544d3594a81e3455846,1
0xa751a8b168b000b149c14d709c49a80c2a4ea292,1
0xfe346c82df7b3127d40c4eda1bc438911086b476,1
0xc82c57239fc4bb6d9282f2e95aae478538ec9067,1
0xe526d88e07dc557e4be7e9f1d46910925daba55d,1
0x86ce5849f92b4e922eea59931362499073682bb3,1
0xb8a545f9ac93bb005fe9471f918fc986f91fd883,1
0x10132ce4d5b3a5de3c947d56d5953608f8b72e3e,1
0xc4b26d09f11811151638e884c0b41f085f10f370,1
0x14c2dd59b3cc7bc52e194d828fb2b715ce080d77,1
0xf877d6c97f6294337c87a2fda86efc13947081e8,1
0xe523cd5b6369947f0c1e5282af62cf69dbd7d4c7,1
0x39f68b2b4b5609fc90279f7e0dd05e88df118a71,1
0x28f30b7989d60b0ff2345e5698943039601c6b00,1
0xc381579a163f9af0c4d7c4c0cd7587f74c622a58,1
0xe8f965e415b90da189d406cd02b48bf17e563e38,1
0x27c30a6245289282e016e96bde223518eac755b6,1
0xa7a71b2dba0f844ed90c13f402ad1b816535ce00,1
0xaa0d064b02412d5420ad4fef76ca1260f57942af,1
0xef4c4570429a495f5f4165c8d1e485ddbdcf407b,1
0xd9bb00ea348d4746a8838d91eb60f8483474a687,1
0xdc9e3f691d53182ff82f142516c50ad07d3c5595,1
0xb1e1b8365e026960fcb22397cec7fad4403af2a1,1
0xf5cbaee4f9fa8f40ec840f7bd2352609e3024113,1
0xdf6095cec908aa4149d1331be158b3bb4beba3b1,1
0x35e539ab4847d4b072ad89c36abd9614465ffdf5,1
0x1b4e3d35fb755f9a719cb9cb19d39a9a09b3b572,1
0xc87eb8d6d3d484f1703022e848fc6a970ddd8e58,1
0xd106d7860ec229da09e8c2f40f27ab132b55706c,1
0x1f4993be97990ada45611b0cf60b1506043e284a,1
0xcea0451d23bf8ec2ee0207ce0411c3b45abc474b,1
0xa3a49b455ceebbb07dc1ac9bff8bb57e0f22de56,1
0x970f4590ff983255f4a2a171d82b3531f9be530e,1
0xa78a1cd5d7fa0b7c2d8a7e9e5b2468a11afedfd4,1
0x3e77cf98ea823d5300e8842c111d30712c910186,1
0xa2fa6cd1a8c7af71572f884a8764124879e54286,1
0xaa9b0dc8452868cbcaac947d412231cf0638dbf2,1
0xbe5de210f3fd29475bee86a5be12fccb7a52e1da,1
0x488692a0fef78679e885a1d80b24591d0a8d4ac3,1
0x5142824b0234e1ee381f616d09612135f1f5ee69,1
0x39b76af9a47bc4f30fb938ee2a96232b1ff7bf0d,1
0xd7db158f7a14176f1db21da321a0f1457fb7c847,1
0x633c9642b7497588d702b9632996e47ed5b9b46d,1
0xe83baf5c9b9f35b918d71d090677a920664240fb,1
0x378c4a4c04a4b313912575269513d8e7a234e18c,1
0x8332a72febc70abb160bb86b10813b27f697d98d,1
0x49d2fa4a52c5567add70da4c1f5e39d5ecebfb99,1
0x9f1af7cbbcdd18c0818bbb2b492dcaab4bf60918,1
0x01e2ff970a6d7efc7c031a5d202349ce8e1f18f8,1
0xbc29ff875a372d2611b96d62ab6f94da7c042980,1
0xb217cda217fe2d0cc63866f039abc7f0d5b7bc4f,1
0x9be4759c85969ae6576fc0d84f909344bf6ec110,1
0x7291e0c8e71461d5a6002a2a7733558033f3b99e,1
0x546f205bbdb6559dc7f50cded23ed7630e2e1fdc,1
0xc65296c051fedd7d832c7d5698be3c9b3ae29e3e,1
0x52143f784668efc125fade1de933928d0b12c932,1
0xac38e8f8c63db3c592e27924bd72a5a788501fd7,1
0xa1c4cb1e72ef9908ac80487fb7187a8c9e49c6e5,1
0xc5bc439762dc7369b282153ecd4243ef48e62b16,1
0xbc4b121586711d326f25e60eb475fc43969e6039,1
0x99603cadb1f51b0897067851307428a4960e07df,1
0xfbba98beaa0ffa0a64c578d5a71afa04dc795ff3,1
0xa3bfd88b5cbfc6f4a56dbbb3dcfb45557d464dd2,1
0xf09d045aace86f31237db45ba734cd429ea88785,1
0x1bd707eadba972fc6126a253971da617579d8e11,1
0xca88ddb9a4541f231af7b49fddc09f4528c5d1b2,1
0xfdd735a48b123f118ce7b9e44c289f133b26195b,1
0xc00a1a9d2c603fd620b56507a4d5a0c4aeaf3534,1
0xc8b96ba1846f402f56f459d374a691d7cf0ef4af,1
0xc3a3a08f7a2346bc67cdc007af632d2aea833bce,1
0x5878a02c831f3e5a13a95f4446b8970319e29c0c,1
0x3e4e59a1794dac5eb74b91e15a5f0d4af36368af,1
0xee7a38413f910a15e02cccc4f5259e25be02803a,1
0x1133d29b4f65e72a4c08c167dc46d6e5884305bf,1
0x17df77f8cd0635c7bc9b132b1844a742a200def6,1
0x2536bef3d9689b9a937dbecb573cdb0931394d59,1
0xed6b3a96b30488d88ee760a9d4c6fee53a6bb4d6,1
0x947140614439839371e4e74115025f83f9fd1d72,1
0xbc58428c49845015713e27cd12ad73ad5068004d,1
0x2c7d88067ce690a0d320444f708fadad30a56748,1
0x0b7b19b127cc9c2d0120f1a9ae4e5d03eb85e577,1
0xb62209a102e9a2ae85823e80946fda5ac3b7f4a9,1
0xf128ff2a5029434809406c181188cec05a540b17,1
0xbc258158d592c75531f7ec29537b230c3e40f282,1
0xe02a5390ebbfa8b50a5e1c5a5725219c3e0297ae,1
0x02e959ced119443bab53f24c4dbbaa3f8e054093,1
0x9f1a9cdf905617a1b9bf547c1b186f18edf12766,1
0xc293a7f40d9adb23e0c69841af3cf0fdc2d49bb9,1
0x1d789b395b89d4f288064830f5edaca8fb1b4910,1
0x309f406420e2291fe17593343e0b16a50a4c0166,1
0xe0fc3bcc14f19f665adf1698596b2aa4b205308f,1
0xdab3d40e96e1a3b76d268005e664be648a936b5a,1
0x6b0f914339c7d63680241c80f3996f39539b7d2f,1
0x05d4ca74e4aa4379618b8acf65768a0d9c9d7f0d,1
0x2833ce06702fb39fc183301caf98d674e4c19b56,1
0x2742c11b742cf41d81fc81f9f4e7ef8d80bd04d1,1
0x103fe5cc94992fbea3ad3a481e1d5164801ac931,1
0xd713f71564cc841ae80cd1bfbd71f5eeb30d4c78,1
0x41233be63f089edbcfe8a616354b8b7b0e45a71a,1
0x1281905c6c066f7f69a3da20c9ebf7a6fb1f1f76,1
0xf0174621a8cd694bbf00ba2f03ee2fea066a5373,1
0x3d7fc291ed2a72285e278ff23d44100d0d13ac53,1
0x31e25581282a6da1f3ab718c15abdc6e334172b0,1
0x1b2a5221fcccd60534b93d648c8ac149151d3435,1
0xb6c1da295f84f700acb9c6286c3d7b815155ed87,1
0x94f84f7848c5c4d287b496c887daca46239ae447,1
0x6bf5cf3816d8aeff629999662faef8cc92031671,1
0xb1002e6f874273d5f5b541f2b6b28042093ed076,1
0xe6d9ba4c69162fb648b9778c057ea68602d021c4,1
0x7690579edc223b837d812490c3951f895e5ab3d5,1
0xcbc368936dd0486cdf92ddd1e1513c5b794a9482,1
0x2e66e0ed7ddde40dd3669b0f7cfd7314dd81858d,1
0x3ed2be396403473b13850ddd0985adcf6b7d141a,1
0xd199791012f13985828e4526b7090226e6a08162,1
0x75c4d04d6d5303975d6fd5aa9649266b70ae5910,1
0xc0fec00720872b776be8b371f68eda139de6742a,1
0x36065948ae2ce8edb52c4aff0a1d1a26b3b8fe27,1
0xa1b7036d3cb8b89565bff4effefccc614d99bc66,1
0x9ddf9e62d1fc7a2e9385bd32cb2976f6655d7703,1
0x0f5fdb78a9862584c8b5ea928ba9399dd214502e,1
0x467eb4a0ebc4a6d3a384eec73db5416487a21665,1
0x6f042c385de3233a55602e44ff47ce9fc7c5c793,1
0xc5289594340901cdac1484dea148edff6cabc099,1
0xd42fe59cf39ba50be2387ad8193793e13616ecd4,1
0xfc2c0536812ccb64c7ea6de0010882dd9f24456d,1
0xee6f522d657b0e0b4c69ca71b468a658eb48a89e,1
0x231b4726a61e128b9b6aab12b26ff26c1e3aecfc,1
0x552ec6db7b7198f87f81eb3811e520d6387b10fb,1
0x48863459a212122813df940d7e6f93189fb54faf,1
0xcd6bbe920326c72c44df2896f27a2d2efad8f81a,1
0x2490402522143df8966ba41d0e5edea55e7ffe50,1
0x36826af60595556a21545a2d5ff0054310b450dc,1
0x37a1ce111164e19a438778193062e782dd5aeaca,1
0x2133e50f47562b8ca49aa938eb99046618eabb8a,1
0x84340650f6b7e4ebeef937278344f85bf876d233,1
0x594f0ef2a27b4865dda0c676d69c4b81e121ae85,1
0x597aa965682e9e2568a2a26969c74c68b09551fa,1
0x9730dc455775ef6ea2c258ea375f2df66afa37ca,1
0xcb1aa13e5a0dae444b5077f5d27ee1d1a1d4484b,1
0xf64b284926a47644e5a7ca59e31967cf4bcb2ffa,1
0x4ee6ed8e54bed5ea3cd038a0541959fb420e5bde,1
0xb994a7586e4ce35d5fac93130a3b77ff61132ce2,1
0x7544f85deea7b44995872074e5a7c51ce329feae,1
0x411739cc38569dce4babdd95d20b3e35e3bbf979,1
0xf6751d315f3e30bd5fc7d689110dfc496965d64e,1
0xa0c21935a8c5c4aadf7b42d2813cc27555e2ab7a,1
0x566f7db7e296295328d0e722ec2628f4743930e6,1
0x74ec398e7730baaf7df13df180c9e4f9f4aab46d,1
0x26d8f7a45fd4f21e11344dd2a18c04481e43ebad,1
0x0ce893ffda566f8ce04f53e21902f207e9b2cc93,1
0x2fe5dd6c8bfa41eff56e284d64b810293922d5d3,1
0x828cb2edb962f68668da8d4f2c806422e49fc341,1
0x774205c098dbbf4d050704165db2cad32629f83c,1
0x2e4a0f116163464100cbad54811357b15c249370,1
0x9b0bfe64b0f70943a9c2cb15ec2fdb26e261d2e5,1
0x87e0c582fa626d502f695e72e5ed59b9fb195f39,1
0x99c61c18e8c2515e25c04d639c2b58ad6e020f79,1
0x61ebd6f81f50e7af8fc63792c1fa56d220637acc,1
0x0530ba6f6d78aab2f3afcd50e5804adacb39ba62,1
0xde8f290dfed4505ab92a3a65ffc48f221f5459a1,1
0xea2b682daf097a96548430495e6f628c52d77da1,1
0xbf6acc19173068e9c14c16b480e645b7459850a3,1
0xa05b4b4b2225232bb79bd874b25bf471222db6a2,1
0x51492e9e851311668551a812b0b36f6ba1b25a1e,1
0x5105c2136dd6ddcddaec16a4ac0882fff5552b8c,1
0x5abe12e105774f23d252572d453859c3a93fe8ca,1
0x019671d99520a4c88ef5f38f742b5c50d7842041,1
0x16efd6dfdac28375fa6a6f1d0d20c3a4fe2b6f7e,1
0x0de6b5c3bae3ec8802fc80d97220c034d475a904,1
0xd9d8dd3e1c49540b752cfd435a071615365aed21,1
0x292b05a128aceef07cbab3b711ebf6214648d419,1
0x371a9ab46abb7256cfd7574878d4e8fd00317b8e,1
0x4cc89b6957dae0b8105fddbf16f938180c0f783c,1
0x457f6b7236cbc4d802816e453da4afdb3b0c97f2,1
0xd6a0479885199161cb6674916dd7bc6af9c722d2,1
0x2b546744c2af091cb0e3161c2f965016c8301272,1
0xd3ef2e1cf5920e27161747e94af8de898a5b08ca,1
0xdac36b78f9b7917398953aca5cbfb90a67fd4001,1
0x212029ae817d394e617ce4053414cda9c098a045,1
0xb64457ddebd28d9428769a15f750267917ed1a40,1
0x4e4f98a961c0293b5b45e86f4cc8e3ef5aba79ba,1
0x59721117bcb6d02aa49b2d8a10f70b0a2dd4f3ea,1
0x275af61b1268c98a12403f64bba02faf37591095,1
0x482111bb362b236fabbedc032beed126e9d168d0,1
0xecfa2b934bf41a50c7f2dc59e5eec4ac170874c4,1
0x418c7606e17afaf2601101baef3227c6a1b3c308,1
0xcd09c74c4696029296b985f0fb107a5133e2d89b,1
0xbd849e16a4b4dbeb5730b3d864ba595e69c6cbb1,1
0xe823fc38b3c694d81ace6efacf22d7915313b7b1,1
0x06fda046f27ea5be2173851a2a4a5f0bec6054ba,1
0x94f34039bcf42aa0d23d1cf23ecd429d8ff097f6,1
0x316d2a88a6088f44971ec51d99c93190098f66d9,1
0x1514ad7d0453e6bdf728c83c7ae532ee1edd638c,1
0xf7818cd69ba531dde9a0a24b434289b3259cfcd2,1
0x0165892b85944e74e1fcb652a7aada54fefc9462,1
0xf3c361f9a4502e4706a2b357bc0be148d2e536bb,1
0x058c987d88032d5044eaf52a69371805675e57ac,1
0x67aaad9ad8b4ff8a1c9d7e9f044a96461a1ac61b,1
0x1df20eeb1a44302d301d734e3c12ad9b7c1c74ae,1
0xcf596474117a528c41f327d5a253f395c870d591,1
0xff3d8e18d18727bef52ec673ac97ed5d9525342b,1
0xb05a489c008f4d21b504620b0bd15868e85071fa,1
0xfac791e9f08cce3acfa5482d29c369b3d82592a0,1
0xc404b86f877a4d73310500f50e14a94df5b42699,1
0xd0567f98f7bd03579cf3b96fb34744cfdeddae85,1
0x80d0dc0ac99f9685b18f75a7d01ab0f7c6b68290,1
0xc3f6ae4aef17ce897f2a58ce71b0cab90ade2aea,1
0x1e6bf11ed227bedeb4c85a35b7dce22b524cdde8,1
0x233a582486a80199c83a6f697bc1c741cc419aa8,1
0x158dd9ea6dd135044e3942a1bed692339c8c5f06,1
0x1138cf4411aa547eb54e3dd4004c01217bcc812e,1
0xe1b1ea9a54a333df9dfc40e180070844604190f2,1
0x315da95898bc6c136db434e50d68c785daee89c9,1
0x7d3af581a926d7f3c34e72342b828e41bfb81661,1
0x84daeba10c8864a46dc051876c6d50e944ae9943,1
0xb59111d6bc877cec6023ea97aa674c07b8751ac8,1
0xd02e96e96cf574007af318b5649e2bde4c7b8d24,1
0x9cb5bea7213e99f65cd9df1e0789a328498aedac,1
0x89b5cccdc7e80132773ff0778d2ea5fb2a76a7b5,1
0xae2cac550d9955bbeeab5e94259e53ae8939b030,1
0xaad43835ac0f97a8c7273111b49d129e4d8f541b,1
0x0828c440aea88d032477b3d3623e3b4a5377e688,1
0x925ec27e7901778712691cc1a069240bb3ce9574,1
0xaa738e1276fd210c4f24053379736b0b5c7a2313,1
0x401f0858382ef7aa7bb94720bc8ea781f12b5358,1
0xfba0d02cb74142d2a720bf5de549b71323cab17a,1
0xaee5229a884088fea0d2a904b9153259b0dbe760,1
0x6c947aea419d16e425aea51af6c55cf369326edc,1
0x1e214442fdea09cd9c6ab264b524627e3ac32c34,1
0x6a9d27e64fe041de1193b2fa7b831004988f575f,1
0xf8045a4729a5bad90363a8f9c3c23648dc03b4b7,1
0xe66a8e92220b7b8a6ccb73bb228d36304ab23522,1
0x585f4ff2f0ea024d2e4ac6a10e4090b8ef1bada6,1
0xf1457c832008b82a615f316186115886c8bc20de,1
0x56aeb55c9ff5f68237f0b0c3bfcd9e378587fd62,1
0x4ac8c7bcabc037f25ff5378df42c359c0e1c496f,1
0xe30f304d455261986378de07e094b7a9a86c15f7,1
0x2c545b543acd6ba7b969f3cbb5d4002765fe7d6d,1
0xfd5b0c36b42344bedbb8ce3b816b879ef45cd034,1
0x78473d6967fe92e3d2392a2ac5ac53175871798e,1
0x47e315a004c94906d3a1baf71997ce2336df865a,1
0x9eb82fc7f077bedc0b0ed75f1345381a7f761fd7,1
0x65313f7e019ba548a9373c5d255e661cbefee745,1
0x048f8935cc746f4f6795ccc420017710ae106dd1,1
0x68d90b86119d877de14a7923562fd9b207cb3008,1
0xfab320398f4549c16ec142d160db9e22f1a4be86,1
0x84e679ef3f83ab4378c5f08f471cbc73f86611a0,1
0x8df455a580f47163607ec4f604be08ef5047f71f,1
0xaca70cc7ed483b2a83252b514af4291d357b3ca8,1
0x0fa18362871891c06fadfc01e4f062a50aeb335d,1
0x284f503f1664e392bab77792b2b131b36922e5e4,1
0x1d556e31ae49f033990eecd6417a1d8cb7c83faa,1
0x440fe71a68b8e713037afbce3d7bc7175de9c259,1
0xe8ce2576393ae0245e6074df18d27c48fc957e37,1
0x6bfab0bb1c2f4b3dae270c4671c03438f7c74593,1
0xcf6dd9dc642d7d9f9a2b352ccd2620d32ca70465,1
0xdc1194563fed76ceb11d8989122ae6cbc13476d0,1
0x9bcfcc6551a7d132243a6462759bbb6efa242e17,1
0xaa49d8e5ca2d00cf645cb49a618edfe88181bd57,1
0xd85d4a098c3d7534723c8504fe6200d96bd7f611,1
0xbf55981dd22e557b792fff296fca46dbfa08174c,1
0xc969a8270ddfb544ce1364e9d93ef46f8556a625,1
0xd85a1384ce7eee8401015e5d9e0e2ec536e99518,1
0xc36ffef0e5492176f67d96c2daf1a6dee29a83cb,1
0x08d5a03b4d3240c808d506db506e9e49a3e4ea1a,1
0x7ee32c9c0eef5b30b3d3e2cd979f8f3235113351,1
0x5242adefcb18adde7a982a84a145156c41173b81,1
0x2eeb052d9bcf944207dd540fd29ca05b2758cf5c,1
0xce2a6f1ee1a9a9defe603a0a5355eb11073cd3f5,1
0xe8b7e17457679eed7094f1568c9237b195db971d,1
0xc2ecd7e6f3002cc1925c22875461ba5db7afee77,1
0x9eb9b6c49070e5c8dc61771574acdbb532ef4b07,1
0xf0e1b7d3bebee95812c2bedc8db8c1a0fe3a16e0,1
0xbf74661ace86799b6e572280c5db2db97d1a6e3f,1
0xbec0cbb2293050c542c88b68c8ea14628eb74cec,1
0xfc9facc2706049f6a89189d9d6b4c668eb3010e6,1
0x51c239a74a531b867958296e0276aee56e4be6ee,1
0x34e332633dbec49acd45fa7b1293aab319956dae,1
0xa2ae53436a79f0cddec550d78cb5ea23fda1f429,1
0xdfb07b630ddb9c46dedc7f01f54d4155bc9be69a,1
0x4111789e83520cb9afd5faa8becc67d7b79e77e3,1
0x1adf2a3f126d8ff52ab81c13a551c027c4be42ed,1
0x8f7ff9d079d3a1155886a907e12d855e7050fc5a,1
0xf94d882f1440233f5bb02bd8844ac6200f431b28,1
0xf74f773f0ee86c6b8b8e8fdf587fa2a9c354b4be,1
0x0eb11f89bba242ac18f08031ae6ea1413a4ccc9e,1
0x88cbbfc7793b4b01608b4ad632308ba9512497b5,1
0xe7c61043effd2b2c7c5e3bbf2528a07b204d800c,1
0x3b8713bb349c37a7ddff33d757a10a7b585d4e4c,1
0xa3c9f6323d45bac81f81cbacda4e0bcc257000e5,1
0xfd7bed03494d94d8619a5b5fb8a00c42fbc4081a,1
0x7c3372965a448fda6badaaadd77414767bfe8b10,1
0x469ac87abfae34c4038c42e8db05c961217f9224,1
0x59e6a0a01dd64d02a4b456fe7f7510b1dbc84f55,1
0x3f96e7c17aa41acf5c170e988b52b26ac43068c5,1
0xa2f8ec55fd93a1711e9b9064a37cf66ef360bef2,1
0x54ccc308ea83b9f7d413c736bd89629dce7cf060,1
0x7103c84ec060e940c5bfac24c7161b9b888f5a19,1
0x62763dbb9991ad23f895b1b53df736f9346b13e4,1
0x1958f0dcda2e3b78d8dc54e16ee245aca356bb81,1
0x9f5359a4640fc4740bac39fb5c8e71a8466c7822,1
0x5f8edeb66117759141163bc494dc2cb9b44cb322,1
0x712d110add8608e0c48d9f14792eb5975b1bb27e,1
0x4e5bb3e6aa4588d50dae0dd363bd69d0cd6c4eb6,1
0xb88dcb2defd43641f528214f6630dc75c93dc2d5,1
0x4b4b9067299294bbb228ea26e460f21107a92297,1
0x20291eda858009813aebe09732e8b765e63d03ca,1
0x4cea30c186dbde78394d846754035edbe4440c06,1
0xc33fb4481b2eda62f5ee19a62c49a96f1718d4de,1
0xaecda4c946a37e4820c731e13b73d096b2082570,1
0x557ef96960b3d28702fc1163917ab7671d57393f,1
0x71ba09e6318470e3120170f2f11a37453fe04070,1
0xac3094dab9301c87c5649d88231100d5d473daae,1
0x5929d7f6e864f0c1d3d14eb677786a4456d03128,1
0x8c923bfd4e9cb281d207235a77871dfe55a046f9,1
0xf73d6f20657d4d1a6b883034ca0ccba9695c787f,1
0x5f86e9e2e955d3d3c45f1fe04e13d3c2c75450f0,1
0xe2c38d1952fd8fd30b511f4543ced968046a06fa,1
0xc6ffe9a8b578844c62931fa73a97710e479370a3,1
0xd9b11569a6775349856164a08c7eb8319e086519,1
0xd076eed28caed23705aa91e71f0b6f45668796c9,1
0xd66c0cf8dbc986aec28960ff0abb86c19a03d5df,1
0x124375f8d7286bbd80d04d4ba17a2b7945e03994,1
0xce7a4d2849a49f66e29584400a57662e6e45376f,1
0xb958cb7ca058f1fde3b612b6fbe6a0282d3ea7aa,1
0xc2632427ec65414e549800d8546aafd6ba0b56ac,1
0x4e43b7f8bd9baf5cbe1cbd6f3df1eca93adde4a8,1
0x2a8adc5fa72a989aedb7ec23761a6cbbdd709fe9,1
0xeb4775ed5ec3419b94b78ab762dc1542650dd3c9,1
0x416d6379735b0a8d0e858be9ba02e991eeb0b111,1
0x3cff153344a44512a59f9aaea144957b77e8351f,1
0x4c87872c9f8d0b7f2143fbef6f9360f50449f6e7,1
0x25fb074af2060f543be142cc7e327d1eb8be3eb0,1
0x5f64ee51e7f99f4fa02786568bf47e7469655da5,1
0x8cfc0e1c2bc21606e9e2500899d03c2489062069,1
0x59b6c11005cb3891aff4c1236bfe67560b36ed42,1
0xfa0da7e98983aee2a384065741052af299f36946,1
0x0b30f5f12321b71b5982157052fa9b26e51386a8,1
0xb1bc539771beb23e21918254af823dc7bf569d83,1
0x12758bf78e47bda574df8edde690814a62365322,1
0xb08ad2fa668c086020dbeab72cc280688067c672,1
0x75b48159d6fa14c1eb53e68cebd59aab8aa7a402,1
0xc9adf879babd680831e8a6a7d56a3dbc28ffba62,1
0xf6a397ec2e30dd5d36a92ab66ed9f38bce62c323,1
0xfbb9b250984596b572d0053756b27c35d055ad74,1
0xa27657d40ad093576b1765729f2daa9aa7cb75d4,1
0xa2ac2eef1ea5a9eecf26a2612b85f5771deb7d70,1
0x25b2ea5bb2a9afdee8913e9d30345b130a062540,1
0x210f27c2847a482da5b77cd5189a883f03127ce3,1
0xc50c9513efc5a1ad4cee3f6475a5fa88190d2daf,1
0xa7e6fad6cb338b8fa76912f40b4bd31756d91deb,1
0x1696a81413281f0f88c99d827554f35819c71b80,1
0xe74dadb2d142179c366b27c7e2282f8e695b4aa8,1
0x40ca81fbf2f4ea24e6d72874f2cc67eb88453bba,1
0x971c89af8e6f836741533c934582cd2cf0b55e92,1
0x34fe29766e08e53eba79eec0de319b928a29b2b8,1
0xcd209792a5cbf80442e950e16bb0151433faf7dc,1
0x056f64c825399c9dc2867986e490846dca7bbddf,1
0xe02d2b3d307d47e5678a782265126044a5480a54,1
0x03ad3bd721013c819701cc36d7662b247d1688e7,1
0xc4d9b69de5979ac67fe553e7efe9273ba147d0c2,1
0x2b50ab811463b6a6831b8ec2b1d8bd6e6ff4eb90,1
0x5fc0a71cbafbeb17f3b3044e6ba192f3e0995dc3,1
0x0fa24093073ddd8f139fc5c5e816405d2e7446d4,1
0x9cd4d3109d1d052a748c552e9ca8c516896d165e,1
0x5ad6c1d40cf80645bcabcfa90cc5d7ff1d30c4af,1
0xa943f822f3ee5a82732172f7078fb4e9ea0fd538,1
0x4c52905f3a0144cacf41bbf03ec2e9fd22bb71df,1
0x2f53fbb290565f843c3f27d84e8319c35f4e5360,1
0xa863376a8cb96cff6818861f30deff29f3d3efad,1
0xb1ada201273ae2c82885f17ace50f7ad4a89f342,1
0xfcaeac4b3286c82e6b52c5e353ffc7f5c8affcad,1
0xa1a2b08f8a8f7427aa26271e3350478864866ed3,1
0x54cb621bde9a0b1ebccd712c6ecb944c4d24e4d1,1
0x4369a8d5b33e65b210d753124163803e57b6f395,1
0x6ef4513c838eee0e4494cd22ba3c781d81a96e91,1
0xa43348a7968a53eedab86fc24494a42deaa02b2c,1
0xa18067e9330e5364f59d80b61231954505ea8dea,1
0x6ed67a9d18f1014846bb1a1c74b8b85b8d9bdfac,1
0x48f1a9c049bd546c4396cf555dae506678c4973b,1
0x8befafa871da57e00dd75c7ed11e63e50db4e45b,1
0x88f1f6a0670972d654be6b7a8da8dad8ab1cd520,1
0x9a15c1253f7471993559ca3123604f087f092ef2,1
0xda684aaf6811f491b0f712265570e73933a496b4,1
0x1aeec277aa8f89f8914f8522b55a5a9d3059d142,1
0xdc67a0e72af2ef3ae29b78e5765716ce002a8c48,1
0xb231836da55ad501a38099adf9e96748523c4a5b,1
0xf8713d0fa177462d4f7708f99aac5c5525ff8759,1
0x24f88ca00fa86256dfee115da2ed0a781313c490,1
0xbda5f1977b7d43d51dae4352ae60c48942ae830c,1
0x99f0cfbdd8dce8e01c88178235eadc49ff4dd9cd,1
0xe0823e83f5ce42c7fb4ff3b6f1ddea1b1be63cf8,1
0x32d6999e98ef95d368cf0e11ec6ec4d70a43ef64,1
0x00c14e922959daecb3058fc9ee77571fbe788c3c,1
0xb144927fed1c3b3bf347990abf63ac82a1cb2ac4,1
0xec5df2c84e306ef2169e95ea0da5930ed6540ceb,1
0x2c158d5c8c0daa47cfa39fdafa7c5cee5acc2001,1
0xde01f6e56653bc899f4662d55389ceda17c6881b,1
0xcaca6a95e2fca7ea9eec646b5c232c1571a37cf1,1
0x2c1bd59562a6ba04faa2ece7ebfd74d3b003c2f6,1
0x79e7b0e4b6a03a6571f5243134b21d173c40d0cb,1
0x55d3143bd95ea4b15d84bd954ad3a9f863ae592c,1
0x11075fc89db5fb830e73af4608ab78f27367e1f7,1
0xef02ca61272a289ecc053163225c8c18253feb73,1
0x2ea2a31a927d20b6807045b99824ec5e018a71ea,1
0x185fb32f2481d9885ae3a0d0df77bd8e6945b51e,1
0xba7f5d3d78a014af48e335c6a826441042121db0,1
0x630e0741cafa9639b6a269c24e722322c320b683,1
0xdcee4fa67804383e6402eb980e93cc4a937a33de,1
0x292506772fbea3634a84e5e651375f1d08daa6f6,1
0xb970bf157859ca8087c1770611316565149bca6e,1
0xb728d2fc1a188319a67d9cead1768741b18704a9,1
0x67e8f4370812386f6d40a7b7da781e67daafe9e7,1
0x831b342c8153e5c5112b6290069e1d5e019a5c57,1
0xa608fab8799f39cd35724f81251b224ca0e82c3f,1
0xb19a24c0e15cba827df820d1c88dd64f59309667,1
0xb6a1d78463a2cc520a9c1d5fff8cd279230cfbb0,1
0x1c52216e2c08b7c86f27fe74d7d6206bb0648794,1
0x1b0a74ec605fc718fa6046951d8976e58b5e0287,1
0xd0434a50e9dac62107cbc91d9d9c64bcfe5f5358,1
0x71f0628d6eec393e21899d2a8577978d4acf3201,1
0x6dfc887128adb1b96f561a84f2c91617b4429f0a,1
0xf26514e41030ca9a39fdf61ea44733324a4efc4b,1
0x552953be23e85cafebe215ef86a09beb444f1579,1
0xa24a22ea308032f4dac199928008f458fcb3d049,1
0x483bf054067948796f2d82a954603b0358e930d7,1
0x39a764307b2b4367b32ec59c7bcfe326642b1c93,1
0xd8acd79928dd871baf8a7bdd3b66ebcd796111c8,1
0x6708ee58ed204be6d9bffed01a51c6b87ca566f8,1
0x0c255423395d28a2ef37d54e06902856193e9043,1
0xa096ef162a1dc96ace3c0c7760ce78a7825f1aa1,1
0x97b8659e0c543c01e25293c2a428a4cc3fd9d470,1
0x3e15ad98a4ffe26c558673a990c29713e794c6ac,1
0x829feb6708b4b328112c5434dc3f466b728f7664,1
0x37800cb134e119ecdf4f963525673e57d245eed3,1
0x9b519b096457aade2ce5a8a40d8cb3beca6f8576,1
0xd5498c35456f925731b882e596d548b930bf3fcb,1
0x5b172a51a81cb4db0f65def59951e41b413c246f,1
0x43b8d779ceadf4c52cd836c57d533c0ceb2f1f12,1
0xec8f0d4d8002b97fea765cc3d09ddb8171147b17,1
0x870b10bef408e398e916ccc9a964476491934ed6,1
0x5992ba67282dad9ffb8618c9595bc37544917ccc,1
0x33de7d59a89dd1a5b217d75d2b199490a39bcb27,1
0x803c7fb6f78563c387ada5603401cefb19791d3e,1
0xbcbccf1f39ced3283f8eac795db18f213e30a834,1
0x93647952b12a961300ffe91362aaf8662587f023,1
0xd4ae647cff5500c7c1447dde84981f39366dee44,1
0xa3e8c1ad3d99d9002f4ee8a3c0197f29273a1b8d,1
0x67cd01dcd373ca9b2073749deadda834cb0d8514,1
0xb7a92b4f4c658d76c9e4da071eaddcdf6a40d8a8,1
0x7810e059d80dd3a82d6a69ff779543b119fccfce,1
0x7ef3a105600505446e0b82a409214c59a8bb0252,1
0xbf1b789eaf469805f8848883877c7b00211a0af7,1
0xde7c188326f6347e30eb83d5b1d295042af73ef4,1
0xedd1882b925609b88c7bf30f098c4cc165b495e1,1
0x87bd2ff37d674d9528be28a495cb284b8fc28825,1
0xa7dcc18f39b101060c119205a87609bd21332c09,1
0x7591458d085bdbd11cb2b1fb4ae3c3b7aef0ffa8,1
0x8786d41ac2b2c77edf3cb3ac44275cf8ce613cfe,1
0x36727a9bc22729d90ee78a3988574253d4907757,1
0x9d88ec1a6868a13cae027ec707867bc0a49f6452,1
0x807567db2214d88322d620eb9aca7e1ab338e682,1
0xea9aeffbb74755cb61ae7845dbcc89ce0681a62b,1
0xea11102422ce2be8dc5b25870adf7859877f5a79,1
0xaeaa50b4025817443d6ed5609297a7baffa28963,1
0x8262ff10f6517a3edf71a233cf3094220e424d37,1
0x6e7d737a3ece6f67c79cfa738b3623b79f45c49e,1
0x1bf5aa034a0522a3eeb82b10da246798493c7cbf,1
0xdf9b6d388b22ba05d98aba843fb8dab7f7d340f8,1
0x7340dccf2195cef5fae56c683ba9df1ce86fadea,1
0xcea0ce7b80093a224aef5c53c999b372b51f4bf5,1
0x734e308055885d35da0f3fa4434c9ad814090f4f,1
0x7e2f49ba6cc1fd54f9c2310ee8dc733ba266d2a0,1
0x01c0cf546f803c4e111ae1954aaea3311fd3cd45,1
0xe0935b3cd44d7845f681eb4a40e9b4ebf5436cea,1
0x8e3682ff6e97b410b3521c62602ba5421053d416,1
0x278bd3d6bb9e90184aa46f9b3eed76cb844e71c2,1
0x31afdc933738a02809c48db31a58787d4246bebe,1
0x1fa5e1698f6732e7b5fc0763d66fa9075ea72bda,1
0x8f893f45f7d715681602c1d0d6d5ec69b2c7d6ea,1
0x8dde9ef0e1eab79525bc1fdb4d0b59a6254055ce,1
0x5b74b06a35700a0e8afefc96d839ade51c17640c,1
0xa990fc7540d2bd1c7e86c09269e9eab38dd7cf7e,1
0xfe8e042f6c0fa54f20a7e9b16692f05695b91187,1
0xd9bef29066ed5be75a8ecc5fb4683b1f7dcd420c,1
0x3638a429a96d75b585733faf8ea731f2cfd9c4af,1
0xefa7598e49ee2e30ca71a703442b7a20a36637f5,1
0x31be49731d0dc56becc2d3b6d8ca29cdbaa9d783,1
0x2f9285f5b9a6e37fc18b9068490386cf7d727fa5,1
0x8a43ad1914101be724f3f487b9fcaf36672153e4,1
0x58a7312dbe9130ca0e0bc336efe5b1cba58a873f,1
0x3bd142b4cb9cf4bf872c2c7de131aa8b80ad368a,1
0xa9a89642f23570902956c012cc4742cf8a3c1d23,1
0x8e57325b5561c20750c3074747434e250f97dc8f,1
0xbdcd50a77f516aab43a77a8f92c4daca7d239316,1
0x764346a8c5a4613905bec530cd3858a51452ae1d,1
0x50ebc19ef4a4911056d6c7d47942a234ee64d539,1
0x27a7633e9df8696c2a1baf11eb76965c8dd7a548,1
0x98b8401fef7d7ee27f6cb4d76471ccaa7156a753,1
0xe8d33e6b727fba2ae372ad88f3681427e47a1683,1
0xbdc765d3cca05f322d2b71be6dbcb3afea8e4eb9,1
0xb4ec464d8bee5b43edead90ae8ecac7e917fba92,1
0x096fb7bfb74e88fcbd6cea3b924f406c3fef1ce7,1
0x842e72624f9e00de9845ca22ecb433e03f18cf9c,1
0x1361983d0e2a71b4d291240c8a50fd915885909e,1
0x0799cff8251845fd885da4783b9f4c5a8ed87511,1
0x454e84f4bbc7be7df47d2783d138613e3bec5604,1
0xd0d9053b3b6028346ad124b30cabd8f8be84a8b0,1
0x10fab7340d57cdeb0d29a8e8e382dbdd5a87dd93,1
0xd78630c56056944cdcf9bd1c9753ffd395d9e164,1
0xf73c86f8be0cc211376d1617114f1efbc77bc120,1
0x39e008cba26c575ab7d123dca181af382f855a8b,1
0x9fef3e66df3823d82f8202264ae402e6188945b1,1
0xa7b8e9fb6bb22125331020940c8ed1df2aa15935,1
0xddfc7d1dbfa62cce6be275961c8a7e98e892d28a,1
0xe693ec5a7bbb08f70d108917bb3413eb74c65e8a,1
0xbfcb618169e276ef9391dfbe447ef46e8ac7c5c5,1
0xa481ad3c54866cfbd6c131624ded15a1194e8fca,1
0xa5192f0806445621fd869e9e55e3b9550a066773,1
0x28b8046e3834d840dfc4be207c51b8d031c57805,1
0xf11efcf179554989326be872497ad133e179bf04,1
0xda4bf7df55c275d9c7fd3e15461947a4c5cf21a7,1
0x7288419486d3119999d58b2f435f2545ce7d6bf1,1
0x2d6af456a2d179af907b3754d3df4b4be68f94d7,1
0xe8c5a0063fbf20a34fdd7ee1954d72c9ae5a6118,1
0x21ef3f587cb94210528fa56b3cc84ac4ca20a440,1
0x72dbf53897a7026b2076084757112a4594a5aacc,1
0x1289e35dce112a7643207a26ded9ba5be1fd7ef0,1
0x4767f415869033ea44bf57ab3ac42cb7874e230e,1
0x7d305b79a8ffcb58ab28ae2ff453ec3b502c420f,1
0x0877672e5c7d0d924314b6a18fa65ed329216419,1
0x44681af20fd2d74e8626aa7c0c363afc101f3508,1
0xb54732e2d8f31bd73d8cc9bc8873e64ecbb56b38,1
0x78ab8d09ddde87a2b247c7deececf9badc4b6bea,1
0xccc2cc71ba0c48321dace0805f2532cadf809343,1
0x0b1109983a52496ae29fb91cafb6ae1b193306ee,1
0x64acdb9036580c80356a548babce67797fbd15d4,1
0xf3076dac2f029fd51497c749cc579044a6345141,1
0xeebab10e7a56e01a376edf9559babf40fb70ef9e,1
0xd2ceee90d55c059451959abc88a092e8ae8b1321,1
0xd0e4a82db1c6301f6692b2b15c6cbf1755860b36,1
0xb87eabc15ed21efceaab749786466fe9f33ae752,1
0x604b8546f9887189a761c541bf250b67d4146df3,1
0x31c2f112339a9e5dd23328681be86a5078a038d3,1
0x6e95de402cdd5fd87d87f2d7b07fec51a714127e,1
0xabff7e97428ae4d1808b9f414bea0b82e144bd9b,1
0xc74967a88d7daea3568cddcaaa8b2fb4a26def0c,1
0x8a21acdc91719726bfac24b30a7288078d50c628,1
0x11b226322c856049feb8235b6816d6e0b270513c,1
0x2a60cabbe7be2bf2d95c9c798603df95400fceeb,1
0x031ac2a0243f9c12348a0c6232637534f7f0a6ec,1
0xbab33e77d0f764f4b01246f4e744c2c9e909421d,1
0x4776b5237eb96674e2946357360229da327cd174,1
0x39e11dcfcfd575bdf38d7e55829a33cfa0ddd955,1
0x2c36402f4e1c6ef970b63538b3b9ee484419f571,1
0x5051791bb21cfe4330feaeb8bb22a89a82687105,1
0x0660d98c22d04dbfe943f5bf6a7dacfbed69b736,1
0x9da2e67ca0ce0165c77e6df1f1465df879a6955d,1
0x78c2cd1d6e778c0f32789680c2de69c67b8bd5ce,1
0x46aba81796741babc0fcbc883a9d4468ae412c3b,1
0x275c4f78690441234d6767cd249ca8303f6d28bd,1
0x3a4416b072ae19cacb9f4d9793f5f1165ae00f2e,1
0xa78f60427cb78fe8c393da86564d7b01eefecca5,1
0x9aac1765d6b2d4fe83de7ae0178db54917895c80,1
0xc1dd5a7a180b70874ad6d5d9c56b590e505e6791,1
0xfbbc7ab20c6372f6c509c75c028e425346dfced7,1
0x54073f76f0d23c21f56227f41bd55c61640dfa73,1
0x4ad8ac4af561c83d59dac1576a7f38ee639a2a3d,1
0x9a4d1c4d8ca1abab4f4267b04182f7d0cccc9d2f,1
0x29e5a641b8103114b4288fafebf23bc9242abc2f,1
0x930e7333ea9bd9bc06175ed5446cb5be83cb7c31,1
0x794c06f880a8c89de8fb6124cf339e5c10d46056,1
0xf399ae6daa81a054e32f914a11906dc0e794b856,1
0x681c9bb918e459dd791a5742b964b825377e95c7,1
0xcb4435f688804412182bbdbffe424af36c0a2a29,1
0x91919793399a78d354068a52bef60f7791e796ce,1
0xbcd9da38e89254140ec45f3298b092de218c4f91,1
0xc153e4a5b03c032b71d5c40326d70d3b2cbc59e9,1
0x8f47d954cd319b81d17c06587b91d190dd80f931,1
0xba2cf4e4aa3e922b4f97f720af7a85982613e07b,1
0xe5e77aae3e68773bcbe1af00efaba4f185835686,1
0xf0028e25164163fb286c732b09a0c8eac8c04529,1
0x243e37ffc3d52e52a20460ac2a26db56aab27b63,1
0x17ecf7793d43f9bc5ac39e7aa8836f6af1eccc6a,1
0x8b6ce27849d91d55565da697a410c657219e4a4a,1
0x1b5757a6e82c997b02755ec3c435fd2d08550c73,1
0x782a926a7c3a1dd8ad95651a028412467cecda76,1
0x6cbdd543e7a7e05cc438f375a0ede62247c90f32,1
0x7f7759104b78021dc9109e0865b2e9561af4f4c1,1
0xf06779c2a5f119ca2a26f8280b67357df495c86b,1
0x14ca3c50776d44a4b23b88186352772b77fa5f72,1
0xf58e7d1a1e716a983e93f09ee56460a5f467d67e,1
0x9d826a65aee3d7cd810d9ff7daad9fb5001e0a19,1
0x8ea4581a6d87c107ee90696adf6514ca45d189b1,1
0xd8f69813c12397b13de4bdf3156b93ded13f79ec,1
0x90eb818c6bd445534a0e422ef82fc7c50f459be5,1
0x8167d99836aca80b8c5149df7371da435af97801,1
0x463450f0c7082870a673920d6544fd3ae34075d8,1
0x823892bda79a05d20ff0fb0b0dd90c7e1c26734f,1
0x06afc2e7a924480b378ef1f04e573b49ae081522,1
0x715c373d71ee1b1931fce86a4dac0d855d876850,1
0xc46cc94529a4aeb585232167f3553475e55144ae,1
0x97dcb70b8c99d95bf27e61e642c3e0c0761f0551,1
0x3733a93b13f5490e2fb2f338c868313e6e9b33ca,1
0x5dccdcc4439f0083a5f745eaa3a0ca6a75c901b8,1
0x8e8384f954f90f31a5abef7758fe821c6315c0ee,1
0x3b12eb11731cd9926ac0c1d90bc4211b7cb86686,1
0x5163216aef8af2616240692d2975251f04933410,1
0x8f9275bf3904e53eacdcc3fdfb909e6f58f3f4d2,1
0xbfee1b194f013275f8246435c8417b33e80af761,1
0x54b7ed9cc1927a5eb501a9421edf8ba0d2a45faa,1
0x846e21a58bc977dd81ae96a375c23a6626c4a40f,1
0x03544ad584dcfac522f4e1872f843499715bb3c1,1
0x386da9f3dfba2d471c64558c32d874a736db5265,1
0xc6d82ea9dfb52daa4deb12fe9ecb56de32cd5dc3,1
0x4c3b415266340dcb17b23d905eddae98f7476a04,1
0x4353fb8c39cd666599ec2a9b21b6d59e89b37f55,1
0x72458f92829e2d1300b55d0629af49354deee298,1
0x4d16b1d400e33a1965e5b93596a903f70114f9d6,1
0xf683f6c416cb029e290a23bef6af05ffa519ba56,1
0x3b6ff8f0c019a8dc1988dceac3dc38ceb31b4da9,1
0xb4faf12b7dbc601fc38e41e434d4fa107c10f6be,1
0xc83383cadf7a96257f93e95c66df54725bca0385,1
0x7ceb4617529223b9e5c250848310817f001e1a4a,1
0x3df918f35e591e669da15a17e53aec62b3af6d64,1
0xe7fccc449e1ff5a4b03df0e719162731e79eaf94,1
0xbd51eae8385a80decef42cc432ed3e6b1cd312ea,1
0xecfc02d4d3d957a1129f3ff43f555aa78d37fa49,1
0x712552028f9d5db9d56eefcb8ecc3a79242e0fc2,1
0x599eb423a97479ef497fc48b7cbd5d95c1d295e3,1
0x20cb917ff2d6981224eec19d776988078155be5c,1
0x9afe77ced0cf1319c5911cfd3b659d03bc40bee3,1
0x9a55b2803e57e941c567dbd1f0956de1f92af655,1
0xd8f62ebab50b58e3cee0dbbfc6a350248e703234,1
0xfc218c87af82063297bb838032fab3283f441714,1
0xbc303278376e981fae59b61b8b4b67eaaac6fbcb,1
0xf7a21407d09a4286bb79bbe150d68d29f9fc88b2,1
0x94a7fb1dc7da276a74dd4ddab1bf198e0792be0c,1
0xfa6560740bdf6152f73ae9bfe4446e0eb88b2040,1
0x00f522f7da7452ca9c099a9a2a703b758e7b72ff,1
0xd8063b0374d2624ed312f70ef7a074ebf65995e0,1
0x084a02a1d516270dd5000a70f1f8726680629068,1
0xb1598f1d537777ebf7be1cb9a77c2ff2c6a613f5,1
0xdbba6e3f0b492d1572f3df543013eda0521c233b,1
0x9c04ecc522a8fcd9ea42635a0a5a6d9cf86c1946,1
0xe4aafdb1345a5a473ed56c6da2b04b3add73dd4d,1
0x5a8360916e0085fc3bb84524089779f0a4e3aafd,1
0x2543c50f9250e008e6fbdf0db22694825ab9da98,1
0x66b0cd18a404a35962eb9abc0afe5ac82db25666,1
0xf775ac48cdb0c81dfa237b9bacaf8174ffa7ef99,1
0x5e1ac2d6cdbce55038a029f6d89e292f421189d2,1
0x84ea1e3194ac6f0fa271947b775b45ecd0a5dd91,1
0xa3c40817568d02a894cebf3c2f8ecd2898e475ac,1
0xcc16e6cb9b0c1ab6f47dc8f84c110239a5d5eec5,1
0x57f05d6ebd8d5d1856d8f606c45656ae0900a0d7,1
0x50bc4623585ae54902ff446d3d6a7a440e108845,1
0x06dc176ce3261586c24174bf5742d5725c1ced9d,1
0x14f64f5416afb5bb3ddd6bdd252d0bb51cd037fd,1
0xb29b65c54308a69cb78ab4a916a20b2a0e938c6b,1
0xee365f757aef86b1a84e03bbc810c5dcf193e8f9,1
0x39d0010433c1e0613b6c9dfb85fbdaf17b0bc8ea,1
0xddc4dc7d1699a754571ed5bb6ec0f0f5168e067b,1
0xee286fba3cbae7644985dabf79fba44c906e22b3,1
0x449172144a64b4aff2285379f6b997b59c8979e2,1
0x16ac873b439ba340ccf15e183f67515a81edc634,1
0xa66f50d3a3b5a0bd288e14928f65ed1645a081ad,1
0xe8cf2fe55a3ac474c08c7ed3e2b92ab8dff89840,1
0x04fbce13769dc8b4a7337c1022ade98d7bf5fbe5,1
0x761090461439453f8927dc91ceb416199a355d44,1
0x7e6b5c8ee548e7957b34fbbc4138a93dc300fe9d,1
0x39b2663e13703ffcad0c2ba5d2eecdaaee62f7bf,1
0x8ae2c6f745e9c682f649d65c86159d37a7d4ea65,1
0x69ddc7dd49ee46309a8a20ed48a96f37019db4ca,1
0xbf001353b6053c33230d3d98bde2c66b99aa8a95,1
0xd1a7837418960a4c37569d1d72fbb597fb54900c,1
0x0bef0bc21f60bf43132ee8ef45dead51ac73b8bd,1
0x209f50ee719912afd25f48d0ba91650c527ffb54,1
0x8a3835c425e6bfb049fa39f7f08527808c860bfa,1
0x97b137821f801c805abba15bb21dbe602b9f4d96,1
0xbfd7a9c0b50d878cb146d5c285fa9a81e3006ff9,1
0xc02e9a0f574ff7b93f87c3e7b138f06e76127216,1
0xc9c5d80c3aa37e818eea4dbabbea5f6fcc7949f8,1
0x4a8d4c0a74f434d06e303e16140bd44d33d26438,1
0x82677833eda9e8d5e808ad3e91f499185843e300,1
0x51e736f766d79de38297841e02d0f7876b5b990f,1
0xb37c50b69dfd8ad137cf1c4e78a50b9fe2badad3,1
0xaa505e7526dc472505c396ab6708e29739b66335,1
0x1e64768ceb04203cd58b26af30ca4466778daf9e,1
0xdb5500c9556d91860f825932f034e54dc2e687a0,1
0xd65f0713b411c3d179c8ff94c56b6e4994de7979,1
0x3f6fe918993c0b470b6db34f3c48f505d9ca47c6,1
0xc7c8b60b2ab725db8f76a4f2c53a85ea370edb46,1
0x944767b324d8e82da56608ba62e857ced15e7e18,1
0xd810e56f7fde79624418bd22e3b00981232f9b4a,1
0xb19c42434929e5520c596b119e607aa7da66d686,1
0x05e5ded0968854ddb04e4432647035a4a3745310,1
0x5903cdce2c7d9fcc709f802733af61330628095d,1
0xc8a6e5a4b26ae4eeb194c7f0791f89b462ef36c6,1
0x9062f3362f2cea5f2531be55eadfeea91bf894dc,1
0xacaaebe218387f16c2b2c15ff9890b1ae7a2ace6,1
0x2ded0ed43a4923efd44e63c14ed00b8642d7b88f,1
0xfd8c69e82c1e09ca694c026a1b7b3a33fa74fdb4,1
0xdfae7a988439fbb6c6dfb4cf9773e2cc35aaea26,1
0xb0f4cb484f1c6266a544f45bf5c6f78590ae5b58,1
0xf27bb17dbe8b061d9901fb92691ee59ea290e0e5,1
0x8cef926e4d3d4b530f5799af5c53a6d0577a5b87,1
0x55754a84b534e2aefaa880d646d780049379d557,1
0x3648fb23b6380e4a07374cee863dd9daebdf7da3,1
0x51a44e49961776017d291aef5de5c58a8d78e7a8,1
0x65033139214dbfe9014376bed4f760e1855e1413,1
0xaabc71ff8b748d138d25af84d6bf4ea0391c24f8,1
0x2f44f3d9faa1ce7e58df9b977d3afc462056f08f,1
0x248963e9fb685ffe9c790ceef2f2e8174344901b,1
0x9abf69f860e0ae4bf01034efda07f3e9b1f6f236,1
0x73e00b82f448b4803dea2ecdda1cc9718ed391d9,1
0xafc33c7d2025702e0a83eebea8874be5efe49ab9,1
0x791fa5ba351a97c0c6fcdf6e88b9814025bbf194,1
0x00ba1727a2833686d0ea6ad3c5f5ec9028fa8c26,1
0x077743c1adbeda52b110d86ef9baf8639e9aebd2,1
0xde95945cb61dbdfabf7c9bb35bc4eee0c28e6664,1
0xf74b0152cdeba79fe1877af377278f9d6990744e,1
0x072fd68ec6083ce88c916243425c07482b3b98c2,1
0x6eb2c0805944dae13fe6f0f71dedc25673191c8f,1
0xc5683604be7957d6249c60016881667a6601d0db,1
0xfe4ce279e1f5938dbebe810f904c945d996a3c8c,1
0xe8e952532416ee86b84884abbe2b844725ed6c33,1
0x44ee2a36967bb4543cc927102303cdb2806abb7b,1
0x88fdb2c0715623901c40da5e782bb08b3cef73ef,1
0x96ca8e421d3111fda99c8463db94bb42b8b14f47,1
0x1923b613d10d66edf0441b0295ade13910777fa4,1
0xbdd12f344bc6eaf1051daa8903b674c8efe76714,1
0x2b288de5a4164c3c27faef8ad2fb223b7960430f,1
0x573ced1f8ae4071431679d7658d2af81ddf6e652,1
0xac6c1a76b3eee7d1fd74d6ad74e2f02e8b7b8498,1
0x4d67edb0541661125fc77366248aa683ec196ba8,1
0x214dc3f2b426165fd5435c6e0a50d70f7f309f20,1
0x1cd921f2e9c993a92f7c1b7bf400edc919a43808,1
0x6237f8a0d245bb7ff3448a993680075f9a1bb41b,1
0xbb14fa45e134b111c2232a79d397cec6194f11f4,1
0xb7032349da7cc7f65b08172faafaaa366828243d,1
0xe6138c80a14a5f9654b140664e1bb4b2bc76fb51,1
0x7e3ddc67614c9b73ec8bf93b4e2867ff7f648c76,1
0xc5b219b1c63a4182e1152bd1df1781b8ece33362,1
0xca06fbde588a97c4e16a844494d387087337147f,1
0xebd796d154d8659708e39ad9dcdcad10065f7f0f,1
0x260219d235a22daabcca447a3fb4968b52e23c66,1
0x064f2cc4fdaf65f0237b7e99b89a6d1021a6af5d,1
0xe4295238ee9d74a9e1c2cc97004e6895b255d0a8,1
0xf639485e75aa6d3d4acf63ecef4405affd8da607,1
0x0b89bb1ac94cfb325ceee9c5401645663d1c7d60,1
0xf7580ee078c20bb4229708ad98969e2c1e305dfe,1
0xa1c5b236ba277e478fcfee96b97fbb9a70a63eb8,1
0xfcb9fa14ad14ffdac8c9d8a00ac5ee6f60d5b546,1
0x5b35bd4c777c1e594ac5d29adb9e0488bd24b3fc,1
0x0877c2a75562c30a8f34ba320950f43093b37c01,1
0x9b6c5589bed6ac341b1648d375cf8c628a464ed1,1
0x65575cf43c37c890b0ab63da1efb5d0ac35ec321,1
0x5719818f0b3cbae6d0a9bc4ee11df16015d5d036,1
0x4bc4885950750ae6046489c3c7045c7e069db707,1
0x07e9044016590ef60126ceae8ec6507f653e41ce,1
0x53c66e340262895a1bc0f31d6daca98afd557220,1
0xb1ba13243a4d748d250cc2a8177092ecc1a25b03,1
0xa0e0753622d0d8709abf5e65deddd979c5426fd7,1
0x3f517f611ef3b156b00cbd8901d4328202c2179f,1
0x71b343f68ea04c355070416c3c8f0802a4cbc9c7,1
0xba9f79405b6351f70c78686c0eea110d702d86ca,1
0x013353338ed3100fe045df5b92cd13f48e3553dc,1
0x0da62f1ec25487f3613d485351c7b998745c70ea,1
0x5d6edc8585b076514db3d88c6218bcfc5d17cc30,1
0xd47316c2edbe685c8d8c4e3276b27e34b0598bb3,1
0xfaf460df0c0dbec71e054302e4a0c5eead582fdb,1
0x40a658e04c39c4f5b824b6420e80d342fa7fbb09,1
0x76c21c30eca5c57b274c579a80aa14dbe43a9ece,1
0xb793d507c8833f13a5833cd482b257ccdae4846b,1
0xe9d0f08e813cf861b6e900f8d3661abe3d58951a,1
0xbfe4424245fa356f54373014bb467b5596da4050,1
0x80f34b11b1fd6d3ea5cf11fe03e1775f220f1ec1,1
0x6acd40a7f7f43fb813e342db480dfe293cb0c7a5,1
0xa4398ddf4b7bba04c6ed00a4fcaddefc433653d4,1
0x53906aa89392d12d2f991a687ddfea31d7ecc900,1
0xc49a4944cac9b517b656fa9395aa1d0853213838,1
0x74d79ff4552ecd81686dc8aea3c177d32a1f692d,1
0xe76f9a662e9d0509b58f1590acf7c3739de60c52,1
0xbbeec882b07d785a79bc3db4c7d4a5dff7ac258a,1
0xae46eb0984f1dc0a1de02adb8429a5a38abc9dfa,1
0x6853c5d628767c757aafbff5fa916959be16fef1,1
0x9bdbcc70f6293f2fee7d749e31795344c479d13a,1
0xde70fb60f3b60c4245e57e907efdb774c25a07a6,1
0xb10d13ae1409099f91f43169b0b4a076b986ece0,1
0x86c35eda35cb975f6e4ac91679eee2b812eb71d0,1
0x76bcd8d0277379fb10fc867cacb6579c56567abd,1
0x910facddd5784e66528d6d1790d17cb7d4794ea6,1
0x42785115b69550305349f994d623c97c864b1e62,1
0x1a5d9bcc1a67974d0981d715276982c98dcde931,1
0x6cd249c1d0b196a1819dad3b1e385ddbab917742,1
0xebfd7fe4bd4e63dec54e9108c33d2a1ff12f8887,1
0x7d26c21480cdc7452f0a378924531cdcb820ebf3,1
0x6592eae848c05338e47817d9988765420af6132c,1
0xc6066f7320a3f1dead8426d1ebae88d697ffa325,1
0x44b7ed56cd8a52fe97860d40b3080d10c8589cd1,1
0xd63654c8842488dceede9795ae6b3471a0a4613d,1
0x6dc5e4b20cddb32276140cb783c88090335acce6,1
0xbe329d1b510fa6a7a6e1b3a93ea67d759262cdde,1
0xb95321eec758bebbaa455fb420a03116e7822622,1
0x79dfa37bd864743ea4d147ecc46dff56a0911b6d,1
0x0ff75dd5c6fed84952cd18d24861ff2ff1eecdec,1
0x36cd4e5766e09c4e86d04a8f8812021e84644ed6,1
0x3d5f51c6c96d833766fd7e38187cdb3cadf3dc4d,1
0x5da4c2d283a7058632a2a57122688f6698031bcb,1
0xaa22e4da25515af124fdcb1562537bb063573719,1
0xdbb84d753f548c5488137f46aa8245c9f4675dfd,1
0x1a289c1dc3430b311e67058b0157fb15b0fefd51,1
0xb53961a9bc3c3e55c96312051e2f6a922bc7d0b3,1
0x6791e6bfc5ffabda6d07d435fbe0f43dc44a3538,1
0x0a982ad50c9dd1c056a08db8ccea0fe395f4dc9f,1
0x7427aaa1e8551f231524cd2ffed3e88281a3295b,1
0xf28257a6977d86585021204cf36521d8e9e37cd4,1
0xa81b0ea7525b4d0493dc7ff75a7c62e1b9a6a4a5,1
0x1beebfe414e02f3ededb224c4d7f92a8efb85244,1
0xc7d06ac413af0e24b7061933545a0adc5902dc5f,1
0x96475e447c1072f8eff5f32fdd6fa0eb87fcde27,1
0x1b123abdf5b49e806c6b3b9504a0c14c707cda7f,1
0xc9886e23d8c2a4e58cf1da42fc1fbba2976d963c,1
0xc2ddd31f511a187df9ecb16c32537d6f76bb7f99,1
0x60a778b195faac0d6bf35ff24acba878b1a1126e,1
0x3d0bc3c909c02a6fa0244c7c678c965f75f0993c,1
0xfbb0bb547c576d95d5f844f187a644204907aab5,1
0x6500d24488b8a42332f26d6a8a1e548162f5de6a,1
0x5b7534aab9293516fe8e32acc1e38b75fef69c35,1
0x4e15fabca62d54732a642a16447e3f947114e0d0,1
0x2694d2d6e2150e9f6ef44601627b7789ebc104b9,1
0x709d41b62d6c9f0685a163a2024551b880443c6c,1
0x40bbdde86582f46cbb30471d04dbe273715e7582,1
0xafb84412920bec7e490b2e932503d3edbe7c7540,1
0xfadef4f16f16d85a60377e1169e87415ed3194f0,1
0x22df114861900b837e075757aedd904db871c57f,1
0x33583799b8f4ac7ffab196b04d9b96081422da4b,1
0x3a25f4edaf820814cfbf7865da32a52ff4dcaa0b,1
0x0fad6d7275a313873a6c3fb4864aeec3ee0fac12,1
0x5369aadb86de4d04ba8013f07364b2ee5a3228d8,1
0xe91c2dcee93d25075767b59148f1f614af80a0ba,1
0xea0fdc796e4627daa7cb03fea94c75d454f3b71f,1
0xc3d05edd8e68b391db575bd9c327b473201a8e18,1
0xfa33a22d2cc6f497888036f3b34dde59e6e79533,1
0x3df2743f61c3cd29a68028c262547f7ca635f74b,1
0x857724335b151ab48e5db528dc15fd856df35001,1
0x96775559b5fdded647e14af20e267c9e3111b473,1
0xeb094fcc34eab1c6564d7e9ddea522aa8ac25127,1
0xf0ade423e80bd5f56ea87a3154966f0dccfb232f,1
0xbacb5049732c8a60c1da72f0049d6a4d48c34eb1,1
0x5873a8d975b96b64b4bddd441612cbaa1d746bff,1
0xdd068c05a2d3ce94029eb8ebed3c3aa0e912a501,1
0x93600c6ce6a2e9b1a7290f4e2bda52abe7d3eb59,1
0x725289f5815493119a610b51212df30a719e4295,1
0x13e7e8f5eb704b3b8a199eb22eb514524e3283ae,1
0xc7bc3af129c6e0ceec4aadfff349a0ebfb5ddd9f,1
0xdc4ea18828c6eb46c28c49a2cb7b0882cbc2c019,1
0x20fcca63d68f8a2c378cd4f19bd226d8e81e5f38,1
0x71344c9d4b53687bdca6464b11c77750562328c6,1
0x29969c7d931829e20c392aa67eb1856aeffc6ec4,1
0xddee3172f029fc08e2cf41e83171392e161c036d,1
0x5ef7e326dd821fadfe039af897dcca917616736a,1
0x84629e78288515ae48ed06ef944c95659046aad9,1
0x880db3539ed3baec817481a639965b5e37f03df1,1
0xa04b309be9c1a975b4dbbfec8452a5dd9b4c6d91,1
0xe377e79bef43a924fdcacceed07888f3e5aee214,1
0x77f1701ee8a85d2791cb086eb76b33a84656626c,1
0x795177241ff8836e188c6cda429b338839679a63,1
0x7bffe97fdeb31a457c2b54640dab2ac942eb7263,1
0xa48e36ca32009a91d8b50ab2c75e79dc81d0abe5,1
0xe6729ef54f835743cc74062e37856a13fc9a3550,1
0xd6e15731908ea5f97af8896cb8ba1fe872ff3fbd,1
0x6df2faac727f64db57374e90a108e0e83675bde9,1
0x71e2bf6bf223d16627bd2cb5f83cb37e64f2a7f9,1
0x950206ac27249e4e5c2145de64fe9f60f999dac5,1
0xe80ef837326655ad748d98cacc2bd2ab9af5c8c0,1
0xdf04435f24bc101fcdc05dc88d2911194de1f9fa,1
0x3985ae9ef5977fa6df82502046532ef6fcac5b89,1
0xd9111ef599f668d6ee0cd79e18abcb00bd7353a4,1
0x918fb48dce122afbcfb0ea8c91013444c5a24269,1
0x6cf6cacbaa2fe5e045eadc3954571806f100afb1,1
0xe812bf6960950061b7a21f9474303cda0f549ab5,1
0xfc4b7e2f6ca782b85baeec2f73df4a5298f7a3fc,1
0xf0f7760d448b6cacbb02a9667cc74a9aeac12ea0,1
0x5461d1a749d2d5f253c4c6971cafb78a86919859,1
0x703d2e4e4a6194147e061c3228b4108f21d06ec4,1
0xbc2063bae6ea55df49b4f547d1debe80c83fb044,1
0xf26b6f715507b6ba098d405d21e5d36d42b79718,1
0xd61681aac41199c7b24a898cd520ddc4d24d2058,1
0x76456a1ca960902022be44edcd27720ef0e4ddb2,1
0x798058b04d9a6799749e172bbbd35b25c3eb3d44,1
0xe6d502c45404cf59df42b2b3ca5298cac7da4f6b,1
0xc48dbee47a66cc66a76352a4f82a69eab9f969d9,1
0x2a80566e8ad555411cc62f8c036aca0d3fffb538,1
0x5deb6cbcd64904ed7baf7e202f84131d78f4427b,1
0x43ef68b0ecab6ddf993ebd42fad911423fff0867,1
0xee9395353488ae6bb5d3706e06f2008270c6e9a6,1
0x20dafa3d5933d1bc5b460b26f98311b216be7deb,1
0x649496174607ec715875c1f4e71ebffc8fd5a702,1
0xaa2417b161fe938ec052d11ba194d15018602d09,1
0x88270c46c4bd282ee53681bff0fbf5684fcde183,1
0xe4b81c87e946c4bb5c8239167da5c47da0f88036,1
0x5467dd2ca24431daad932b6a0129a342966a2573,1
0x0d161161071adaba107eeda8defd42b75ac621a7,1
0x2962fe9058910bb3aa41bef84c4333d60e56b095,1
0xd94dd380898c905c143f0cb31ecee7f615e36696,1
0x9618290f03a6afabd3f0372a6455d2e371483d2e,1
0x03b1056e34ceeed613a4b77af071e99fef73d4ea,1
0xabd5d7e0287db8a014590b01ff5291886b454551,1
0x0fe50dbf29fbc68dc871c914e202614407413748,1
0xf5e0e1754d5fa8b131f2ba74af50006cafd8a91a,1
0x80aad58897d733c9edc24f33c91330a72981bab3,1
0x15705decfbddd1ed1ee80b4c5c927a23f5e338b0,1
0xd3d8cb7663e6ed4aebfb2a6a37c539c9175b4d2a,1
0xfba258779343ffbf3fc1c85478e2033d4fc4877d,1
0xa331a6b3272ca24e27f1af4b21e7167368e8fbd8,1
0xfdf1cb4d976024be163f6d770be37f9938ffd2d3,1
0x45474c4766039a7e57e8985099649b78fecff87f,1
0x581e9dba0cf6d358d86477f2aa81cd81efe6abc4,1
0x031eb37469738fc7bb7b0e350334e4cbe60c4c42,1
0x4eefb1d24b1d293a409d896b23ec0cf22f3a8fa7,1
0x528acee1e2238b5216d646a7b4939554b3c6df65,1
0x761bdb70f2bb6416dd00cdc48273ea99d5452b48,1
0xc9f64ca69414342a2bb7f8186c84be71660992c0,1
0xd47810cc8887f0ab881ce823e7d3acc29c0fd8fd,1
0xfb1a0757f6f8ef4c0180404bf9d1d894924c6fb3,1
0x5074804ffc069b71d31f0890aabfacbe1b24a60f,1
0x7ec54c6d48fed022aa3b3942ce06595a059628dd,1
0xcb4464ff06891ce07256ca69ae845a0c5f40c570,1
0xe1c23f854e88b653ef46d6bc78654560a4e3c6cd,1
0xc32c715285ca2a46631b65e323886f3707cb960c,1
0xe8c224ee761e1806a8a6ed4008c4491c7d027085,1
0x6f8c608177eb315b4074d273c176ded23a43519e,1
0xe2d4b1b1bd8055563cd6384780806b5e536d4903,1
0x5dfc6294fe6e30e8f555998e1601da99589349f9,1
0x1955e0733050021630def0014db1722aab3b1db4,1
0xe92a0c2e2115b0f7c37e8e390b73c727bc0bb5f2,1
0xbcbfc4d3f45f9e1faf4cdb073e11298478c94fb0,1
0xe79046e47937368f7a4a44222e9a4c280655a3d7,1
0x674a6bd01963b91ec1865d6301c0290bcc16b4d9,1
0x67bcce4bad0be9edf5f22400b751c443e0ea3497,1
0x424ae1ef9e6f3367a9f4dfa6955af7d0719ec46a,1
0x55ff48ef500b8c191b5ec38ecc106fbb1c9bc942,1
0x6fb2b1f35d1cee991b52d046309a608d43062efa,1
0x3f9861b8e992c63799d8d242106dff9f683979e3,1
0x573ad50fa7efe3829d0cf1bc8f8366b1dd2495fa,1
0x5335a31ae389ebf1d4d189079ebf8f503ef4f117,1
0x16793896ae0e7a19eec6ff26634426183fc7c1ab,1
0xa2ec86fb05d88fcd14aecc9371175df96de25a69,1
0x8ebaf430384dcaa14479833d4dcd51363bf4139b,1
0x988b06ac025c372fd2bfa8feda80015f20c4d91a,1
0xe97d0a5536f7e8f56c73b67d3c86075cd5183ef2,1
0xfe1ba7d7bb6e9db24b3e3fbd4499799373a93c25,1
0xd0ae532253b56d5720399b4f5622407118b29f2a,1
0xb52a695e1566da6a59d9cfcbdb5a45dbb57350e1,1
0x8508057d2db5cede580f8cb65a3d6fe5736df46c,1
0x2c441057d032713f0ee940433404e2cc97fe7a55,1
0xa33332d6b8558e6f137bbefb1237feae3c6edc09,1
0x1c8c61feedf1b7d0b7f4935b82a7d40098f5b050,1
0x82865e197ce05575929abd45e80b76c7bdf78352,1
0x02998047460415e58d27d51cd15b1dc2db1efc8b,1
0xe8c0a8e4b958d7a3f6726fd89bbda9ecfc946aa9,1
0x7637c78d26d1b998e01efa7bb5bc4a7df1759914,1
0xab211c8a8b3feec04dca5c6f0b391d576fa4e431,1
0x7abb3d1d73a61d75d8a7bae05163bfc3be4df3b2,1
0x48e78d0170f8edfb8e07e138ab182cfb99eb733b,1
0x475a10b571ce3eb818aad069f400673bdb978632,1
0x07c140bc7e4dcbff7981fb91baefe6d69e202bdb,1
0x92b5e7e6ca724c0bd590ba45e191c47144a77b7d,1
0xcac48d482383cb7cd9515fb16295404050fa6cae,1
0x5b703b5ca6b7c53bd9ab341063b4f72f72570b14,1
0x80292a578e3ec5132a37b961da674e5a530c4700,1
0xf9b3de7825a667cbf210c75de5f6fba9162d8d0e,1
0xebf902cca6fb7e8d1b5a4657d32099c4944c269f,1
0x7f49167653e7e0b3abf673eabe1b80cc4865881c,1
0x114c8f004495d2293046cec3851d4daa0f8d806d,1
0xaa31ba0c45ab5ecfdb7fdbde53289eb389dd9866,1
0x7ed6bb74610e0b4bcfcdcd9f13459ca8adc3e155,1
0x6b9247033fc6a834425b7909d8c4e017a93633c6,1
0x000fe54572d069d762b16a1cdb748d1741ac7614,1
0xae5eeca9f93156852688ab28cfdd9cd567c64b0f,1
0xfda745290e1735db6cba45bda215c3824be40f96,1
0xd8670ca0c67fb3b9be159d0f9649ff0f96751c2f,1
0x7d243e5c1bf2eb12ad499e7e368c1afa41161259,1
0xaa8e600c908a98b0846f9ce9a3efbac4eb505a7a,1
0x2d4bd6fd4b15e2dd5cdbdede305fe0cb65910283,1
0xe8c673f850bed2d4b7411073357b99d41ab15819,1
0xadee7090613b544dca6d9b39af374ca8832737a7,1
0x754f459fdab3baa00b72845ede35101695e519a2,1
0x30dbc88c27a717c077a9cd2ca7550c73447ca811,1
0x5c18ec120ecc2bfaccc7c09cc1a41860fd163f54,1
0xe109b0b45d1641d40f3e715fe9560aca3fc876bc,1
0x8ed3230719dbea66b65bf60902657efffdbeb70f,1
0xddc481918147945bcac26d67971c1d29f60936c0,1
0x91fde779e5b350x91fde779e5b3583143368fa44,1
0xa6f6fe428C25a8441f836294C89Bc6100c7A3262,1
0x875bCA6DdDB7DC25aE8BF6D2bC90B725ec01c111,1
0x56681dBc3A3E55BdD22c1616F313E17bE71263Ef,1
0xFfB667e72F61063eD023f54fB39595ebAe5F2FB8,1
0x592dfE3Acaa50F20B5325f08DF53AF2aAa77354C,1
0x2a27A60c8173015089Fc8bF1Db39E575221A6836,1
0x0e4fb6448E80d783B4D9a233C3E2B3Da4eD8306b,1
0x5Bdbad2a986C5b959D7d10eBD9a4b2C4ffDE9e4E,1
0x441c807C89BC429744152C6712F6A11Eb14725b8,1
0x1609dAB49ec74380511b39bd0b3ad2CA452B7Ac2,1
0xb365222c96f784B0D3D30D08b8A2e64cEA3153a3,1
0x3A0CFE20Af8eb37B344e07aA7FF384358174d15b,1
0xF17B1e80d334466dBFb4FEDcf136dA63903Bc2ec,1
0x649feB37e5a2CE9bdaBe94068691AD631b0C2f38,1
0x325A51514922bBD4e3184854F8F3A35F3C540480,1
0x68bb788c5b11759b948434051ce2f425e5ced1b7,1
0x7af5242fb5d404018c367b37941Fe6a2102e8AA0,1
0x0392a1caac46615259c21d231b471517d930c80c,1
0x3c0cadcd7826fff4b1acc1b22213b06579bd2416,1
0xedeffa0b80a6a3a42c19f8ce3cd51515f59fd321,1
0x31d183e47bd34bd04a4710675b8d015551715842,1
0x4d86e86824c6c0227053789224e77708a9a2c9df,1
0x903cce44161ebb6fa6c7d14a93f5f1d30634fbe0,1
0xc52719f124bf5367157c3522fed3fbc70c11544f,1
0xf14e18fc170ae91916b6f0154e5b9e8012f9a0a5,1
0x918faa6211e216c6ecd7aede6a7bcf6dd731b273,1
0xd9d480305850CC4218C0DB5499C11B9684cfE425,1
0xf7315E64957DC3C004d48E9CfB6b479A95266666,1
0x8fa8181250F6961539a21B42B7697B8dfb555555,1
0xaD0bdD10c617cF6D02C2381BbfA17C965DB11111,1
0x05210c1b07AAcE987f5869E1F60e0458F9C99999,1
0x90d8a3915124D1b7D3343670a06c4d3C0cefF4f1,1
0x0835001cEC7823dFC41270Ff0c6551c3f9422222,1
0xF8EEE4A205fa55D5bDC1CA1df55FdC303019dE2e,1
0xcbF14bf87Dc3B13175Aad0A022Da054D65d303bf,1
0x6b6310a45B119E3f67BC428CcDD55349D1FE1CB5,1
0xA4953289f1ec4Ae0a67c7a8335Ea3957Db9E7e74,1
0x7120C53A54783c708A20336FfE3ba10460768147,1
0x66730901aff8edC38D5Bc5cEc1a5E0b07f0157b2,1
0x8fb49b7d2cdf5c0d446fb548799c705657a64257,1
0x15820Fa5F4cb14B424568b04aEecB914F8af52C4,1
0x75b386e168efd790ece74a24c37e0f9bfa6ef6d9,1
0x8f0cDbdF035AdccdeA0aE4E5Db2002d50478F632,1
0xc6258A14f4B57FC5F59703807c989C2D7FcCf102,1
0xd628045B1e010bb1365725b2eE0b8Ee997664007,1
0x7e0FEf1C3BF356F9fc0fb876FbFCaA9E53574226,1
0x910Cf57Ad87fb1aF2de5A32f43001A198c7eb7d8,1
0xcB7e86d865726Ba1d2AF9820192dA18Bad9268f6,1
0xf77378F08a0867c1310A3Cf7a671957de7976D1A,1
0x6a2a4E13630DE620933b702290dFeFeBC30B1c21,1
0x77E01f4EbA79A1C37CB8df348F12d803991D2E6b,1
0x2df5e4352D472018fBe2c367a0d0bEB638Af3090,1
0x4e57dcc7c1cdde7fe12cc6b5d6549e5dc211c3d6,1
0x4A1718FF2AfBeF4F59e469b49E6242BaD0b407D3,1
0x51894bAB233B03E89dbB037d36A7BB540B780cf4,1
0x9b5f63528c4a6b85391738622153fc4511047370,1
0xe2e6bd5aa448c3533eb77be09686e9289b74fbc1,1
0xe321b9782CCE6f3EbC6A96f418CcaD9EFfE649B3,1
0x193c3d8D0a219C832a6Beec8495A8940335F6Ce4,1
0x4Ca4dCe94db1d11c27De65a181a731203005503D,1
0x891D34b8381847Bbf99660130CaA84106605d416,1
0xf3d8b1febd477e0a67daee00f2a416eb9b59d9d4,1
0x8ab093a6f60f8f802cefa06cc41fb9ffebd37784,1
0x168233F7bb6BD1d90d0b0d3024308DF14f97a8FE,1
0x12A23b6F1113C52C8A5f91DCfbE106afFD7325d9,1
0xa596a673bb7A7729a39EE43ADAd50F1504B7A667,1
0xA7AFBc5d5F25e32385AA74390c4e66dfFD7013f5,1
0xB4DdE601f40DB20892129d4558FbfA7219f46E98,1
0x5e2F9d9759410b71CB684861617d3D2Af23375c1,1
0x959dC1Ed28B938E2E523F963dA705d254b9fbba4,1
0x23374c70609aF940bc77F6d1a4AD89B9C86D89Bf,1
0xacbb6dAe15531eDf8326890702Bfb2D5F5184042,1
0xd4ed1d8AfdD37FF169b6bB704A202be63eE847F4,1
0xDfFa432B7dFff812fD80327D84525ca4B5E884a1,1
0xE1433187fcAbA71e44Ee03A3946f7247CeD765a9,1
0x6f46cD856E7CB9c11Ad92Cf43bF5D900Fd56840e,1
0xB43c78EADc4Ad6c332A07768C5E0CFe14fA9D5De,1
0xe80CC909aF51492829dA686efAfA1B6e62A8FD2d,1
0x8C89C6CC3b51E9398ab9Ec4ec9E801C1D1C2CFc8,1
0xFef9bC6DDe7a73A5913cFa3B916d0ad918B27E93,1
0x8101F23DF6F9912F158D0383ad6904c774BEA7E0,1
0xcbf5E28eebBca656400b2eCe6548cA656714587F,1
0x741dEB06E541e51e709c4a7a91C3751d259AcE85,1
0x3f121F0b5d164A70D7FCfF358E827A9363AB0519,1
0x19e017e7f25c3d3df1861d053ce9f3ceb71866c1,1
0x4a53a832843a98CD47fAc2436a9E981794b13a36,1
0x07195BA1dE6B040198760BCDBc28C0cfcB6C9773,1
0xB955DB051Bf09a645c26730752E28F5E3776088F,1
0x89915FBE9fA1978E0053B5402e42077c7763c8e6,1
0x545E0844FF0680cd70dE36b986fcE7e7C44c6cFb,1
0x14b7D693e9C7BE9991560240876617E518e0fAb8,1
0x9Fcb9D7D65416E4bd93Fa10701F6F5100cF29ff1,1
0x275c8eb441e8170a2a8bc19525b1afb044d41cf9,1
0xb54dB1dE570A1D2D595Fb3ce646D08Df1F3B914a,1
0x61569C97F9e8ac0eA85960bEC4d2A66ff85A52Fd,1
0xA6eb2d7fDAFA32D6f561FAc1b3dB2cF7e0e1F903,1
0xbD80ae446A56A075C0Bc9D0Ef74A77270a2019Fc,1
0xe7ea055468b7a879Eceb6582fB4937E2Bb2a59A4,1
0x8618Ca2d031CDb97593Bbb71eFa736cEE32Fd07b,1
0x275c8eb441e8170a2a8bc19525b1afb044d41cf8,1
0x4f9a99ea74e82fc6653833870b3fd62f30d6995b,1
0xFeF478E1cbdc564B615FaD5a7B3695DC184e3D09,1
0xb1fc724A10be01a91C4794c3852e8bD22a0c24bd,1
0x6468C4d0F314540CAf285B9be249d0d7f32Dac09,1
0x297559C7703ad4AaEfd6f2b815947217762562b0,1
0x8484E21C521D4945c88a6e39e0D76B7E6C333c49,1
0xfDFcE4363896E7c076bA645B5EFE2813FD2e1881,1
0x083b98F7a73751d708b18Fcd958Bc664596CBFD3,1
0x65DfA0F28B1Cc76bF8773fB826A0e460480b2f35,1
0xa53F511e9aeb088E17a2ef69CbfE48810EA60BAC,1
0x10b08aD2B0C790DAda0c3f90E8bD2e1A34749706,1
0xD15865e41AAC01E8739d813f4558f63FD6B22222,1
0x2bBeB5D7d88edFc2e907a86A4AfB3c21828ce639,1
0x96Ac4B4F2d3c33F296630a6C9FA53DBC5aDa041a,1
0xa5478677f3d8e885481354746EfC48CD14051b6C,1
0x4473c52056991464A952DdF839BD98586D1eF7Bf,1
0x732CF2a05a6fF352437C69CC9f4586Ae12741F91,1
0xE8025815821830Fc306BD509De2fEa39568A934E,1
0x2002790C47bb19F93C59a92950624197Bdd3Ee13,1
0xFB4B059ce85E4F5e825cbAB5AA2D7622C5DaA5c7,1
0xd6212e8Af69936c7607FA2d056288C87A982f7Fb,1
0x0162165D74930b15a7AD7aCc0cBa64c3BeA4aEAA,1
0xff31e96ea3d97e610b9955533e694abe0a88a209,1
0x642aeeaf5682bd88EA22600A420DFEc324C748F2,1
0x4FeC2D876610Ee126A74e909c79fd9e25FDDb67b,1
0x96829CAC1F41c81D6fADFbFE3F72a7510692b221,1
0x999D066912D95BCC669f61a1B2BA087534B93685,1
0x4CBdcc7E2d348C7deFDB1340e4Cb0279D0160f8D,1
0x514Ba83Aa9d2559B36e0F9DaF0ADb61fB696544a,1
0x6ce6d4cbc5f640aa66704188c3d61c9ec39963af,1
0xc49E5aec9112611863FDF6653bfb7397AaC97678,1
0x594d945C125917161b7b4ee044D637f92593F425,1
0x669631C715F098B78660fEc726a7e5a25499dDC8,1
0x1CB1BB92435E947f2E58Caf76d7121adfD205b86,1
0x0912bC51e7Cf5B422aE8AdC6327A05f555f33c91,1
0x316f6997a82c56cbbf6369b5ec453cf2898aec01,1
0x25fa9C6d6bc937d415aD2Bc13F0ca2c01F6E1037,1
0x7f68a87f1Ed1E855D4fE005c0510fC3F0d1423E9,1
0x07DCE223775f17D6d09dbC3241b488cBb1e6Ce9f,1
0xaeabadae3cc5f1d1a5de4903a195bf2796df3481,1
0x9B5F284FD3f9e9d35311d4061200873e817472DC,1
0xa0cf5c24a6776228a5525b018cbfd5a82a065fe7,1
0xD1e4615d8498fC55E21C6191582DC843D08F464F,1
0x5Fe8546B4C4F18d07cd08b0C7AE14e75D913a2D2,1
0x738C7910FdD0CF09943C313eCB3fA70Ac7fe15F9,1
0x32078b3d3fe846492E746E1927A4776C9c6Aa3e4,1
0x361004ff39529Bb59760C9bAfF1c5F2Bc9665d7C,1
0xd45A40a48d7A8A6A47932b2A4DC4Db6D55d13553,1
0x35bd550c8EC2e83dFd75B6BCdBB7455CA0cf8406,1
0xaaa60DaEb958C083938DB21078CED1495045F850,1
0x747Aceaa15Ad2Fc1D51B1bb0cC596e7193AE741b,1
0x9557adAfCB6773ab4FF2991F37BCa827310bd59A,1
0x74449240532fD096F6284E130F164ABc3BCe7B8f,1
0x29E2Bea1Cb750c595fF3f53624C938427851D2a9,1
0x7d61971fbaab41c1bb4790d3a8f385864892f929,1
0x4C0e40B4962137E631FF8422603961D9AB063BcA,1
0x324Fc0778119168634f93E099382581720219271,1
0x5C0Bb0160b6c7ED70BF5A1CfF315Dfb7d42afc0A,1
0x54958BC5f1A9a288138935BA2ddFD7F378eD0019,1
0x0fF6cc597913546b4289d52DFFefc36591DcaF82,1
0xf32431D78500A019ea2E885F74C5DdbBf6cfD7c7,1
0xc7996e40d227d05E617CBAeD66b69cd1B8a0C85c,1
0x4eEa1c67A8a3CbFa53Fe88b7b120Efa38F8c5cd5,1
0xeB8c67191c6C09c0B40191f51B3484907a63FC22,1
0xd01D3CF4f86B04983aBfA7c9B212b373E6ae6C5a,1
0xe3aF4a290c0f9908C2A0F1d5117bb62a8a937df9,1
0xDa02DF022D543B8B72213b8C06731eB0eE4f7E5c,1
0x5661fc304CbaeE874Ffa43a337D6cD2BFf222fF8,1
0xeA71c50389D51e85CdFd290e00Ee1BCCbF73e95a,1
0x2b92260Ff78f4C20f87978C4424a8bA691fd552A,1
0x5B8F04eC266553a40b8B4c6EAF106E15BC1c682c,1
0x356C2FC55f69c08b278Bbd1Efa4D9f79e32Ca16a,1
0x01f7d3ca04A5bA5Cc442C6210aA6EdDF0cFB317f,1
0x6fa08bbf861c58dc925c619bed62b1ab1ee6dbcc,1
0xC8f530777326D314c04Dd0D3f40BBE61cB7fB816,1
0xb5EdE13dBa6333AfC2858d94Cd0ca28c758e5e35,1
0x8A6dcCe7Fe8cf231367aa241fF43E151DE0D1340,1
0x270f2F857e07a525055598D42C1C23A5caBA4876,1
0x3B78166276cAAaA947056Dfc027023C132346F69,1
0x7603f1C7aD13772623b291378c287F0Bf99Bf49F,1
0x2Db6ED41Bf50d423B18049952c10DCe0e202B7b0,1
0x12C6cb5197E4ed29a7b563e1e4b89f3290Efdd0d,1
0xCdb71B0Ec398595a5bc8fDF07A080B518f088b71,1
0xa7da05F8D6300848FCF4978d30D73F72E62e7735,1
0x3645DC245D504CA11F2f2f39B8F8ccc5669FbA9c,2
0x2a64E87470b6DF82033E49800f92de68C7Ec578b,1
0x0Fe59e1Aa77E38adf3c6F6D890a2e49a4ccb3664,1
0x1fc49bdee3DCd0C646Db0e4A0cbC4138F1C16675,1
0x4E883D54D07dD1255090750e05864289f71cf1C6,1
0xD317Ed36450D543Dc1301dCc7F3e025765D2B876,1
0x0bcA342106118fA68bEe464543D4eF3ACf34061c,1
0x22f5b329e6F55c8b4282420fFe0fbbdFBBAe752D,1
0xADBB11D3CCFf341224cC08b6349bdE0F4076852D,1
0xe9301Dc66023bd09Bb392e7f4aa67e893d18496A,1
0xcE1e9aC4648F3880d53cB9E272ABcB432d09c281,1
0x49Ac24a435Ca882598aD461b2718c9BaA793495a,1
0x6529182d97CE09C4Eb513B79d422f0c5d5fcccC0,1
0x4eF24dca6085Fc644dafb912Fa02e7AB389f5002,1
0x127a4606928661527FD45e0DC7CB26376b4e61c9,1
0xeFE40e61a9898596453a95705dC0c2c1B8905c5D,1
0x9Be91C308C8a0ff51FD78549a34d79f2caE33593,1
0x192B765AA5D12d87c7ff5Bc81BBb21fC1CF70bB6,1
0x99Dd521e40e5221Ef80A51fBcA693Cd47d48360C,1
0x11Ee720b732598C2a4945C403a975aAB3e976755,1
0x97454df4892a2673039d2596a975C04F1b30fcC7,1
0x84f6741A19ba3913FC3E215Fe426046C832D8D29,1
0x79b9845281a1A04F9bA0bcD1C532900ed1F8bB37,1
0xD1b5529B16f1DdD7bCaF0f1E6688017aC1c56D25,1
0xbe7a56e7f7052831C73002Cde02BaAE6f10A1167,1
0x7e76f16D377944a751Fa114CA36D9899f6FcEfDe,1
0x0F5dC0af857688fA6920b11144fead6906CC18ad,1
0xe0f0F1993B28ae6B26e46d666012EF719c4CfCf8,1
0xb1C20044DaCf9829c9bc8C6c27506bCC76bedF0b,1
0xE93b0AE4b3eeb9ada8A83D78A42550bE4C6222Ea,1
0x4b73D1439D72738c764113b93383C035558Ad5b3,1
0xAF0E86Ddc90E6c8d68875d8b44F660DF6e4b5157,1
0xe3cDDa806121d83982B376521524e5f2C339a060,1
0xa74F90670dC19cF7ff27536DAd61CDB82203669A,1
0x5368659C391Eae94A9Ed4d9d5Cb4762e9432077C,1
0x7aDD720Bd5D4707a77c6C4FB5501D650c318516a,1
0x16538e54BAB81D135fcA4ec7f044A99d2aCB20e6,1
0x72DFDA267bba6a534B52b1aD9AF9789189CC5C97,1
0xABfAbCaD81a34f07738d4Ff66CC886e0aA0fD0bC,1
0x3c20dc1455893f62cfC5D7bB99AAe40274792639,1
0x861975c623b17BC053D1eD16273Ea7765FE1F093,1
0x47FC158eD6e1aBfbA94Ef07C39d57e0b4FA8C8b0,1
0x92D2D67A2A4fddF909cd53E9ADC9d79D1669180F,1
0xc05fD55aeBEe823a15B4A33cc85c50d4549Ac435,1
0x8861686CdC70e4c3DC9a65da98ebb18aBD123Cf1,1
0xf5eDEBC122dD2fb0bf0B0113a4BF525A20B8fF7C,1
0xE07aA3312b5DA018104FeF717324bEA24b8156E8,1
0x4B7db43c7405b38226F972C08951345cD9b58CB2,1
0x273c05e67f8B341aA0a8eA52eB05aa30C81B0FCa,1
0x3A59FB264cA3386cc9fBDE4B19467544831DD226,1
0x8d846227815cF68358Bc9B5dB98ce7F97C663F57,1
0xDD559A940E08112138881A3BD532757ff2ad1D74,1
0x39c909379f14687356133ef2b1EFd9dBA4F6DD13,1
0xf593454EAa3D5EdF52a008370bBDa8d1723e2D3b,1
0x4E3aa3145DEcdab77A2241cCF9B722217C5dc017,1
0xE62a374f37D3a0166fAD85942Efd65acD88A6CE7,1
0x8fdAE78E9E149EE7cAb742c5e7ae0a67f9b4367d,1
0x0F5AD42301BcfdEbA0C5D94773E33C142FE7Cb10,1
0x459f746cab26Be1eEb6A4f9d0f4a5056Bb16E6B2,1
0xe033Dc35b401ec06487A9C7516FC995DFDbC32AC,1
0xfca166A1b16a5C4EDa74b2a3BDdb0CAD0E43235E,1
0x982b10eB33Ee10680062B07fb4Eb5d19d68656Fe,1
0x0E5C25bA8b97f70e83c6D22956AE00D93f671D55,1
0x44f56998853CC3874eB1307a80a9ddE2cB5A5234,1
0xF67aDf76B59cdB41c8179e3DA7Ce0A2094e34CEC,1
0x5740F581Af51913d5Ba4702d3Fc8533b7384b4B6,1
0x60e156763e2311E1db1625571C67DE337699eB58,1
0x4B6c7E346d2353428f20f42a9Ff00de3f12B9185,1
0x7c096B2400E01d6b4f403b175c8A2720E2895691,1
0x167F8846b4b25801713A7e15D1AB470381Fda707,1
0xd573C7dC53277fef13900e871387A8232fb01262,1
0xb87E50616359d47E03A37F2af43abCaDc298952B,1
0x8491baF8f56EC338F74bac7B13818109F117C0a9,1
0x0A4473de21bEf181Ea8f530caa56B7c1206896d3,1
0x814d3020809b7097864712cb11602f4B3F95cF97,1
0x74ed87e0077Dd84aeFF621b13c91f479a88448be,1
0xC9e2377A22b7B01eBC25B4DB14be8983daCDc6fC,1
0x673Fd9833E4662c4e0cB0b4aB531c1727ccDE2Eb,1
0xe62Bfb7EC28071824A1Ce5429776957D6ea17bd3,1
0x3192C9988F06bacb8034445A596257f7B01FC835,1
0x7f891288d962a3a3741F601F58d3F7018aCC1091,1
0x77C1368d1e4461DDfb12AEB977f2225C8bf652F7,1
0x13f835B6B760c3254f3B55def9f54f96C6AdF1ba,1
0xDA3c596EA86A9Ee9D484a352fe29B3E17B9ff11f,1
0xEd0A0cB939054B1E994B8dBc54718Af744860C71,1
0x9174B298249DD747079F31484E469f010B4D6cD9,1
0xCFa7Ab9aE3Ca70A754e4aA6Af2E938A24152dd75,1
0x252D1Bf33Da23783f114910d498F5C15d4fCEf27,1
0x98e4D080339EF27680B5e0C50C7FB4DBC1A53bb8,1
0xd89D7A23b9CEf77Df4Ed358CF20e270b948983DE,1
0x1D331DB5BE0B9031De0b5Bf553e333f6a3915c93,1
0x6817a039C351e978aD1Ae73d2F39C8561440ee4b,1
0x545419983ba9005F11E94CE9a5526aD4D3dB924e,1
0x404289fE9e860585b867537C91BE231225F69d11,1
0xDd3bA7235D79775774A7d37b9770C8e69F35C796,1
0x44478C67F6857b139d113ad18934e89bac9DAEc8,1
0x2CcBC1B7A73382A57F2E19A79bE19BC8d9863e96,1
0x2A8A43b8f1f34718Df1D0d13F72AD32581F2baB9,1
0x12F6eAC6080aBd0c740638312a9dB21c3F216a3c,1
0x99a6B6b391D47Ec7f4500d7B604d20B14D001e58,1
0x555D9C39Fb682A0B6D336263dDFD25080EfdfCE4,1
0x000000071315588B34Fc29d63B7494b614e6FA85,1
0x375Bd88C6c343ab47230e60b2aCaba4157637034,1
0x7EBaAd92A073C606dc17FEFc5Eb08E06566a98F7,1
0x000000a584697755A0378444f34FEc06229B7E38,1
0x43f3012e7989541eF583821e50544e4f86Fe22d9,1
0xb2d46Ac3896c9D86C02D52aD403984444cEE3D19,1
0xd6c01f4B14250BDC31c93EbA5219c397156eD32a,1
0x13F54f73474EE7Ba8f9c34Aa3bDA3f8DCebcC9d8,1
0xba364ccFC8aE8152034eB0eF87CBa2f00496247d,1
0x775E58464cfaFFb785B3659c00D4A60a8633CC68,1
0x251bc9607f5098Bb954942731136323664D8829d,1
0x01DAc2Da58c5F335958964C4488C069928e30E76,1
0x92E7e398141cC7EBD6F30dE7De79a7028baa3982,1
0x7C9D34f49a1443F57562F0E3f1D13C056f4713c5,1
0xEFCEB403dB3D578bd0225Ec5B65faA6114cC17c7,1
0xae415875Dd6B09756D4786f4C93510a0cc5b8dB9,1
0xee647804F0d9D6bB22CD31E1dc241387B9A57010,1
0x35D4C762eAdde62037ce52f6FD7C155Fc1897caF,1
0x5FB78fF38fBC5987397A5E45542593Cf9b7dB569,1
0x5516b783E4F0bB96c73E52Dc217228F4b7910A0c,1
0x278D79CCEaD22bb41eF6678CFfA356a0AE4EE570,1
0x3882F4a33D0E15283a99AA78C52A2F4B61F34d5A,1
0x96537a0F15bBBD022A74bACFe5961DA0eeA03D29,1
0xA879B5Dc21d6fC8f02628f0711B23D4eceb443b9,1
0x8E26621ff3d8005301083FEf466F6CF2544c0930,1
0x7441f6C6bc5F3d15Aeac622E7CB5A2a6015Db8b5,1
0xE26D18de473736ae45bE8043185Bc7a5C19F2d93,1
0xDc7d0b3B85eA9232161F3d52E66EAf20ed59964E,1
0xf9f5b3e819891CF27Df7a008Ba6318fF2C302e15,1
0x750b8810270a8363565Ec37AD8366D5fbBFB3736,1
0xc873427E794279F435F3527270E270E8Ce0B1608,1
0x625B3F3F66bCEA1fC1f3C5240512600aF2236FF1,1
0x335FFE20535C051Bf69619Ad2a9Ad11B1b1307D7,1
0xE878C61D69C9A1e3108Ee19dcFE8F8AFf3ED67cF,1
0x313f3517f810990FAA1407fd9D01BA2e6e2c7e20,1
0x82F6F9E103f1507C593fA23c9ff68BF5B11Af83b,1
0xA5b9824974Efa9c7B1A6a2a0dbf7b13C8D923191,1
0xFBE623C4b3Bce015D78A8D9a86869E2b45E26e23,1
0xd97dF01183e130c17EC519794c6858764B4527cF,1
0xdcA305C328b0918743712Ad670C9C72fc384a253,1
0xDdef773ceA04d781F90984c05B827E7D43D6F50E,1
0xAdC034428235cC2635D998D75A2a3034bD14bCE5,1
0x8d14509d87C0690Ea62e383Ef281294440E66C8e,1
0x5c83b048229536E69e58AD04f61AfaDbB693ac76,1
0x2eA635F3FBD75fA29EB7b92772F3F5C5395E5760,1
0xb0c9117B58dcF1BA97c7Be7BB3102b0CE0a0050C,1
0x47127Bc2ef0D4410d31798FeaD3DDc4f609E2Fac,1
0xb8EC5927246abe8e37e342Ca597B48aB25ee6Dd1,1
0x3bbEA3B7d5F9166e0b0D65B2266963AC3887fc0d,1
0x450af4d3937B8891DC4f4945B1cf3Ffe90115bF1,1
0x1Cdc37a346A7B959ca49379783F0fCe6dd22f674,1
0xaa46E8A877B70755F81F438953df3E19B6146f32,1
0x818ACE6bB9aB152470890bF8e60210842fE78Db0,1
0x20D22d2a6Fe387b9234E1277d14Fe824e66049EA,1
0x8C7DF6054c2e0eb3Ab35e1064500eC1812930200,1
0xf2E23196A7d7b8114e3dCAc0e2eEAcb5CD0839De,1
0xF6425A2F3bE9d9845CF1566dD22308d5C5111F59,1
0x0d381915969d9dE85Bc692D1Ee45D567E8Aae99C,1
0x6C25F120Eb1E8BC6038cC50F0cd7Eb0E901A763C,1
0x62dBEa25C908F84B78d7Ead342BC6c40c92d1f97,1
0x2D9adf225f707119CF74565c9F0715F0c37374Ef,1
0xA491f9A301917DA81796D28bF400453d05Fe9244,1
0x6952b5EBb2a0e691b55Dc14335b19A75677a678f,1
0x744999Ad49421AA15D18B55FfDCC7C566c9055C0,1
0xC01CCCcC81B5B33022fCb5fEc52d1F5FE90281BB,1
0x85591e7a281b7B58679DF8D6ecc1d810af6cC7ED,1
0x1162A1B4BDd0dB9fFf1dEf0A1584391AC846444F,1
0x26a96BFEe7cb6A468e29fBB725f84892393a0D44,1
0xa966Dba54Bb0dCbFcd830395994567C0587E3B3e,1
0xfAad44907f6c6f8B67C200192781C268703B8E9E,1
0xC7F4AE47Dfd07bF6570e1b5B5e12FD8db203C2D8,1
0xda8fD9B0612564A4c5adfa6b7c3a61c523824578,1
0x63c43F4E9498fCD9E2722c669D6a72DF4B888Fbc,1
0x35846dE88871A1B89addc696A5344E5C38157cE3,1
0x7e59c2E03a87Cf422B862bCe00cc76AB2C4E8a2c,1
0x4376BC58AD1B85cb1bb7690915fB7E4431F78914,1
0xf1d2F45110316688C197Be1af3aa1aC4cC18Cd9f,1
0x8ada33fBa2E7c2AFd43F4E55D5780DB70b9A286B,1
0xaeb8832a499de2bf255D99D076Cd5869A32ab6D9,1
0xAA53261D324bd7b3A866ED1f7497b439bee22519,1
0xF251Ecc3E9dF0e7ba17FD54CE5837A1EC96dD7bC,1
0x43E58BC5a519d1cd3F7dD74d204BfD385efC951C,1
0x23Ff095cCe591D705860c20A53F90b9ADC222209,1
0xa3677098BBEF70f1bD4b2fCDfF435bD6762374Fa,1
0x4f03743A7c1D9bAbcF59c2fE0DD5523B12443d71,1
0x2B9FEb9839bC42345C2c1AD5787784eE3a2Ddc56,1
0xFc433a8b9988AE6c0351Efa13ADDEC2B47944631,1
0x6C72Db7233D32A0C46dB0615D9d2A5c7909d7a3f,1
0xDed6B3573f61fd587A5Db57Bf096C050b1143177,1
0x345C863f7D135946092da7cDaD5fDeF1b152F249,1
0x2CCbDdF610Dace745F5952BD7262B1853F1c5573,1
0xb89b5e82750Ee9163f93D4d74dd714849EdF43Bd,1
0x2aDe1D0828107682F4E60f466840e188B56EC826,1
0x541Aa4259b2a63048DbD0168e67dD3A1f67a282B,1
0x508e116425b23EEB12CEa556a0e2d3EaaF1CE946,1
0xdC91FDbf1f8e5F470788CeBaC7e3B13DD63bD4bc,1
0xB682C56028f77de30b10d43994449c280D0B2F0d,1
0x4f012F8Aefd3440a46771FA5EA47a0bdC54d5cC0,1
0x1317E00095313C3d297E8D16dD5835dD4F2Cc602,1
0xa97dC18FE0223b4890590F143458493d1c4E3355,1
0x313D51B2833B8f5d184b5d31650A6Ab7Fa9be009,1
0xD450749Eb0e0d8f8b76957D5Ef32F4964864cdd3,1
0x1A4Eb3f8Eb206194C4b81088F57a9463db37106B,1
0x36B829e06A6B7Fcfb402C2d7A269C1e64DBf77aD,1
0x4Ab92afe984249Fc4431937982Ec47E1E442ea1d,1
0x4113189864b3Ef49D89554FA0f98A5B5e2aC0cFe,1
0x1A9c0A0Be65Db00766f0949211Cce2C56D8caaF8,1
0x6f6A09D781FA217aDe765ACa417961544ee57ed0,1
0xe527f8eB96Cf7aC7B69268e4A343AC2Db7530fb7,1
0x182847049464E8ad59C99692cF772b971f14Edd6,1
0xE70C7A433540b1b50FC5FE85D045d1CF827Bc084,1
0xE4fa8384631CDeFF60dBBEe8Dd9Ac25aC644E2e5,1
0xe46e78D321a51b5d53a2Ac412f89a384fE210f22,1
0x868C218C46db69a34eb0610E135a1057F908a26E,1
0x1a04a21EbC96b20eDff8b78372265d0D3B5f2bFf,1
0x7819ccb0C63b557649dD5af358FBb210EDd534C3,1
0xb4eAcF57FE639BdAE0103bb0a61E60B5AE3e9Aeb,1
0x6Ae6a4b363d3604C5E8d48F2397D6E8b2a767118,1
0xc211cAb9073De07b8C547529dF82a889b4764CdA,1
0xd8D2041152BdbAeBD75c35E8f1A6083D43DfE14E,1
0x688e657f845AE3Bc245a08a8270d8CdbC961c2b3,1
0xEbA7E85f9e70C1F013c33D1f698f2a27073d5f5A,1
0x43D3B13033da6A65024056eaF1746a620F1Ef139,1
0xE2342cC44efAC823c3f98010ee0011917734a305,1
0x33922D8EE4b3049C9784d6b5D8F397F481B98802,1
0xD0cC5f5cA3E1fdc7B891F0813E4D153cA85C1fa7,1
0x4702CF0eD0fFeEC68f170c3bC3C3fCa9a58ED1b4,1
0x9dB99AD21DdC7dB100ac1B33494198cD223C9469,1
0x4ddbD95228CCC995098Ce067B0079C5d4b7c55ab,1
0x8FdDBbBf2D18159B14fe53041A65b2a890ac3F48,1
0x9540Cf019222BB1f7245e4047625369d2b56FF23,1
0x42787a9dAFb412Ffd309DA500cb3F0dEFab82052,1
0x0dbF83102D2edb0F6177579342d24585BA9311C2,1
0x0578B77Ad134CC3C8F6D8E1b44Bbf5c8Bb7cCf5B,1
0xbf249A6B5d02b54336B41Cf2A9870773d4a285F9,1
0x9947E170A76d466e982CD4FDCF1B662b356F4d6A,1
0xf8e9D2e97fA89FD21c03409262862edf0BB40c1f,1
0x0d0d4E5fFbF188D6217840f6d6FFB14590454937,1
0x3177Ce93056a645d58Aa2f70b1CEfab943FE5416,1
0xEC670a7Baad0186d39E0F50d4315ab1252d8ADBc,1
0x5C18EC120eCc2BfacCC7C09cc1A41860fD163F5,1
0xE109B0B45D1641d40f3E715Fe9560acA3fc876bc,1
0x8ed3230719DBEA66b65Bf60902657efFfdBEB70F,1
0xf5fE41873f14d91Fd6C266884B2520C27568dfdA,1
0xc321F8C1CD2056ebf8cD50A95f555152F8d99953,1
0xA9cAd9E3cc3D653D3AEd71BD07Ca644Fe2174Edf,1
0x05DC3737bceF4942eee323fE91d38A536e071122,1
0xdDF3a7675716ef991d876264bf6134eAe8c63c39,1
0xaeaD40e4b95B169E2BE0E238718C6a66eBF1Ae2c,1
0x1F98F5DEB986f37ccCFfCc17977A2D2C41dd63f7,1
0x79d459C0648024a35B6D22CeD93Ee70e96ABf245,1
0x75b5E4771A20Beb4b2441a8909347d2997332C7b,1
0xc4a4F89F27F4529133608CF172a8A8D08F11F982,1
0xA66c7E79Ee7D1a1aea880207107625A5EDeC8162,1
0x99cC55F6B33b7D70eBdB0fF6d14eB56aAf3487ce,1
0xE863E860dE724C2AdE6651F5B7f3Aa373f7E9306,1
0xf0b5B520F9d67bfa65BC48Ea93473EE974553B06,1
0x000003D7424C35A79704c3BBA5B9825D8533228E,1
0x2732F7834d5De10b0C56D0D1d4223b053b704148,1
0x0D9de5339438DF0dbb02Fc2a058fD992305EAe67,1
0x4b9C384a5aEEfBeE974eEbf469d443a356927646,1
0x373B6573e0399AF2B0b0b074e06A9ceF68ef9128,1
0x99Da39Af135bbd369C034c3c83ac8534F71cfA92,1
0x9A31ce9C36ABe7b67FAeb54e130163fed83fa6E1,1
0xce151F1226Aa865A9Fc4d1Ca7FF7eC9175629309,1
0x964207dF8C67132Cb193050250e575AcccF2C274,1
0x4524EF7664C85aB02B0061622A0Ad9d3d78F20Fd,1
0x11E95F016cF2Def1Cc86911D758656Fc93Ef62bF,1
0x987ec610bf42Af0BaF55311859aA690E5f038dC5,1
0xfAE640eC58E5B28ceb3c602c5C31d694D32a1113,1
0xdA3d7DbB9fe32eD3b4455BA0507B9c66B4607710,1
0x15a88b427DC2ed3EE61998c9e4D1d4eE2bFD5103,1
0x7D2E36A8cB60a9fF9f36Fe1dF385bdd5de6D4D62,1
0xe4321f0aa947479a2aD94DBff687a9c260c1a70f,1
0xDB4728C59De1adA5AB7943378A12673735499b23,1
0x3c638e9A109598a900296cB5435A1F9b62f03646,1
0x83242960c3C8d8680d9697fd8E2d424077A56cF6,1
0x0Ac7fbd8180921c586b54d6c4D9f0a0D3E3A1140,1
0x5d62dae93Fc8DcF5d87b67E185AD5e458aB4b824,1
0xFB696918125Dc790cD7FAb4985fb4e275444E88A,1
0xD30C4bD0bfC18cd1B3b3664E638cF06223F1a0F1,1
0xC0EC061Ce4A38Bd36CBa394752fd68EDe5E27e3C,1
0x237C9cB241c350f2F03Aae250949db9B03d3d109,1
0xF9a998e367529f6fC8505ea9496AF32b9f5e557B,1
0x99ea3927020C8C1E37C2Ba57c57C9af7C48Add81,1
0x87AfB2b8b18C4e72D649b38cD4e667678a7eCa35,1
0x8434885F21359dDFb0C96861bfaE0e8b9e8075B9,1
0x7cDA9E29479A0fa82D5b95985c78109d0340812D,1
0x847D097ba5c99156A235C2f9eEF2e1648d23c355,1
0xd40bf510e852938b9C0dd4D898748d6023598C55,1
0xDAC7A78E8b433aF932df517830202dfF6eE97b97,1
0x112DE0d91a911a56313024B5543BE78cb859aB72,1
0x76Ec97DACa034E5bAbd29009f5AdBF6065f289b6,1
0x0000083f8C6EAFDcC5BDED356B965f8124c724B4,1
0xa4b6333440D95d0130999d3627fd1A3953c4609D,1
0xCC562b75D4c86218e5215AdAAb5a8784883bd76C,1
0xFD8F78F708B8b0B768204FFF10ca83FE46f6A391,1
0x130Eaf5Cbe7dBf3F61663A063dc27672603d3eE1,1
0x30D9Bd05881E94297A3f114410d97063eca4D40D,1
0xa768D8703A66F06bA398E785fBA37Cb39AE14e8e,1
0xFEdF6Ac3022BBa3Ab4fcdc973eaAE88e9c757657,1
0x1d08E9241f35B5F92B0A0a50C53FF02646125110,1
0xc180603A861F72FFcDb44691615a96c91380737d,1
0xb89a5A9f2Ff7B89b7c17Eb7eF2B166B72a3a8F6F,1
0x75f0b45f101E836765F552449940b39FAE8FD832,1
0xAc712F61eD87F59a651A971D67EEd6e958b10c43,1
0xf781975ce32111be61F700B31f6124728A2b9d2c,1
0x1010bBFAf58a698Bb071320d81eE0A63022bB593,1
0x537e8e386340E6f582d9E93460BcF01a7985B0DB,1
0xca91261486d0c2f9eb4a7e19784AB558C9FeF64a,1
0x8F01A278eB37207b5195bD88544FA820A3909a69,1
0x7086918cD79Db480cEEF0eB473C4290936EA40ec,1
0x6870B862cF18dEa220aa1756af27140F119AF919,1
0x06d54a71564b782B950b6D60EB5DdC76585C75C8,1
0xF1CC1248F8dC5c40ef4eD25bdEb7fE77625fBb0f,1
0xDA24aA83ef7c1DaAad3e40c8De2e4737908BF636,1
0xFdd5AaEB514F2d22CFd1ac8BA285ED5b2a85cb0b,1
0x4d468bABffceF0C72375fC946140C444c53c88e7,1
0x6A88F74D4dd950A59be2823b8E284C19d50E07fc,1
0xc05cC603bc49e772B23D1fB5CE1064D54df7ff72,1
0x83FaaDfC26A468E2933Bbfc32074553B529AE481,1
0x962D5192a387FD3E114dA1c82180ED0EA8D7060c,1
0xDA33b6304742CF97665e70737149F468C8c3F379,1
0xF1F5187c7c9d1e81a9c975c641dBd27631134057,1
0x7a7a2003aB5706818458854086fB2666583be5Fa,1
0xca8dCab8Ae2ca6abdb78B27a494cB49d782b8500,1
0x28b8A9aC47E3E43e3A0872028476ef898055871C,1
0xdE23D3D82765B670B55a685B2957Cf9e8c577EB4,1
0x4e6700Bf44389417D910d622Db9Caa3C01caBC18,1
0x525327454F2C07a2539f2aba0238B11F41793f90,1
0x8270298Caf64dE076Cb632CDcfDaa80257559D6D,1
0x2F53e355E794Cef4cCbe562d4AE8C1Fc2773a328,1
0x18e77d3c57783F91E61a2637a56f8d6f028b2f83,1
0xB54A01c195bc9216B3531e7316ff0Eaa426C3102,1
0x1036a290Dd1429564FA3A7E430d65087CDFBfe95,1
0x4b182574E310858093D41EB6657a61dA4960b84e,1
0xb7a62a6dF897695FFEab9f12a4f4A5a795B8a737,1
0x9bE08bbdc799625F5CC1A5ec517E111E7c8c5975,1
0xdF4fCAff2233A58535b670eCAcFc354ac8966174,1
0xDfe33Af9Aeb60478F6913F15b71e9D5cF3AD5357,1
0x124A82Ef36B67610E94bb7088fe8B1D754De582f,1
0x98989B5F8fDAcFc3d72e5ec7D94e34e8a95B6464,1
0x91304aBFaDef5e03B1f432b11ba81405D9aa600a,1
0xEeC060A925A927ddF83Ff20826576B1aD7400FB0,1
0x8450323fAca077eA6F8f3FA7f8eCf85F2F00823F,1
0xde35a36cD873d3a781C4dCF46f962EDe3f7F8e0f,1
0xF894b05939599C25cDD3e158111F174abDBFc469,1
0xe34923927C6A7532137D38FfE9b003Ea12544C72,1
0x7D9443dF1AcfB1e9B03CE0c647E3C29D1579f892,1
0xe97f0dEeB2925bA95A61ef8f35b0AE5958764726,1
0x17F1AB3be940e1Cdde69cb7C97cDc4F6124fbF5F,1
0xdbba8fbc007751bca53Ab22dfa497612F69C28c5,1
0x1ef9a28C2F33b8297A5a687E49f3FEaF14c8a461,1
0xC7f783757A0DC344111ffc84620738F13510eD18,1
0x6504c0f742020e3Fc893B0a9cD7f20A25Da3fC91,1
0x07995495F3737B43E5f394D8eDFbCbD9cf700166,1
0x354BE9e64769AA2b6cE65571b135E4593fbC77BB,1
0x4c0F108261cCe4527cd4C9c960d1796bf8E82987,1
0xed3f32CE9bDDDC3341d78fa2e5286054d0D5e8b1,1
0xBF5948139FB690cE88CF920E7369F98704FC9955,1
0x2C6f9a0D6db19Cded73e17e13389ffAe588e3399,1
0x5B218D0d70737c7B235f8AAB5366A1Cd7E0E9d54,1
0x2D7D1e4C89a0a2BFB4A4A7dDe09Bd3054F3D4e3F,1
0x92e315429c26aCe6CC6Ac8C9B71379110Eda960A,1
0x4406D8C657Ed3A6dE47ebA674A75c1702Ab77c53,1
0x37f9ceb769686A431F6824fC961032D28517d980,1
0x03b3F736737a6430481e491FEA657bc190aC59e6,1
0x79000f1d72A20cFde9D667a6D9DB458163375EE8,1
0x686943D5EA44d53A5326B42d706dea6DAC7E73e9,1
0x754f459FDAB3BAa00b72845EDE35101695E519a2,1
0xE9b03B9EfE6Bff4b05aD8c22A1ead469BE12027B,1
0x2096D113362Ab01e10b85EB87Aa01EDdC3Aa1301,1
0xa3aC1AA03e46D2f987A7e5a6e621ECe0c526B29f,1
0xa37d12668F9baC761c8624b88584F0b2E70855FA,1
0xA8E45CaF77431182127C8DF10DA2E0D59bF9c507,1
0x66CFf15313b5beE663D55cac96F45AC12AfE9481,1
0x035dd5668D8A718Af300A93ca72ac5fD63A4E5BB,1
0xe0D074e638DE225783282a38F391577bB5AD3880,1
0x3288aB665Ff00b01a341C830b852803C31F31D5b,1
0xb566b279D70D74981bc072191bDD4F530d6F9304,1
0xA8Ef8b6A369Cf07f2bac69e7A130EDd4dD581Dc1,1
0x0b2829c661113d2aC83727615D2Be9d43B081dC2,1
0x49Ea49ccf52De30877b5ff6bF55eC810faB95a06,1
0x0b515e30917e2cb99387F78Fd1d6586C42d0D68b,1
0x7F25a10c56ba454313d3b5fCF24ca194A0CCEA59,1
0xdC5cF6A1a8Fd504c42aC64Bd312F83a57C0FE986,1
0xA019290A81F16D80201A971Cc81c3716a29c5886,1
0xfEC5D92201462d009666632dFa46bF4A35765EaF,1
0xf5cC1ad7b3F8fea34dfCD60A6c9BA7466B9E1ca2,1
0xcCF4c29720e94331a90174a720bDC4fed0c762C6,1
0x52334c23539324428A60bcF10ddCde1F77140588,1
0xd84e6626220184bc6D135f39D527B8F3E31Bb16e,1
0xD5E970565686bC05F00A108A03359F21B44fe684,1
0x9A3A6254130b0642Bc939B0A0C12E37fcf084602,1
0xb6Cd62F41aCE7477Aa337e5B29E1632147f954c6,1
0x3FD564A4dE0075a4E80488E3AFfe43F93fAfb21f,1
0xfC9d7069bfcaF639D0fE2D47c854a5fCDcf7E5F8,1
0x7E7C65c3c0FF7b87946655ecbBfbc7af5239700e,1
0x0AE81f522137EEA28a059774D467Cf9e821DECbB,1
0x2CC3e4f149Dc5f82dE67a8E7B81AC8A605962d82,1
0x74e5B751A37f7102C654bef1B8491EdCd4988e09,1
0x8B38B3C4910708Da727C4499866bbe0B0902E452,1
0xA6E378e75E45B869a220A794110369DcF0BCf459,1
0x7855105d1Da8C261E39d200C56402BF251e46c73,1
0x08929395F4A81C38B56581eA405Bf5Ae1146C6c7,1
0x99998eb44c69B18f7c3C49D9B3e8b2B3A3F8b466,1
0xf6c2997ffF7affe4A7601988539089Ce3af9DAAe,1
0x7B4135B69eaFe7A1283dC0982e7D3cAed473f0AD,1
0x9656Cd0C442F6Ada0801335514b8542A5aE1F2aA,1
0xe64F3DcC6979850F51a8c7Cd090bC231648376Af,1
0x7C69abd9f0798ae968E20CFAd91DC695B0C29247,1
0x8A9A233ae0AeA04f89D87836e9cF2d46AA2E72be,1
0x6eBAcad601dECdB4197312662374E0e1BAc1EDb6,1
0x25453eC45665631A5b533786A36A396c14c7d949,1
0xFff766047A983e49917A985f85837D9f8Ddc4808,1
0x6913bE0821eF4a1C88b01c39ce2f91b6d78A4750,1
0x18043ebf53aF031043b7e5dF99Bb1D1b50EE85df,1
0x0000fDC9F77e5386f260501C34A4a93314Ccba2E,1
0xCb433105E076CF42FFAAb1e37e03755287f42DD5,1
0xBFDD7018c0Da24740806d2eaD32FE8f7155bf0eA,1
0xcCba1A8B7D9b8BFaA3CCdceE75B58588DE4455e8,1
0x1Ac40FcC665b5461B7f0c4123CFa0239f1e18752,1
0x9bC8c8faDA522FB6398328C4757ed03AD6F54F41,1
0x54852a6D9585266ADE94C46DA26417B31Eba4B11,1
0x191188B5C03562ebCa9d696e65601436DCFAF646,1
0xE5380C03c4E21C146aAba503B2Df237A15Bcd4B2,1
0x49084A8D580ABF62aF75CF87B9BF4dca66C26558,1
0x375DE1Cb18882D7960e9B7E7FeAAF76f7a85cdc0,1
0x243754ac98D46025C650b223a56daCD00481daD1,1
0x137fAD00B725BD5aE02558B48398252D4f3E89a0,1
0xDC72AB6d572fa6c703A5D02B6C47f6C7D59bFe7e,1
0x9f453be6c7D9221F14239167034Bc36a890851a9,1
0x40B3855aAEcBCc54cBa5BA50b1DeFc08e6D1Cb13,1
0x00beeA7314CAc43aC605C64f0C97bB14cDEda0a0,1
0x43A1AA93E959a19Fe8137115fCD6281CB4cDdA7D,1
0x2b394A878cbA7626adfe69Ccc5fd52Cebb31FB16,1
0xA54F7C33a544F8ED7ba2C54F4D53c60707C14f0a,1
0xEcD58b53242ef8eD2459b84925E495557Dd9183F,1
0x6363C4959cD23c81713cA8115e217f94681F9FB9,1
0xecfe3D1898Cc508657Cd032F6C41f5Af0CEfbAE2,1
0xa591D5a03B7Ac63030ca01858a1B50804890a84C,1
0xcBea1a8BA7823Cdec6920fE2F0cB4Ed2bF64764c,1
0x4cDa0323E173e1022420106A8d4B55DC4fEE4B70,1
0x647DB63fd123808d7D1A3e7D2894cacE3abd98D4,1
0x02Ba90b366Ba0680Cc36Db9eE7705fe063a35986,1
0x00001a1096a8AE611A48F8330274C85bEEC17F55,1
0x2cf4b26990d30D6ADb7dF30e7F9ea976dA319D3e,1
0x198C3E55f12BC6A9ae5f63AaeFfcb77d98Cd73F3,1
0x1e5e9E4EeD414113674985CDAFa8f9BC13747cE1,1
0xcC9A4b06bA55E7a081ee813bAa497f460e73A816,1
0xeBb8fc3606197F2f5f6065E363C483f0E122E756,1
0x20B1Eae10C9A44aD80Cdcf6E8A704C14De156186,1
0x66463E6e3A6DA8505CA93566757C93c1EB8E10fa,1
0xf271FE71B4e09F2C14B7C0022092Bf0ACc8479FF,1
0xaB0671D6C3d789Bf926F66be691f6a1Bdb70562A,1
0x4956bF53Eb71658C5D829f24769D709fdB08D6B1,1
0x714Fd335E11B3dB73d0Ff30D587719baf8D84FfC,1
201b2f19df284817a7be7f8e98b4d19a201d57d347,1
0xC7de154B678FE4BAE8A6CAB7fE289e7daab35E78,1
0x40536224ef670cA321D5ddE316061A5625C05137,1
0x1596E4245E9170fe0F7012eBF1BC2F45fbE0F793,1
0x68504A6083E78d58F62Ab40316B386341B1DB2ac,1
0xdB45411265782deBF29A7b58Ab475BF75C9b19f3,1
0x95C3c6D13EdEdceCBE5424C85f2F51C11c69baF4,1
0x00afC545b62a58A493B33c882a46fA6BBa347e50,1
0x39eC6C8027538bEe5Ef64DF6ae2BB4453b4A666c,1
0x75E7f686ABCD5646E8813B06f5C0c9fAfE2532db,1
0x1855b849e7D23943f7975Ef6D2866871e3983bc3,1
0xFbb26546b301dE60209863dE39E0B0576193219a,1
0x60c9b0055fCe7eE2D32CA6D233dDEf5AD1fd0034,1
0xCB60CE5CBD309382080bfEfb08D262678f4CD360,1
0xc9ff4E76DE76A4316D81A4E28D5497C438296e25,1
0x10c5a83945e570f05989B093D8211378660Bd9cF,1
0xDD8748f855d9e0D9607FBb9d3Bcb8fbDb4F9e2A9,1
0x2bcd951240F053aCd007742399F76feC8fB163D2,1
0x327d6e667699f7177222b6Bc073f95656fF62c13,1
0xFd1299d967Ea45c290BB7AF2Eb0A4d8300C44A31,1
0x865568b596123b19CF04fAadB397fc674e923cFa,1
0xa89051a95bE0E65d0C35d104c8b575eE47c04C3a,1
0x11B2860Cc35BEd475B01f0A1FCC2B6a999543073,1
0x212b18f340DEAB8A5C4fa01fF88d0df8C58301df,1
0x91fde779E5B350x91fde779E5B3583143368fa44,1
0xBaE73D4746A0F8D83dd1993Ca034E03D7E59aD18,1
0x2a66E8d78B4aC9E58f479F141c795a1Acc71751b,1
0xd6091A6335e974E67fAb6B7Ec4aa4878AFD75707,1
0x111111111985267D862c25B892dba279A7330A00,1
0xf56A7B522768FD921E10F0136D50fa112EE5Aaf0,1
0xD8F637755Cb81Ef20D0b84F0CF4b9c85EA286500,1
0xfCc29E31cf38A3C536E440D9c23C8D137325Addb,1
0xE7E259f256C2A9b488BA0824b5f682e7CDa37A5C,1
0x8a2EDc42ed5759F7893E9D3Ef386982320CbD291,1
0x9635bcC0E4845126FDB133DE103d1F84DA3f9ece,1
0x30fa6A97B07180c09E646071Fe82436da9410782,1
0xF74C185C74FE1E4CBb72a12f5d3cE614b16e0810,1
0x540C6f0f5090E276afCB8591F3914cd7753848BD,1
0xbD6a8C61906d57292eD1d462f692f80D3D421a94,1
0x38b42070f592Dd193797Ea6Da981557Ec52bA19E,1
0xAb19f0e8F9Bf6099a3961B99597a90E5eEe76605,1
0xA79e15632D5352799BeBd03998D8322246900D5E,1
0x8a5ed7041bcB06B0B2C07d07C98eAFc9CC12bf90,1
0x1a730411590d9798CeEc2D07E2f3f2CfD1F51B8c,1
0x3693668e97C55100FA8785E82e29a10E9D91fD05,1
0xD4Bff2E49d13AE2fE47f6D5F5611B1D0499a8d31,1
0x36E0090d41C95fc1A346dff84CF7362cbe87651a,1
0xd91a8fa1A31c8D56bF1C1D3C16398A6D77DbE1c9,1
0x873Ff9E2513D2279F2100aE8dac1774EB801C5C4,1
0x201244113A577eb4b4d5B93870347191ec04f9A1,1
0xb9040b566C5b87e34Fe876bab08e3A211578B7b8,1
0x88573f3Ff9E2ab28d2747434800b8121Cd847238,1
0x057154b534b068c324643593A16bc94aB12B3cc6,1
0xeCA1123491909E8C9D9D0aE1F753f0d7dCA4C135,1
0xb14bFa1ffA3311Ae0901422FA6566B627Afc2d7b,1
0x48fe11C19dFC5dAF997adA7e09E12066E75e6d89,1
0x1F886bb69e3Ba6160D446577C5271Fd57526F599,1
0x48Aea7C14085364533Abc35256DF78D7cb1793a8,1
0xbE63008882C760EfeE1088755D4484A48B485A58,1
0x84117D051ce30FB288949add89cCcf3A3e7d64c2,1
0x8f37a67B16bb9a1ebe687152c52fb7d41A2bA20b,1
0x55657009004dDb5E40cCBFdFB2528C73780e5AaE,1
0xD671300f44336d37bA9d27A44b8A508bF9904ae5,1
0xF71Edd300CF317CeA446F77d580b7E25BD7D71f8,1
0x6F5159054eeD1cFDb2f722FCFF3329e7504C0639,1
0xF7A8B58E1e13C0b58797b7D5FF629f3684DEbcd5,1
0x8b4E9DD6caD96e91B35100B723B259EAD872ff83,1
0x31C87c12c47E8Ba3a7CE8c5c37a5560dd4456A51,1
0x909E8C76257EEcc485F9CFAeC500A0B1eAA580D9,1
0xB3114F611B6588c87b7d93cec12f01AFf4ea6B50,1
0x9d51B4387286b3bA6cEa78950A276D2b04B13e07,1
0x027f2C0FEcD5b41f3D9617dE8D1C4cE69A336E12,1
0xF256c5aaE00b45bFdeBC6D785A4d7fA0D36775cE,1
0x3E8194B7F3Eda25b92bCB453d41d2AeC58F8881b,1
0xd3C091a094B9ef0F4c66138fc21De4b82691A108,1
0xD4B54E686767bB3792FB92dC15f1cba07cD0E91d,1
0x0Ad50C58D425a264105D826f65E9db156BD864bb,1
0x15f87E0a7DEdC5E33d11bD58DD7cdC2A430e7657,1
0x9a1B721E636A331c522b14adfAFA523b34eEc914,1
0x482BDAcCf024b0ACB7c8B410Ee7f0A037efe5088,1
0x30Dd194497907aA6Aa8E76126bff34D1285e42Dd,1
0x90AE3c37E580bD09ba62E87426E8dD68CAd23099,1
0x4fC580E058f13303d31D9063C272ecD4DAB0Fba5,1
0x67Efeb1Df3fb0E0461c4e4D8018B32fc73006215,1
0x3F7C14E402fcC3864D6e1aE1C4747ff1805D0512,1
0xD686FbCe9240f4F88C71C727d3c170B7b2220233,1
0x7067e1284821016545f615E31980988a9dBcCf10,1
0x7B337d126d631c9A6D510a408e65920aB8D0AA86,1
0x7cB9eE54E14d72784FfCe7a78D5631a7AFebcD15,1
0x39c498ad6921363f151cdA839Ba10656cD350584,1
0x977ac0e5a34219F667d07dfa9633cb89cfE215Fc,1
0xF25D2277D18f1bd2258cCe7e986C70cd35aFb14A,1
0xeBf5E91345343E110b06D0066Cf83524f0447511,1
0xe7C699e44274FfA6B8ACc4eca30331b98840Ccbd,1
0x000006852707EFdCB2DB24B39F47AE03A28aEDfB,1
0xB7077251cfD03B188e4BDB97435763f428EAB27f,1
0xc3A10E4F68e142f27B9726E0f8199409Ff09d456,1
0x11425ae97b83f9dbE682fAf4F3679e08DC3fE42f,1
0x7304A74bF8fAc5ca3fE29C8D26c67225232cf4f6,1
0xee782305F44Ef78Dc78BC77Fd0FFc9A719F422a8,1
0xbEF33E3EBBF5853F51E154ad3BC03B5838ED1e68,1
0x3d4D64C5aD0b4Fd98e48C4d88F765C1D34a82721,1
0xCbE00234f152720663C6BddeB19B85C5FD8ED19d,1
0x45d7D6941e8E4B6aC029eee8A74934A7147ef8bb,1
0xCac45Fb29B1EcFCB80BCc2B97F7A7f8c90f4C1C1,1
0x73C2795eBA6b64A6f41439e1Dd04cf5704e39718,1
0xb2bAb398b9772e0AA7230042a1D39a0694bd7FbA,1
0x54669322df057561171063180DF7F2E62c63baBC,1
0xe1B2eB2D9Ec3498bfE3b7be0cd93CDc4B6465846,1
0x01EbdF2c88bB2FF0D665B4C3a884aE2fF9D1d874,1
0xaFD389818D4Ba8635773D42D271DB8D1877A7118,1
0x3eafc13BddbC277cfC3EE90f0Bd6E817803Bef9b,1
0xB10DadB27dBE82d3339172375845bC93007b78bA,1
15733aa3126a56a45ecc8f9be8ba42ebad2dc0070c,1
0x23da8E52F188A86E8e1c90460A583B1e4f34Aa91,1
0x674b8E2bBA97780D97A39919D12700F4A314C051,1
0x229FE9fbC1Ed1A4B41F262D4109d5582Ce786A88,1
0x031A107671b689e84c8836E7E2b8e8f0d1EA8265,1
0x7906294767204Fbae92332a7C2401A723d361A6B,1
0xBBB8d0e81b47D8f8e3Fb5D2a1cde8B0A73AeDFfd,1
0x787Bf4A73723c8071d3599a346325232B4BBc11c,1
0xA6178668Fb55f9F9d20f6905045585d8959A6dFc,1
0xE10525257B32DdfDFd516549efa4D94b573f2434,1
0x98Ef0B4fB76eBE598bf6aCf7026e07D6cC03bC5b,1
0xdbEd8676F446ef9e049959FB2176cc3A527391EE,1
0x501769Ea932793b71Bfe28111D6D219658783a09,1
0x952087F12742751D0238f32616dE14D6002C0c51,1
0x00fb7d036827cEe52063fdb1Ad91ce27996a4F50,1
0x15ee523FB157982CB1F993BC15A7F40AF0ebD2a6,1
0xF7F325742b493c2A2eB5Ada7A9Ca8aab27A6d55A,1
0x5E3AB2098Dd6Ef9C870C818C95f124235a03d99e,1
0x469dc75b6FD83B6fdE87289F124F71c08F146B3C,1
0x49f3F8828c90acE2dF504014132cC24c5BaE8d23,1
0x948254F31f4BC6d4c38b772eCfEF05474Cf134C3,1
0x302A64089AdA835e59af1f17c54497380A3511B1,1
0x9A6947fee4393b0dD8b74CBf1A347B933F7973FC,1
0xb51Ef4e97a2aa7a3Dd37f207c46DbdDB428991CD,1
0xe03F628476509606111D7995Dd2242534585E5fF,1
0x4D35c6f6469D7178C5E3B0626BA3e3C09023B2a5,1
0x432d199df4Dee79C53A5BEa50cFE57FD51805c1B,1
0x8b16dd3B8363cD85b14dB394cDa9E153BFfBB61D,1
0x130BbEF83939c3E6939DA50CDcd23dE97dd41F5a,1
0xf6FBF7b2A6F72572aef0f9c733B14b8CB982b41d,1
0x0000088605cDdC056Afb18c2db6692D3c4B33eB4,1
0xD576297030B765E602fa3f7D07A475Aa91883199,1
0x7a4B9395bfaf2a7dbBd6cbdF2A0e149cd1B6FA6C,1
0xA84b32b9Dc28b6AeC1a8F474eB60F3865082D215,1
0xb90Af4B7ba31f77E77935d76759000693B1f1fdB,1
0xeB5d6efe089A0466911B5eA00728744ED3212c18,1
0x8bf80cdC1B5008d1279E54b80fbC7e72b2Cba87b,1
0x82f50278F23A7c5679beDe30Bb050f1D60A2ad6d,1
0xA58d3F53dbAf7d647aEf9256bAea6F9c1427842A,1
0x794aC564d2F7b6e4d5F79F0664cCCd79d59C11DB,1
0x1936B538375043B4F8c32668E490Bfc107cA0AE4,1
0xB4042E24d33Ae974f4dFe6A0968A47663210b885,1
0x5bD4285350021bA4AD54e305e52B820FB40d717b,1
0xad8581591C49B05704EDf6206789EbD9aAac9F8B,1
0xCf48AE2C141EA5A621f17CeadD4287E0fBbf2C1b,1
0xbBc733DCf78675B32B193eC49f0eC67616289F1F,1
0x0A9b0B463aa3DF2CD980d406F2cBd6bCC4535398,1
0x3b20c7568269f566C01f5462476400723480782a,1
0x84874B8816adc21DD0A506Df273C70891e612bfB,1
0xDdcb02Cc44Ad70ED954b20E90A3Da1df6bE3a234,1
0x4903b8Db276Ac495e0F82e0e3D1E7c5ae243f92d,1
0xcF55D9b5550E2451059bBBf37c80Ad98A78aC137,1
0x344027313CE9128326c43E3cEE33b5bC60e20066,1
0x14C6A3Fb0fa46A43d01DC7426D7c27cf8C71c10a,1
0xF1ef8477BBDFC733B54fc66bF91114867B130272,1
0x7DDb4030924d654C7C1FB4f370AEdB62f143dd74,1
0xE5e09a912d7E27F5404A4Fe6b1b8a6103e3ac4c2,1
0x82b6e3944ba552D12E262FE5E51d96cD7Cb2aCB5,1
0xe18215436a0D06191c2973De06d6B47cc9f63689,1
0x1d15f5DF593e6EFF609530aB3e6E0Eeb41E6aba8,1
0x33dE9D8D81C893f8a7459cf02501Ae55ea8C738F,1
0x2067Bf359d451955E18c8B2c1a3d94eDD093F4f5,1
0x83512127d104047A47B35a6210df3F706094aD52,1
0xE3b474Ea507924e8858E9b6ecA19E5E5374D3825,1
0x7A0044D9a5711DF402bF49BE80b7C9C9f9A5B3D1,1
0x484de4001153f55f5Ce80D973523b76d2866d1a1,1
0x612AE2F785b23403771089E19F6Ccae65316c195,1
0xac2cbA88bb38EC2951c636daFb9b1B485Be7c79a,1
0xF19ed1793d2487a8ABb10d147d01cc90f6490EfD,1
0xC48B36956272295f3CD12c5C9DAb07da92083F93,1
0x332c95EdfbE02D7655e9F5d9d349F41468C867FE,1
0x1f7F36b7469748Eda342E3795a8102DDa585E4b8,1
0x1e5C959aBE5d2c8064792bA693a9c4Ecff66A547,1
0x2Ce299051b89D137f64B8633D69c7dA43B6D7a36,1
0x56056750BA3a3E94De483593B48E40a3702664ea,1
0x7f14288899A1AAeB21058c7EC06fB39D9A08C538,1
0x3dD13D532173b8039403104ffb0c79e9BD32131A,1
0x043dC95Cc693B85E8d362bf5fC1F5a2608B44EF5,1
0x6475a88C28f888C7Bb10256106ef02228df5Ba63,1
0xacef2497247895DEf2133444a7595989FeCA3876,1
0x96F1ed3860ED295cC9e524796fE9109216A8112D,1
0xf36aC4FaD24f6E89a81D5c400E609E7aCd7e7633,1
0xA624df7f3219f6F76094652a63aA25897fCfd0e6,1
0xB46e25d7284D5A12945E7318d9aEd8A6FcD2c986,1
0xAA1e77B982cbce1d109E9309Aa120292B44eEf0c,1
0x3a40a53b39D24d51D8aC40234f0663946040E020,1
0x351775b629060e2b13EAA3be5c20A8f04b6330Bc,1
0xe16b5C27D43A3A8D0eF70E3EE69919Fc8c486Bc2,1
0x52912fba2e24d83a90D0fe49F3708026082717e5,1
0xF53AD7Ce084a68983B84f20b6F360C5FfC2dCBad,1
0x15c4F1c545B409423ac11051aB11D23c2F01c99C,1
0x42B95a2F52133ae09f4Be1a138A62700E89Fe65F,1
0xA994068624881371987dC854b10bc3454547f293,1
0x3EFf5ceDc6Bc976d24B58383f47415253AFD9052,1
0x4eF3aa1242D762Dc9882e680329e79907F5F0BB8,1
0xA3cAB16D85Bfd71B13dc3dDFb2643c949049fE05,1
0xA61337b4a44867B64D29bA9dc0f5455E347b242C,1
0x8617bAc3898BB20a7D140eb05afeD0871dEBcC48,1
0x601226CC116e88D3E858EDD681963543a624E3e2,1
0x3dfa6563708315FCA04Cef8F34727CA3BD3cFae4,1
0x1685574B47FC0A65232fC0acbbe95b65054Bfd60,1
0xFA584a2f82a6701984FED63Fc59783d7a77f1CBd,1
0xA8dCa5e4fACA761568E1CcD9556c86d08Ac8562D,1
0xda4a15E118841cc2183B827Fa18BFeC3CCea1445,1
0x097DE8c68F0988D0b95B0c2F848E3165E1CB6a8f,1
0x4DdFeaec1664A0C6e2d4122047B5519652400670,1
0x2350c7fB06933B09f882081BA629e795952356cf,1
0x2eB27F608521009f9663904Dbf002d93cfbb5957,1
0xdC4Af1F0c8702b22280eD386CF36A833fB966367,1
0xd11d843843bCc2A43f5f6F3ccE12b49b8c88B48c,1
0xBd319aD25069E82BF449A40E419d3A738ff97691,1
0x9E9fa6Ead446450f1568FAbe12d3fcCfb47EbBDC,1
0x6E0FcF42fd1B6313953CBcc99b20c73D8E41d02c,1
0x036C39edf936A5F10E354C3777F3F2892354d279,1
0xA31178C62D85f8DE8d420E0B9E06539E2fA3a7e2,1
0x9FF32Ab650c7FcE6e268CA68880eC33bE48066cD,1
0x69eF13D4E12fa846f8e626e779cA2D77D6A1F6e6,1
0x1070203c3f1e07200D6fCa2dd4D7A8b61C0979D0,1
0x4997629bDe17E6BF0D7142aFf58639d1A60f119A,1
0xfc9EDCbDDa7A046137A9BE5b39F4dcF846645b12,1
0x812eF545624dd93B2e7d0048F8bb4Fb8e1CcD60c,1
0x99F650117f1EB70b2B7bc58174bE30362c916948,1
0x3D636eB2487d58361f648df142c3Ea5BCBa78e37,1
0xaA1C9802F347046CD883795A1FA29a118c9eeF24,1
0x6Ef9E009095Ac2FbaAbC53183A978141e284c3bD,1
0x21b2D04C6A9bfeb78CE503eb20821895af691De5,1
0xE2276bAb4A1ccb50c9fDF84f6BefDa81327A5965,1
0x4b15411A6033a379bc0DbE24ADEff7eBa319F9A1,1
0xEd5e420d8999950EF75012d445EbD26E26e64A5f,1
0xdb919F837ca81E6c4581c159b3565c7F376f871E,1
0x1487046aE88D8bc787b8FC6FBecA6a8294eB8B71,1
0x92a3808cac59992EeDc3fE87b94da7bb288d6285,1
0x6B2B290543f58ACce4a16C089171ECeb762DDD23,1
0x1be88bcf3b74048578d5E9f3cD9D36398B9CDf87,1
0xCC0055365E7008ADBB941064AE99704E33bcae88,1
0x548Be6667E92E742Dbd852662349ae74Bb39A215,1
0x900ab1129a3b983F521A9fB6e248366B1409FB19,1
0xd6334eF2c7C6D3212Cd2848a82Ab32452812B8b3,1
0xD12886C92aB03665d4c66145290d9B4e336a8253,1
0xE782b534e2B471bD94c731DFA0d30c60ba8a81Cd,1
0x14193D084a931f53aEaE4Fb7Cb575809a8a235d4,1
0x64BD67BC509F61D5Ee8cA63b2E90aA8A9e2F6b86,1
0x1D354D343f546B16D5Eb44F674d637A03B672F92,1
0x03068Eb4286521B79e346A3FD4EcB9c12Cc95bfB,1
0xE0E576c42EF16a360fDC7155F15da67B3C6d340B,1
0x17dfE76FFb3Df3934761f4B393Cc856435d34A23,1
0x79a6144c95b84099D201F790494E03d3f2225d59,1
0xfA306E7ceeD90360082fDC1EFb600a2E4B1a3692,1
0x1222C30b30b5169Fee9706cd30c407d41D49Ab9d,1
0xbF81b2728aB3f9c1be98c0288ECC0150bF679Fa2,1
0xE6DB5b431fae17Be954C59B2E9bc81D08DA1012b,1
0x0000F5017015c9bBe36D416F2635012E470393BE,1
0x8ab10078d0974B35838EEc124563ee1e00C7E227,1
0x425dE231AcD3bd847C53940fB3b65710CF4998E0,1
0x331B9318F9127Fd2b84d168B443D6aC37bCf9F43,1
0x9Cdb9d1a4fc592EFfEecB4f0684a6f8038C3BA21,1
0x97b71f2bf8C0913063753748DE88543797c884C3,1
0xA285fF0647d0C6A766F8a6616AA6Cfdc706eaB4D,1
0xCeE1c50600E044144CE824b73eB6d53e5131775F,1
0x000007446d32DCE855535DC5D784764BB961D298,1
0x57785EE69c0B006821950342070ffF68636E3130,1
0xaD7873D553A4f3D484511b2B931e606E96daDA9c,1
0x72C3e4e7DcA835240d9052c345659306cC9C0c3D,1
0x4EA1E0fc816774a9Db8579Cc94A19C0ad558745D,1
0xE3E54d7191dAE38D4AF7A71d2Ca12c7d42466B61,1
0x67327C9a8ACF6ddbe81970262fc0923A00ab4868,1
0xA4Ad3e1772706ef74A9781d0f48FEC8bBf93bD33,1
0xd5A2B2217a93Cd01A039038352C33E87b5fF951E,1
0x32E2B6E8141a3e49Db69E4632f413eaa546d2D1a,1
0xC7B0f183B232E0B15c81eff18d3511f7FEF628A0,1
0xAdf3081629d197DBb3aceE190Fd304b5b4B91e56,1
0x348943221A004De557795A1564d774a0357D3b1B,1
0x96D1f2fd48a745cBf6356810C123038c64C496f3,1
0x8Af3D7e94e2f17EfB073dcE8531C20d8eC6cad53,1
0x2B57c5c630a49B72bBc6bA3888d56F8C92c3Ad0C,1
0xF8C9184beE567c235c220E883837C92b3cAce488,1
0xF2C1821afA16f1Df6e4a36F6e83903faDFC8F1Ca,1
0x801C8a06dEFc6642591634A9665193356E47b64f,1
0xD8cBA2C75E07c7538A9Bd29C6949b7f1F2085942,1
0xFa2E79c83A4681C22e02780367f093b75B76FCf2,1
0xfD8f740A78ff3007B1C036A6ADB56A68373AAd79,1
0x61aD0CBd664119913288153cB912Def11eedE3Db,1
0xE92621a0502b3EdDf2240089D0703C398B5b85c7,1
0x30dBC88c27a717C077a9CD2cA7550c73447CA811,1
0x3f6e9DD958a00c3Ebc6945AB3453B9EECe52a8A3,1
0x68c1C480fD0D557b4EbD4fE1e8d4A376a1b6e7fE,1
0x1DD3c04384d9b00F2DdC5a0908faE0078Cb2B253,1
0x67acdFD88fD09235d0E7BA340507d1368e4774dA,1
0x4389CD4b251cE3Cb89481891389c7efc39af33dA,1
0x3f197F099d7c3c026490309ab5382236a18339eF,1
0x201E57396bB1a720CDdb0B0F03881CF5F0c90a72,1
0x9479b179b6876F3c60bE4179cbe3321a1d119A10,1
0x44BB394a300c0785D80ce8Cbc9458330F623BBBB,1
0xb7fB3aA0CB899798Cfb2C5123953a0d31a83f736,1
0x9072f0cfe1bf41655F722783549A6043D21Ba2b8,1
0x1D9bCC08160b5d4136B0C8d699c3777C957d81C0,1
2e80ad14eba971666e153dfab4f5d6926a9c455568,1
0xA89a5E6f62d3D0c234E6626EF0e8f7bB561D8ef1,1
0x9223FA5A84DecfeE94B5b63a7C191794AA1368C3,1
0x0cDd38451ac683f1065aF09ecfb6296077E19Be5,1
0x4f774648e51f9D0d38A8D3880109cd079AAa4899,1
0x4A7de5ed0E8C422D98F732482EF307a1a0C3022A,1
0x01408828659A24543eFa39B432FdC65a94901b5F,1
0xEDe652FFced2663d03E3B9CC8D35304B763E24A6,1
0xE4bDD1Af6A0A43D8309604aF1A98018DeB501EEb,1
0xf5DBdF1583CCf673d327F8E0f764247ad00D881d,1
0x93d2C526F0eB3732FB54ed5B2452dC864a51b451,1
0x8baD300481EcCEE9D8fbE56a1F155843A987e781,1
0x06eA43eDf311f5EaE88e09fD5329500B986E7282,1
0x4D285090F06D1a6C947DCB252c96f4C50D9396bB,1
0xd7601B03d304C78A4377FfC15AfB54beb3BAa85A,1
0xc1321103D6E7Ac32fb104Ed3f1FD1FCE2cC54d55,1
0xC1A70915f0522ea191e4E502edf4cDaB253e27C1,1
0x82D67B868Fd94cC948BDb24bE7373B052876D8ed,1
0x22C35e6a0036772849DDFEE4a534c933D771F770,1
0xCAed8616b1542B35019CE1F4bE18fb927B828058,1
0xA533eccf51Ef422a0ea0a48207f705D3A9d5EbAB,1
0x81E1590413C6731497dc8E72838E2cDD1e1DEE47,1
0x975624de549cEb32f5E429E28bAe7a1d12F68bbd,1
0x55971aa2395B24e4c69123E56084b36A47FB06b7,1
0xa08230cC2294115DB89d422b5542eA8dD97824Df,1
0x256F2bCDB46576ee144F9506e71b7A9eD7Dd19ec,1
0xBb6f9D1C2cc4535bcC98F66D973D0F21fA6dc414,1
0xccAF3a28110702A215384Cb6D07F5CA728476Eaf,1
0xFda510a8fCAD3Fdc40A19f0332A031Db95D74A31,1
0xBa52357D65D56E60c30C3b40702049D114022D46,1
0x4B1f6c852Aa6146bdEDEb0bC96006cD327dC4858,1
0x82554aa8Dc576FFFcb15855a28b1b3AA10078327,1
0x848dC9270d00ADcf759670C5d1CeE1F889666319,1
0xe025AE8e7CFc74de962D565514a0EC3Cfb9eDA9E,1
0x1aA8C89E381b033112a9E7465c1052b8Eb6aEAEd,1
0x643EF45DE2f4B6Dd592942Af150A5bc9aC70168F,1
0x111114763659874226785ab7b7dF9E1364Be8332,1
0x1E3E0924A23CcAD761dcFC321800Ac190E92b2b8,1
0xF27B8Df9cd8376EE6972eD3734664B86ffF9b3A3,1
0x5710C0689d70fdAE2a775a4d94D62f06e2F90298,1
0x1B7Cd3Bd255b524267fd2b667E47dbFcf650Fa7E,1
0xcC886621a5Aa8381774f045eff444B376989eDa2,1
0x35965bac06A300D7f97A38675AE920bC7F90bd7e,1
0xe52DA775afFBE83acC6814dbE4A18c8A58161aad,1
0x3327eDa7B6E2d51477a5132c42d66dDeC626340C,1
0xF7c4636b82656d9CD473F4e30EE9c14ddfF79643,1
0xfd7550E191093c6D5f5ed88592c2ABd95fA38ac4,1
0xa8C842034B72f2aFDda6C4cCa4A385c92df4E986,1
0x2534ae50f81f8efE3D013C1036f357dff168b4bf,1
0x5d751aa2c6C55ad3A0d262Ab531e2AB5bce4990A,1
0xBBEcbeA855f6dACAcaDfdc9107b69D1a470B6d54,1
0xdC3d86c82846B5b5B5E2960aC15633195b609A39,1
0x298AFed99ceF993eF5F5915A76f363120f1E8307,1
0xC4edCC7a1E383f57aa7F737466BE9050cB47255A,1
0xfA63a2fa92ac5a4447EeBf30621c1a37F6585C3d,1
0xC597dd0E97c30F21a9fFa74d79Be3607a0028Fd7,1
0xd3905281EA9D929A3510947a81Ae1631a1a7d873,1
0x1BFDB1E3e5B575c3eFFc46b39CCE39fa06eC9937,1
0x99Fe829b19d51C8a5744756D86A1Fd2db4f2Ac0f,1
0x4725363AFE062Ba51954991846D940803B44c0Ba,1
0x487226E99F143A33C5CFf4E18c04376Db8e67420,1
0x32b8670BbAbfe32E25F5873EeA5Dc3CF7dC1cB68,1
0x90349e57477744354fa36CdFbe90a13a9D9fbc38,1
0xcfa388f71Ecd6214800D7BF222F8cF74499930b9,1
0x66B2FD59C034aDA3E2437228910ffB09870A3e67,1
0xcB4cd3177170aDFfCd386D79691259530547BFEf,1
0x7066dcB3c055BA088662635215A9202c8f18417A,1
0x59381eBE49274671983568269dEc3EB8d1E3f519,1
0xE0F9237e02b733C59208CEcd57A041ee4051DeA9,1
0x24eCBF88a34B549088c158DEf93430a3253aB46E,1
0xCcb2C489Cfb25b57614459f3B8f66B41CbBf3b33,1
0x13C431ee2c95D5DCf5A0E7F73a795F4D2aa0ff48,1
0x464b4B3F8Af076fB888e21c85776eEC558281334,1
0x4FC496A39317Fd5f25763a5096a9df9EEAc40fDe,1
0x8a1749218C2c4B100045D97D0E953C48C2541DFc,1
0xEb2E886D6F5c8fe3241fA1abDB2167fA0AFDb659,1
0xC1393866EDC1201121E3c786f238BFdEbd179562,1
0x79bb8b05783b660F42a153dE881d8Ad7caD9DaBB,1
0x3b5Aa712A4776714ECB349d1F388199302903221,1
0xFB922e57d42a14ea5E85965Aca7397cEbf0D1c0c,1
0x8B9DE4fcA99D4C95C909A225945497B18C49cD16,1
0x9fF860aEBC9513ACb66473B0B26f4bF272b3bfB4,1
0x00000000e776088b650764b4E730498819fB5501,1
0x59866cb26e561472596D37704e8547c79f14B2de,1
0xeAFf33ba11f9588c4D4A5F247816b773816799Bb,1
0xA3056E5cC6e65333Afa329A79238C77765dBC7d7,1
0x4cfDFb1Cc2564802Be480fFBC9B07144Bc1D7520,1
0x2F64bF782aFD091B29DA5EDb683371F1Be2f764C,1
0x21Fd4A3EA67f4eD5e1fB46334d7C829E615031c8,1
0xfE1ce87169BDBaB3633B7B0555309c643759E384,1
0x9e17dd992058b0C1f636abD370168629bb3E95d3,1
0x2E66ef4dA7e1A58122A56B1166f81bbd66f814D9,1
0xE9B8f149e5D117531E762005A5d6C844b6BF1F2C,1
0x216dc40C026B15e053af6C7241423E63fCf92436,1
0x1bcca2ca554D3c31BDa79EC239b2D615bB8bD209,1
0x7C21108065a9CD4B0D2E075d62ED721AB2dBc08B,1
0xE6BFE84e60AA18E9bF4373c33003dF6CafE337c3,1
0x38b8c45F2F90FcF26EeEBcee0ed15307e2c94246,1
0xcd64F879030a7a4FE081609E1A9b626BB45b09b3,1
0x00000000CCD193975907ddb660b4692Bb4257f9f,1
0xEee5aA693f4fe8DdFB1dC3efa0B587Db14014567,1
0x13168600034f1b92951CDFC444C3663eE595a4c1,1
0x64384B90c7c71E7AA496faC18e6579f5228d3248,1
0x2EB0F382ABCBb4C31Eb0fcFCe294d2Ba0eef6b07,1
0x1F82Fd59071aa58E03800bd586E6D2f9CD5fe325,1
0x14076A2408A47228930B0802EcFF237AaCCfdDa9,1
0xaa68E429319d065Ce9fD5842497A8dBEc786075A,1
0x191A646a4Cc3C3aDDbf2164FDa517351A9F90B47,1
0x5C5B1CA858b47f8F143A7057601cc5A54d65e6d2,1
0x2EfB04b4c64d0AdC86a7be539d461b7ccd4ece63,1
0x5036920e98E206D4CCD062661eEcc1e836466B03,1
0xE88BdB9682D7903d9B88da9B160920B3402a60FB,1
0x2c722A1F2f78105DBD5523292B735242Bd90B8Ed,1
0xD5Ac2c18ABf6935FFA1FCE042734F91aa78d5C7e,1
0x9E444333bCe9b5784559835e8a8514aB85B546C1,1
0xa5D6643fd56f5E8Cebc898cA4F31d2a3798524A8,1
0xF7f7d191c1b6f334e9Dca906962e77d77d9D0808,1
0x3D34F9f541AD288BF65c7F8521D8d9651ade319a,1
0x583EaC77322C7d0d7bB381938eBd0eba978380E0,1
0x86DFb1cC3bD8DF4791Ac87DE874DE51A280661DF,1
0x59A08b67C3D3f6FC911836a3C7eb4DaDb709be55,1
0x8BAE27Bb56a2D4887ccA171589632405d79000B4,1
0x711A09ef6f8100a000312E92ca673f9D26D74449,1
0xEBeDAFA18Db3Ddede592Ed8E5dC648f9DdE72f8D,1
0x92672F2a7B9C0a3C7862eD128aB7Ad13Cd17fD3e,1
0x9b469d71B7808a1f0232Db2820c3009D099b3d95,1
0x973ddaEb339f5DCABB29468c07B41153be22E6e2,1
0xe9bB8472BBaFD1D6cF01341c2Dd61C341CB19ED4,1
0x99E5d6a10739A698B02a4595575A67423331ddFe,1
0x5e45df5c1476db6A9E03B7c9E0863fADdaC49767,1
0x15de656A99f0Fa9F13d1692Ee5b9AaC54b1F1Bf6,1
0x85fd6076Cb2D18a00A7b35C3652e6b3595B00451,1
0x5d2fB2b5880477f63496CD0075c8C61a97491A6A,1
0x36e3258dC9759899201a2349B1eB0E3ed9855D24,1
0x1BB6861015B6CB74C3d01857a302B5b393ADb075,1
0x8987017A377549Aea1C5B8deD4651821eaE8710e,1
0x797776a9a0F5d79c0ed1C1B2402bfD68Dd14c322,1
0x3D3303b1aD80A4eB1abB2Ec2BdD7948b4e01E8b9,1
0xFD8164542C45A77F75908F45452A8bE8f19AABd0,1
0x99fE415Cc5cc9Cd8eC2c65ca5ee049A3Ac68f0Ca,1
0x17980a378f922967c94fc5280610baF0D44cf799,1
0xC07867F7d69b701aD3881E55EF6A78968E21CD08,1
0x0D3f929758E39A32a9F1DE7Cd5aA714DEe9DA08d,1
0x80daE65AaB0c4AF49CA42Fb8AD2069ef997BDdAF,1
0xF5F02f1A87cDaDE3d2AFcf576dff5798a64058E7,1
0x05bCCc082Af0c969389677A865A5Bc4570Cb0a23,1
0xde4CF945B202235e09eF579AEC216c6ef57358d5,1
0x740e80640E3bC5008346D34ADdD2194efB2ccF04,1
0xDdc481918147945bcAC26D67971c1d29f60936c0,1
0x27F4b8e27A1Ce153047D5d79F48440ACFC89358E,1
0x202af649C5661cEaCcf3398fA132D641BF6d1f0b,1
0xc23AF0CdAB556D1D6EB7fc6756F6837cE717b0a6,1
0xc0b4b66E8F0aDB5f6dd9E2a3da4b0CC481b7E158,1
0x8fCBC537Cf68074FAf6139E2734438e14e7e882E,1
0x818f6E941E5AF4d532B05458E474775E9FF131b7,1
0xe278B1dcEEF9060970Fd127b8Ae448FE5f8a1891,1
0x8E520AbD10b6ef0Bf77589Cbc99F6010E143B028,1
0x4A59e4D10DD3A65DA2F10397256623D5C457A53f,1
0x7E7530b2A55f043754B26510e87B613c03eB574A,1
0xb7cc24f9ABA08c00bd620Af3D7f9496F2ddCB8Bc,1
0x4D5E44FcFe17A67724b5a3A0a76EA391D54d91b9,1
0x19E06e9bd4b7252547B131dbb015dF091FE195d9,1
0x950c49f8Ee25324039d49C4Cd202d87C6f030033,1
0x184928884bf892376FFD2EC0cB12bc1533BCa767,1
0x00c127777d8e3ba7A7F5734aC62aedD4a87Cf774,1
0x090367D14927C468ea149701b46b10C6b764aa79,1
0x1229C385CDd48221a9Bd3658447D6387a6ac695d,1
0x946c1BF1Ab4Ac5a0Ff7D135a861191B4959a571D,1
0xe404ccd28aa33732A379648ba05d9FAa76d06870,1
0x7B76D6643c51a5f183d248D3a9c11f1480195400,1
0x82B3CA16850198009187D72A2c0027299D5EA1d3,1
0x478EB2B4d237058C0F4f2b3B6863750e26AaE07D,1
0x9F6020297a3AD9eB18f053938831B42783cfB4Dd,1
0x6de674b16Fb965aF7C826644326F67d732D7DDf4,1
0xD11Cd62f1946a14D622D955a598f3028B85A7770,1
0x19fD98B6c22e207780BFB392C7D1CaF9E4e3d0AD,1
0x35a379767fd93003d6bf5Cc8aE6EcAF3C32107b4,1
0xb9B00Bf4129E36377193F6401B0563EAc6ae3153,1
0x5A780948531578E39528904b56c3Af5095437A0A,1
0xABDEe4C527328d62dbDdD14a253D9A57d01000d5,1
0x97ED9Eb4cba036BEC5A18259506D05f784E89AE8,1
0x73fF19d750Fa7CB1EBe49F89C642b81Cf498bFDF,1
0x8a4c64C243dc2B73905E36778b36c8aB2791f826,1
0x421709CC01d36251CB35Ab6e38fd2Bc604A4Fa79,1
0x998E7D3A9FA2bC32ee10ED4905e11Ef1A411035F,1
0x44bB88dF0710a6fB3bc1E29Ef4011f28ba8d822e,1
0x21c771674980BdC86Ea8bD638d54411F337dC3e1,1
0x56c4924FDA0a46490f2135Ca259e7Bf1aFfE9B52,1
0x77cEeB34Df72740D9C2cC848F9C7D61720E85A0A,1
0xeA15497E6c4407F9a8B7D7848B0d0309811540A0,1
0x314C69bD3ed24289cbd642127D936C0B880d8A6c,1
0xd8d86ff6Becc9f16e845399F24647e991Fe2a91A,1
0xD4B3dE172D33BAC27219Ef7c75B5628Ba9f3Bc79,1
0xC461262393bc6A8DfE7FFD86fF996812Dd94195f,1
0xE6705116Ef1249e10A53b96aC27cE6d3f1EF5b46,1
0xF0B39DE459Ba00c3aA3a96976124c948c7DE6C8E,1
0x63221FC8A39CE26015C675aAa6D7B40091FeD7ee,1
0x453c71FEfB6D68F8d58bDEc58A3D17d6948a5483,1
0x98C0e038cd51ad461795fBC095BFc85Ac8c36E1B,1
0x60dC9173C9587eb3be1b05001d30D35942afD79a,1
0x08cF6476EA0f7f1fEcC3B10468039FA3cB7369b2,1
0xAE8387aC38D63fd5b2B5C77e6b7ae7c281a586db,1
0xD69969358d1ca6725Aeb659e8E842B7BEE5D2A17,1
0xba4456c3b45614b2b1Abf9F05CB837a3015882A2,1
0x2ba582cdbffFb09D2D10477925fF6019b4113Ca7,1
0x94c5786c941C45b9558dec6bFC9A59E9FCDe3EB6,1
0x4824546a5bE48D78A75760eb79A5b2cA4EF274F4,1
0xE46E02B320f5964e110b35BF39A6773aF49243DC,1
0x2cc1aF32783EC7DEe919905D3accD5c215027D65,1
0xC63a92De85Bb71AF2acF9645dAA67e7c38DA117E,1
0x4E10fC9b4AE4f60cB58dF29AEA4b626A10159CD8,1
0x4548C3C7bbcEf22E609A0B39F66cc76E2F550EC6,1
0x77393aEaFc6dFb490d2659cdFc1a22609499d92f,1
0x1493d7F7672920221d0200032bAc7BcFdD628109,1
0xf5f0320E92921515613B7d8E1c249dFe7A53f569,1
0xc6897c8F7Adb6FC6F7aB66c24e75cb0c697C38c0,1
0x38F152ca190C6Bcbfd7DA14495c1CA747E7C5E76,1
0xD6461533463AEc1a43E5Add86f67a5AcF40e28F0,1
0x3dE3c69e286BF5F5B43DfcabFb8921b6295c02E9,1
0x99C1905B9Ac3CC2e3CC9B6DE89642741F5b47bD9,1
0x6d58D4ee9547aB5Ca680535409615F595B691003,1
0x48bC9F838550656618B86054ECBC30Fcd54c006D,1
0xB64d4753f179798806ac7E9E2bc75CeCF5e3672c,1
0x4F3A20AE79240D719032043ebbB33016881D6428,1
0x591353c3348A0515a5C91f6c6AF68fB73AB1B00a,1
0xa7A28C87FDb3F2014129e7815D3d6e034eE27313,1
0x37752a60a937F3Fe9eCBf01f8f09845AD4D8c70C,1
0x8AC2F66c7f01902dFfb4c5A5262fc55E6018c311,1
0xB4CC43b45341C88ea5027992683e2a9cfbFACCE3,1
0xbe5061d52175f108551863c5483534eC149f8006,1
0xc53aFD3BAEDDF80ecB6D5cEe24ac797E0206481d,1
0x3357b72B6467f2A74EA6B23173DE8dA513d38b5D,1
0x000000006F457c0f8F560333d9c2877287d92a92,1
0x65EF77bB20593f65a95be98eBd12E11A642E3C27,1
0xdB745BDFd8E86e5f6d725867970ab1E9C2d46278,1
0x8491A66d6447802338c68F4E2fd84DF679b7E4Ca,1
0xD08827a4c1211E9C3F92466cCBeA97f8F5C5D7d4,1
0xD40ED4142B179443d35De191aFC0303895667FD7,1
0x6Dbb7e4c3800a255C2CaE29a43cd1CCD2300450d,1
0x586e750329bfaCb1E771d9BE910309C4Ea72291C,1
0xb796Fb1eb99205C8b41bC56bE8feb26128540D25,1
0x905f7a234e28F7B8a47F76B5966061C63C78C8a2,1
0x69720605151e6966b660b30105CF84356301193C,1
0xd7bA240D14d261c5a91ad61CaCE068a622c2E15d,1
0x74c78aD3397245B1f1b9b61CE9b7fe8D9ec7D6D3,1
0x84A78A8864331F54582F29259421f09e69F4c755,1
0x0972C5C77EbF94f0E7DEB711b47208e4Db63F13E,1
0x949eC2EaCBd07037a81C6Df02cAa30c324817b69,1
0x6466C3D204AD26A207c2c1C931884e3A89A92358,1
0x302e77a1Cf8DBc36a24c6acE7aa803fF02c94852,1
0x5D39f7c07757A510ff1B4587a1d61F646F6D43C5,1
0x9b850a64Dfd7aDc0aB718Fa1906561118EB4f497,1
0x3D6789F7F939AF48f4e71cAC95A2E9570a1Af03D,1
0x7C2910f47C049484Bf11d87992734713ceA7c896,1
0xfC7842D80A0B42c0a43E329e7f7a2fF6CB851Ea7,1
0x0e86E604cE320E0a227B748d62c5eC4523825e3F,1
0x90C8031397A7bE683fc962Ce973c6848C069099f,1
0x21673B54eBf979F55451b7eF71AAf1f67D414068,1
0x06A4D2d2146a027542b7E83C14aeD637b8EBfF84,1
0x389aD3700E5bCcab1f90fbc0B60F6Ee7558952b9,1
0x2A8923f68a41F7Fe51fC483ceB0A52dcf6f46f3D,1
0xB1C70e6006228Bd3a1D687D9D31BF0578c9a16b9,1
0xD49104662583E1928daA8758b0cb3d4153C95096,1
0x16Ab229cC554B86499327f4c8052f7feFE487556,1
0x11B49D03e0A6E48940EfAE7010cf0d8f2d2BF1b2,1
0x08ff5a8723E9e8b811Ce980F39Bc8D9F59E0056A,1
0xdF34FFC8ab6A65fc9BB93c85450096Eb24b58A45,1
0x4d353d2BDF1513B02a1AD1c7912Bb24023BC0367,1
0x5444EaCC3d709ed09BcF6d8621453D8951368B5C,1
0xc0D07138e9A56B0b37e98907e39732e7Eb6f6B69,1
0x09e9d2106B37e650BAeF65DB7087aa2d8202fF7C,1
0xCD0bCe8e81E89b661EaaFD3acF3202cB3AdCEB5A,1
0x0335926E542bD2f9a2e2AB4ce9b8D990e47bc147,1
0xa1C06499d466BC444bB45Af02d5532F373bff4FE,1
0x9198dfd2914cdE6470080bbA5d56219A767de826,1
0xeCFBc7135c3596788d9a1Cbf097a5E287F9760E6,1
0x89C3a05c10F404Ba36FdFAd1d0a72b1CcdD40dc4,1
0x21854447268544287f63186936236d73C123b9F8,1
0xDd441D8935685E22Bcc044a3F98e06ABfae79a81,1
0x3B5ceA4100Fc3C00d17Ffa96830A1F65aDfF6e49,1
0x460b61bc1eEbe709cD302b685E62DF3EF712e812,1
0x200aA8f3ac3DDEd76ad89d3cc4789a8FF26586E2,1
0xb2E015753Bb94e55cE6ab45DFFB6C723825c61C0,1
0x31A44296485A9001D6f7ABa6A7531437fB584405,1
0xdd528d2B17840A00A516961df5Caf44ceD94FaBe,1
0xa151d7C51C1c45Fa9479f62F26837829d6a2a50b,1
0xb7e1d94C4070561dD67eCefCF8621eC5904C226b,1
0xfDF13576D654c42135B8fF3Aa1CB47b1BD6FB2c4,1
0xd5dC41443A66Ff10F4cF25010C25045E7CFB96aB,1
0x9159dEC1ab7388484FD992a2692730BB3F20E12A,1
0x89Faa2d771C556f5B9E3462Fe530b818c8aD8746,1
0x394b070F24Fd830e38F4ED40ae6B13eaFEA5670d,1
0x992aa4cA89e9ADBb8d9B662C0591198419b2230E,1
0x80f6C4dCf6420Eacd45ffe66b99eC6DCF7415e21,1
0xD111c1F86dE8C17Aeb01500B57d9fbf4ABa6Bae0,1
0x5e7Dfa90FB03804a944a629c898462308C687a84,1
0x0808BeC07FdF2E3471Ec0C268B5C751689E7F75d,1
0x0161D8aB5B9dD0Ed1026Ddd337555f4a864B2B53,1
0x70f3C3F1B0184dCc3d86CF5cE15D0248fFFf9711,1
0x2cFa5Ac064FafB3071FF6982A2db2e2959cd33e5,1
0x9B251E060D403805E70955De640cd57A772Ad85e,1
0x334cB78fe2a7af7F3714203c246F271CFA69a21D,1
0x62267e9A5388a4Af98Dbd67fE72e7ed4cA2d0F25,1
0x83970eeaD2E0387b839F582e851da525BCA7566b,1
0xA44B12B52e4B6dD4F7C1d297B0804F719A48e1c4,1
0x00c3c2c8C9251dc09d0A505cEDD98B805207E64a,1
0x2843345Cab92696FC7C9212Dd4b70983488044BF,1
0xCaFaf66a3299AcA892150052eA100a6Eb9103385,1
0x488dc354B35a9687Caa6Ef26AAf2e3f6F01068b9,1
0xca95ADC9189d5a0Dc648244668B780e3007215E8,1
0xE863f0595561d4F603012B741cCA33E386EC4050,1
0xB9c3Cb33b41CF9b8EBCa346A021E19dCD683BEfb,1
0xfA8d154d2c2f28Caa1c59b673AeC0aC55Ed037fc,1
0xEe80b0c19AB5f83A149639b8C87df4D18865dfB9,1
0xb8343fac457B2bA68981839693E60249C79c70f8,1
0x05CBA753F6eb12883817f7B6D172A50389Cfa501,1
0xa47A1D20B091C2Ec1a0FCa2e302cd5790221839B,1
0x9d5deDFA8BC87b12A04eEfB77Af411250e389245,1
0x0000a50504B7E8C85BfA46F8B5F6B9377097aBFF,1
0x44a7715Bd1B6b802E94b6B89C4D7157D4040586B,1
0x89f982EeFff6e6Cd8E4F4DcA6d290a6D6208c291,1
0xc0A9FD6b5E9f46dA395dc61fFF2F9b5BE7e0fF41,1
0x4FaC36Db18a86dd8b17C5306E319FA608B270B58,1
0x0e354f42370357b39884a7E833c710e282b54818,1
0x6420bf8880248DB4cb5cb7110a8d27ca93d15941,1
0x40656605ba8247cd672473dDF121A4Bb9B1Fdc00,1
0x87BB89F10dd62cdE0AD4777448e995556860Dc18,1
0x9A1F1477B5CBa834242EA682b8D220D042cd0a55,1
0xAbadB8476ca4F5C9EC081f23A8a08A4d986A1D3b,1
0x0132A3087DeF8f8E8addC7D8a96cd349A92016E8,1
0xB40bD142Db1B8ee92b1bAf90264e21d6fCd5b7c3,1
0x0772f0ad91F024031769EF0338316f7Ee8B86F0F,1
0x0294B2523829ea287A8aa9E7e85f5dC48C221174,1
0x17F5f067958E7e24F94853b40e3abe968943Edb2,1
0x66818d373b02AC334d2Be24Bc72dF534198bB415,1
0x3094E92dA20e05b1DC4EB68a0970ad8D23A90B33,1
0x536add44676ccB599796DfDfc570DA9F6d37537a,1
0xB25507813d36acB4D4F7Ba7c5fbA11f5e2f30d17,1
0xcDFb02a11E3D8473Ca11bdA5f2403674192d745C,1
0x4E5fAf22cCbC62d9d521f010A2A4f41FCB7B6CD0,1
0x98e3A1fCCF50513500a6d365cc01f72F2827F51D,1
0xce9832634424292f9cf680E426e4fF832016b139,1
0x65489C0A3b956328A65096988A389fbDD2Dd7e63,1
0xF13A1B27AfBE9fF63d037b96C6295ea1507a0baA,1
0x1A3F54016a9701d9338a06088E7CEd73E2fcBfFc,1
0xF3Fd9B758378Bf2E34aD101862aD5efC828802eC,1
0x346d9b53BF0c90ed97f3324ba6037a33a2C20C60,1
0x2F6f8CB777F7511CecDc9e9eBd3D9002d1Ab0e61,1
0xb384d928B3F4534DC373067432C7faC1cf5D1723,1
0x1Ed578007756646B4152d330ae137282233AF06d,1
0x988577bCcD45E662C86b07121E52421785CC2dBe,1
0x43bCA716865C79486B08f9Ebc509DD6B7372915E,1
0x2899D342d411e4981B33Ff324D101106697467E1,1
0x7F2Db4a78D86671aA4cA02a7DB2ca18088819d24,1
0xBB9e36B0943BE20f4190FB1835d943D03526fea6,1
0xFE14e258A9A28E9d76F5394fF5F074343265a2aD,1
0x8a502933d2Bae32387D78B709b7F0096e95f9902,1
0xEa2FC2ED571daF216cd30FDD71f310109d6bb318,1
0x8DFEDB1F62820222eC8Ff4D68dDcD86b71116D37,1
0x4609f6fB6A3D81B6C3689061AE76d3b812A272d8,1
0xe57731084d7020D390bfdC29B906B84f260a24c1,1
0x7C7c43dCb9397E4ed6cD59E6D254916c7A44d63E,1
0xA946D7F287Cb836Eb7dF3133bF7E0BB4096d1648,1
0x20509D1E8ffbfb5F46E4cDA45FF5Dfa97AB939AA,1
0x1C3ACb68D71B7Bc45862B6576AD48AdE99157774,1
0x7a071330eC0b95f626000FDf9A851c9922AFD659,1
0xAA72eA81A05049D716E863C9a67175df672b5686,1
0xdA3D184BA9CE168EFc779427A0DAaa1895dc6d27,1
0x4FFfc65b716015DD64d5FF2cB6CaDAa0d74Cc118,1
0xC87D51a80A0BE0ea55a3CC110Db71D8d27cbD003,1
0xE4514a65C70D5f394163010E20AbF2Cf2B17B9A0,1
0x548B0a54458E342483432de13E96dC7Eed962596,1
0x1bA0faC06683E4CeE5720440B3f0b37a8bAB1575,1
0x72E2B17A68896642b434D6DEBDb4c853EDAF3634,1
0x82A79d9aC25879FbF8776eAc600262aDAEfA30cC,1
0xAb60Aae7D5333BE47067730c81Ab54E3225F5851,1
0x4ae9eF198A62dDa4C9B25a46A076357EE2FDC4d3,1
0x66962473d9eeEA760De3Cb5b534a6fc282aaBE32,1
0x72cf166DFB8f06bFf49eB8153B1347DebBDb95c0,1
0x12F509a58087b28aaee1BBE47205E34877EE0d08,1
0xBd6239C56a7127CD583b10eD460c4E73BC91b866,1
0xf560b746804a6c1Bd3772F52804FDd20F0B27BD8,1
0xD3377c07bc6f8d382b106Eb2d6722a69feC2887A,1
0xbe9009eFA1bc5a7b1Ad549BFC0cdf77b5ade967C,1
0xc41c394A14542f9F770427588Efde640d99b2E3e,1
0xd166f7E18b2eea1aB7b03df5D38d9753cB22d1d3,1
0xb8450268e5Dc5Fa5f32F69BCd4a821BC78C6e441,1
0x5E46F1AE9115402949d12FBBdC601c0DCf1E292d,1
0xfB3ced44B94c012Cd52f783E2b37Ca9f3a994b0a,1
0xEC06Fa5d229b4e7923D2b99D5CC713edC2d5fA97,1
0xC6e330e8c09cB8192CC72F7b0B49C7B38Ef2Efa2,1
0x40175ec0556579CFC91BD7183314A8e9Dbf2b334,1
0xd545011A2E6d3c529B622c72c26EaE6E47376337,1
0x2D6a461dC13Bc199D0985dAF34acd9a67ADC85d9,1
0x7a49D064f8556e345Ed47E39FD6D98e1a81F8Bc3,1
0x3Fad26934f2448Ae23C98454935Db75F00CFbaC2,1
0xc5a85b60C2015d6Be77fA5191f638F497a0123Eb,1
0x271933d1DAFFEC39E1E8c805DbAFf4e10eCd00BB,1
0xD0001B4929809F8d812c6f5D0Fca3eAbAE182418,1
0x22a5076ADe9b3E43494be2143E10d7785a6BfF6a,1
0x05d89702Ad4b1C8B816E658Ec40b148342c614d4,1
0xBD54De3Ee9b843bEEAC5A68c4484E4F1d9882c6E,1
0x63De20938CD4A10c382Ee6c6ae5b4864428948b9,1
0x8A05598dc7caf0B0554c7B594aB16d1d262eF8d5,1
0x7864f6C9b0F22ec5C806cD36444f3422D36a0183,1
0x2Da55bf3AF0A0E48D958661e64Db4Fa254b71D2A,1
0x1AF5b0e0d7674Ac3DEE063E328DC6fa2c2551AAB,1
0x480867782D58b5fB815d9C3EdC0562F8DaAE6805,1
0x4c5afD022Ff0c6CDEfd0Aa5AC51FD21684D2fF76,1
0x192764038E4aEfd69536414e105002EE43ab5D46,1
0xfD6e7C0AD4C033E9FBf3DDb7DFd6C4f45d9153a6,1
0xD635CA708649774041C1a277c6Ca00E796c4d996,1
0xf8f5aF3c759EF3ebED83fbE971B2a233F51e517c,1
0x15d95d0Cc6EEB9C8062A4D96B8547CC6ECe2C579,1
0xf968B1E4F9E508f511bCd10fC21CE17e9b3FBd46,1
0xdbb9EEe94964E1C483056b0EA8cC036C9aF36FdF,1
0xa66a00Bc2B9b44EB02aB37E044BABEA6E1f255a8,1
0x3B9E2aDD84f9d8A2751B437F2389EBf516cc3A21,1
0x3339865ed92b5ac3FE82893F0F3659fa4a4C452f,1
0x341dc8d959d5F1D15BfE76C7f9D56b27a832DBe5,1
0x2F65f7A04A22DbAF8126BA1ad12C821fBD5733Ca,1
0xDEd2842EE66EDeCFDCF9A6a84B16E3d1A40Fb3F4,1
0x4A4E38De548F3bC69cDdb003E5c42C6bca147539,1
0xcF4914Aa2dCcad2B8581eeaF5dB66AdA8C86828A,1
0x59C238a71cBB455d1766F43fC38055977e7e73D1,1
0x8E81c0c3853470BbdCe2127dE7D48E66409A75fA,1
0x57E528661CA3FE5fbd05851899acccA1803b1fd1,1
0xF57D819194E4D24839f8c9bBA4e04b8645571E07,1
0x29cDBeb50b71E085e6255ec716d23527f0044E60,1
0x8B0a1F7f431d1BB95aa67D790645D157A3DCD2Cf,1
0x39623abfc2843b0038CFecC99468195561BC356C,1
0x4999EC56a923a4c25098fDfb48D170b4e5628e65,1
0x9e39b7a0CF886a10531E265e67Ce187819e04631,1
0x7B18575f50Be288F7F23793EdB2eF8725c4F7135,1
0x047B7678422Ce0d69723b3140261a0391c79463b,1
0xA04F756ED8Ba484A4519d49C1961eD0A65C5E5d3,1
0030b99700125d6ad91ac256e7808ba2ba15569409,1
0xcb3319d93970C825F05F79741304719210205f9c,1
0xbe60cAeF7638612492fEB5B8122A38717ba7b926,1
0xbFB0b4a2609855987A1A9c0C0cb39365561Fc11E,1
0x552FEe59E71B36578BefcFd6093ACd58014338c9,1
0x9bd44426F57CD81Dd8536C1f1800Fe6e704f9337,1
0xc474acdB95D04f3e24ac15Fde976881e01E642Fb,1
0x4C615ADA1200e54ea81A4A85F263F1c94Be73DaD,1
0x91bf012D5cC67d7204df05640cD7d0E47E40d5e8,1
0xFeB6Ef8E5E2B81072FD1ed14DD7922cA9CcF059C,1
0xeCf848F122fC67Db08f1aafA97720D795A8EDFbc,1
0xF4Dc133A7E6deC05344162b43eE212F76C146776,1
0x6e3b1E812051e9C31795a88379CB837050be6787,1
0x0033f47Bd54b89459b1Db4b5011Df7C8fa1A3D77,1
0xbe0973FC9C1b1f9B6E7396d56c0C6237043D2d6E,1
0x0000009c6437ff3D602759c36e546A7aaD8034F7,1
0x36FCC39081773D8F8783Dda9dfA0C1bFF24d76F1,1
0xf27961189030CA612d8e694f322BD969e46A768D,1
0x74654f9D6410209b8a897c4eA05b80BC593EcDE3,1
0x350A0d14133bbf54de414A4f874f50c83f9bf77A,1
0xEEb5a2C4E4E9F065160596523b591c203ff15CbF,1
0xf0447801425e70e29bCFfdabbee0Ce71f0570F92,1
0x177a7E67efB17e79841fEA248519142a446CBCFe,1
0xAf3dAaeB88F1173037bb3BbdF82d3ef2420d4e38,1
0xB8481f328Ae0547089585510902Ae585C79f7d24,1
0x7c5C9b53f92AaeDcd70aaFEdB36Aa9F78B0f7A67,1
0x80cA992e6e7796e8F2a6918B714759D57ebd05a6,1
0x7AC4A1b9665C6628Ffb45E372CeDfFA4E959e2aF,1
0xf016bF29857D0239281145521106ab68f326B95B,1
0xf7D9dC806261494784D7696B02d5773D011e9249,1
0x9330550e1018FD1b1b53B077e3898972A1963ae0,1
0x9B04fce1ECB14efA25d41b43Ed38dBbB57a32738,1
0x092B7935BC947Ce5898bC0162B949DE375e368D3,1
0xe582B2F0e2dd5B4Cd9adAe496c3f5B3eB702c259,1
0x31642748c776298C47fB4D33351CcfdbF22ECdD5,1
0xfeffe3BF194A042D61E179d3EA6C13D5C646CA3F,1
0x2640b79CDCCA6F20d0f052DE0B0D75034F6aA961,1
0x4539E54688016DBCe3198d99a56dD10FFd8D176e,1
0xAeF7A9E8053b8975E05147dee76CfCcA9187955D,1
0xd04DC6aB7535f696381c9cAf09ECb249a271778f,1
0xF07CeA8A16B442A1B9fE7FaE1E153fA473F2D355,1
0x4E6Ca782368e904012A060179e95F33E2cd7347d,1
0xcbC0337a3955d270CF3b49733A9C03D0aF06Dc29,1
0x0BDc3D652d3c28959482225853926BD931067550,1
0x43ad068C623c18Af63fE392E27e153Cdb4472c9c,1
0xE309109f75f56c5a193f846Fa2804D04F2B63721,1
0x7315805Db940D3F933eDBa613C7Da4ec5899EFA2,1
0xBeAa04D443C912746f38d802A605C9886aBc9185,1
0x327D799Fc1Aa1E49270E7c86cB7b70c48d71fE6d,1
0xD9996492fCAB978aD66C7332Daa0429D29e552FE,1
0x2D36d2658B46C509Ecc9BB68D7844bb3ef9D337a,1
0x743463484f0BB568732F6271DebB6dC1c55b6331,1
0x080c842746A57B1905402f180DbB1454EACfEaEB,1
0xFBeFDEdec91613BA0E2375Ee0776dbc7B00EE2Da,1
0x767B5f0800B584dC96262aED811782adf76fAf4D,1
0x08729AA28f996f3ab4832bd5A10c7499e580ecec,1
0x7C0DF2f4D28d3ce61BFB90a7759fA3e420B3Cc48,1
0x0f2EC191E1025b9f1f4d1081b6E28cdb1aEC21ea,1
0xA8525858c72C67Ec30290793095C26AB7E9A4721,1
0xcb25d50Bea3fCB75D2C91C7eae16a08cCEE35749,1
0x187c3F13107D1D2fFe81Dd0aed9cee27F163aa80,1
0x136380202Be970327a45094227Ac1782bEF06B96,1
0x92625c44eF7ac5908145bb5A71F276512e1504CE,1
0xB89Ed55355Ce3Bbd824258983b22446405E67fa1,1
0xAC17F079F2A54EA681df8a149cC5552Bc372Eb18,1
0x70AC3341B8251E8ddB084e761114dAd880BE6EF8,1
0xD04cB096DD687387D3626B298EDb781858B70C66,1
0x397c7F0D5dEf11B87C123765C571D06dB2d299e3,1
0x876d9A3c6b99974CF5d94AB4831B8eEc5b54069E,1
0x4455A28c0fEF7AC968e12db518074D275F30F824,1
0x65B89b987AbA2f4489E786da3D2AA29B769bD910,1
0xDe770ed47Efe294d7e85FF2aF46FF3C83dC2c4B9,1
0x4e6A85fF1b5BC452aD8DB16CBb5925D55A5ca376,1
0x53e4B60A45620F81E7aA913E50D6b2bdEaDE4a72,1
0x15617080903aB141B4565560D1cD27f5080962aa,1
0xC5F10CA27bdd7a47997dC5a61c8D8C33fC5f78c0,1
0x5B5C631F2C8814F439eC280edD312ACF2cd05F7f,1
0x6c4D082E158120d688a140BA6c1BEdC27eb3A0f4,1
0xcC2CeA353dfcB77Ff48EA9F4FB97863e9d69470c,1
0x1fdCc98925d68f7672CC5B19aFa1360Aca54E5F1,1
0xD6c061F37a6DC54c0Ec57aE2676f36641c01174F,1
0x2c38fE5cdd6D24E11eEa2283Ab87C074B786193b,1
0x98349f9Cc9a5A512D6d4C7893AC02d87b33B9881,1
0x9adC06E7E56eBaEb26Cf26d4F20f8B425b777fD7,1
0x1A3AC6bD05637A4d3b9b93354F13417B932cb162,1
0x970f12fF3367dEfaCC492Ec666F9aAc23D9b9Abb,1
0x22F3185db0a560F9106D7C84d4A2Ee0255A0aafD,1
0xA97f989B29B2820DF246C94297c6aaf597B225a6,1
0x2f830b0F0fE25055AC812680061c2A52831c17E9,1
0x3fdE1Cb6cE03387E1BbF753E940C62f3c4876470,1
0xEf76c2680C9A3aF2f16bCb9F701EbCF2EE971C32,1
0x97ee4a76C055aFF4697472C209487Dcf85426292,1
0xA1BDef021e7cDbBDEB7feDb8bA9965966B13Eab5,1
0xE1f488Bf672582999ce9A51A0d5D3423f45ba49C,1
0x73d6D914339C9f5b17e938F8612CCC58ebb45FF9,1
0x193486dC877803C15F1bE888f1676eA435eae0CC,1
0xD6e3d595fd78fccd8E52e7782AdD2ce91A264A72,1
0x67aEAe1Def34ACd37A785949edCb61b745491467,1
0x78037666829dC657Ecc0d64ed7fE0a8C5858d5FF,1
0x080b31BaF8f12d5f7456fD7A80CBDBa7Ced696D4,1
0x1681f6dab7Cf97F3434908dF9d05Eb7895Ad3E53,1
0x0eB7D39f70D4A736f1C96C818F125729C7F72409,1
0xd119cfEF25C1e1F9Ce337055a055A70693c7345b,1
0xA10c2769620C473cc0C1d434Bf67B23C2EC1B679,1
0xcd62bccD1F7f9e1aB6eCA9Cb961Dadc50fCEA227,1
0x7Dd37F21a84e81f77A61f0Ff6FD4d9Bd83680E19,1
0xAa0528Bb5a691939483bE6435a38Da7Cf1c289b5,1
0xa09Df8844F4Db44c01c34db62a9A3E566dfA1eb7,1
0xC4EDcCFe7EECAB346AA9C8a3843EdDe74FB66538,1
0xCa03640be3598995fE6cF9a6D6BA6F3a9dd1400C,1
0x74c4DF5bA7eA2e1Ea80c89C2f074aC0B9a852273,1
0xe6b7b24bDCbC933083F778c0Fd12754BD881464a,1
0x7890dE1c91fd2e1F1BD9fb96c30114Cf93CCECA8,1
0xdf5580ED3D02F01528Eac56a2047110c7dE9e8D3,1
0xb26Aed96BFEeAF5923b54B3bc95eDd7E39B38722,1
0x0c057aaB3EcCA2Bee6927b07558fc4A757DBcF2a,1
0x7e136FC04b10885E7067c9009f0236f8EDD0035B,1
0xc45485D77E0a92245d69986cf25Ddf9780f118c8,1
0xe34E658f26E48eC8aEa60b1C356B3A8F791e38fD,1
0xc9aa162b88D09A491b23c38B23Faaaf3DaC96585,1
0x2AE36d6C227609601338c02bccB3091c2bEE58E5,1
0x5188c87896d52A6da0AbE53fe75013EC9e64078F,1
0xD48F65dB8a8AE979f5836c42a43645292553b40d,1
0xE10cfb77C428ADAceee605410cEfA7C9B166C291,1
0x568dd376fd08d93CC5279Ed5F5804e2E84663a2f,1
0x8AFc761f52D0b9fB91a2E9C9da2F69a31af9a187,1
0x38aA1E19CcF8e37EA019BbF450DF2C15DbD0DDA8,1
0xC4D3BB4A23B99E05fDa5C8C8A93f1A913d7C500F,1
0xc31298859aa3007658cC0Da22ef20d7b700c925e,1
0x8486bB636E71b548cD0A4792708E7957dDc89f4C,1
0xa3160150C41f069023E5678c3514a031c9024C26,1
0x3A0D5c9b8528fE63C7E2Fe8957f81f0826704946,1
0x0063052772F10343caE16354F5c6B792C6F58CC5,1
0x7CBBE99E7857Dbee449985D058660F23ceA306ee,1
0xAbE447Fe90D8BBd12aec54eEE5356183D046d57b,1
0x1a6F61fB4A5C3E3e0cB61f4b7c32dCA02eA41a38,1
0xa580f5AaF77090eB959B6f4814E2dE359e484fd7,1
0x446B13F1Ae0BE4c85A2FF77FC13de392132862C9,1
0xAd97505ebBcEd4b59eF65663fE29c54F00316c7d,1
0xD8A072047cCaAC057ebaCEbe6849e9bAfd516dd3,1
0x8fe6B7643337404aeb4b3ecAeb47FE3D463bcb77,1
0x4aF468EC0C69A043E41e444a6A3f4981DAd776dA,1
0xD18c6227453aC2FA318B2C0a94A31182C10d7145,1
0xEaCA251873b3bB8CD5804485D1eD0e8f41Ab908B,1
0xc017C97Ca89aD18bA175aa984B189D6801f60A50,1
0xB5beDe296E239A0963bf0A71AA737770E7474543,1
0x69a00932349603AF17990248c1d5c5A0aAAed619,1
0x4D39515136ebE55D8bDCFDc25c7159a6E82aa971,1
0x6212423B7c0988474863B7541e4e0E78300A0870,1
0xC6e29221898FB5A07D52bfbbfDf8bB66cd181055,1
0xbe983Ca4cd979B2947f03A3382134F142E143460,1
0x8033f8628Be2F688399EeD64a6Cd8d127E96693A,1
0x95B533de19F846b4505ef9A83C7028c45A2C6e7C,1
0x800f6001eD9F177F6842CFdba473b0CFACA9F18A,1
0xE924e8ECD6d8625082eB7f034Baf5f0B56761Ee7,1
0x14DdE83BA9F77E39c157f129b529D84cB04182aa,1
0x3B7FE0369A34125782F8D3D9419284f692D41b0C,1
0xa08e0FeE921525286d8720601C4C414DA1ceDF75,1
0x00000E0e2E6298505A639A340845F60a0eeA8528,1
0x5bF096DBe20ACF093f7D8da5528Cbb77CcB3475d,1
0x41550C21fB835a5795762c3a311F11FD0f0C4E82,1
0xCb08f7Bb973455466369F0A3A2653b7D9E903c0E,1
0x117f1389Dee487F50Ca3480Ba7AdB2D214B9117e,1
0xD7952f090ccb70d694295c257877cE3712abFe30,1
0x35B3f048F6c9dD8Ffb84Ac34d5E73C66B2a8c592,1
0x887804bD3c919afFD7de5f33778124374dD1A289,1
0x88Acd58b59D1D1fca74dcd5dAadbd6dF3827F999,1
0x88C82Fc49a09C263a2743c94DeDF3B3e041BFeE4,1
0x9c07292da7D490a55ab06cF872696c9D21366Bf7,1
0xd5af36114FC52e9eBF07B68c12d07f1147395cEe,1
0xEd9C18fcc15c02b8B590354dd46C014c62F3DCDE,1
0x5e375B1247bC19dEbc350695976e5fA7ef958097,1
0x97C7f6DeAA4d30aC237585447D3c196ae6661c87,1
0x08b705B71C88FD4E2Ef3787E52A580Ae5Aaa87c0,1
0x0E8b9bc69f7C21dDC3E1aEe06fe939a9c6b0326A,1
0x296432b218EcdE0C869D8461b323C6FA2c7392eb,1
0x9994B392045A1D2aEf5e72D2EF70b0F61e3A2322,1
0xFC3C787Fc5a58a9A02077Ca5cD6900e2fDA0c94D,1
0x724AF1792d5bF8B5a40e74995609D8B50AC83282,1
0xb396b061a09706f7C5F1B02E3140c5F5f06b7Bb5,1
0xe3b43b615500aD2ad63a3B21C9e649b4E2d81FD1,1
0x061Bc70Ee8994D5c85723d7CFE6665493840360c,1
0xa2D1589A43d454C672fE62bFC9f741FCc777f1d8,1
0x466e6B73E3DfAF7b6b8181c9a31002e1667BBB35,1
0xa23B29A98F63f8c874634c0f94E9c0D2022EdAa0,1
0xAd843946683F50b10eed3d8091A8B2052DD68B1c,1
0x50F21460496Ce68F302F5a22c7d5A5ac2e075456,1
0x67C14c67444f6164cE26b417D64d68566fE16E9A,1
0x7D9f2234dB6797f797046Fe96C5fFCe39261D04b,1
0x5e97034B9ED6EcFc200120a7C425c95ac5000E8D,1
0x55a75B6DaB623AB4699fa18B7d11d3D4671de63c,1
0x98d474626305194981ae616413A725c84543A171,1
0x61760E7FE6C2d40cDdcb366F8D263BB250C1FF6F,1
0x3dABfd811247462cBe61BF75C97e5EC521eCbA47,1
0x7DfdE5F0cD512C2902C78d388065B0A3157E2266,1
0xAc585a730Dca7DE9f6E262524220e88C5556320C,1
0x34dE6460A9EB7E26Aabb0a997697b8553d5d5C7b,1
0xBa12615b0522542bbA3e10f468E0f38465de95CF,1
0x9578bc4908AE41A6cB81d0B5D0aD23098bbEe357,1
0x322104F68dd41b6006deB2AEAcFc9065a23D1D62,1
0x2F700B42B92D7A443675757B4d134671ad7f0886,1
0x0690452C77f1e36fB3b866098612542d8311E48E,1
0x3088A36762266Bd7887076083A1Fd1D9bbd2E0B9,1
0xf0B771a61686765dA191F1a9D87a1741477362b3,1
0x6946FF357fE2625dc928701e6e22cF950Cf3054E,1
0x9EC5fCEB76b0BCb2F8277EF703f546E2D8A72Be6,1
0xB528Cb1c6d1E22627b41B0A29bc9675F7196278F,1
0xa55a7Ce797a02e0f9f4F935f87AF887Bd25b890f,1
0xf09310b47cC796Ad7f5c8eA8cf2DEf2188178FA8,1
0xD281AC3a656a9BFED37202ec459A8DD9D5959Dc6,1
0xAf63C2DB758E5631E5d70B096C06b46a8aC35e6E,1
0x009cEe532e73ef20832FdAA259a6D0c80106DfD8,1
0x3Db1230de87E2E1C04bbDD8b4032fD5819f2dF76,1
0x351A1451732239c614069447F3E4D2fcA19dCA26,1
0xE699aA340946E7809264F58A0aFB4BA281E46d86,1
0xc1A7C964AC6b157160D245E64Cd05A43E1cdd78E,1
0x1466Db7Ec1FA31307dF8a34641e0c3eD835a0909,1
0x58F0978782f41eaFdAa7CD4789bC39710142c9D5,1
0x5cA2CcB0A103821195b3d1712a7941A2aB89e58f,1
0x2c808c70923176650d86e9CcA4a4E863cb4F8c62,1
0xb1e45eEDD3da28672D3CF0fAFb7639A3C21Fc651,1
0xC0D535bACa891e9104Ac3bafB6D039C4dAE2c995,1
0x58306Cc36224450481b5E2fAc6c21A369eB20dc4,1
0xd0B4D753e89Da82b9547944bf93750C9d18858ef,1
0xd89689470f7810BdAa8E9f424047Df138DfedeE5,1
0xe34acc68c63d2fe769fd7a248fb6bb61ed9e5f89,1
0xd0060dbfecfddbf14995288021c91aea2ee9abf0,1
0x88A95db574EDf2C250A2D1B268BDE8aC72941bfF,1
0x0517c35043260979b3ab3d509bbfb84ff743001b,1
0x39282d686c819ed8b5262bca5184132f9d9895ca,1
0x8C017ABB043c65AF7580B8CEeC64fd7d405bFC55,1
0xb0Aa6DF0B24a7b4EA679FD031cE753526d3Bdb23,1
0x57Dcbe7B0C745c3207AdDF237957aaa12C7Fa006,1
0x3d225eaab864385957940e24f1b675ba8d757ad7,1
0x8E7E78311EbC3f223e7359187b6C5F0557e4783d,1
0x07118A06b24D688312a375384BdCA721635602B3,1
0xFE4cE279e1f5938dBEBE810f904c945d996a3C8C,1
0xd6e20Cd3884E3de85f149a2B8E6063918E2cfc46,1
0x10Da3A29D44E396F4771aaefB600Bb2e631888B1,1
0x5C18EC120eCc2BfacCC7C09cc1A41860fD163F54,1
0x0E13fd2df1ff5ef6FDC08Ab3f9FA9aad26D6c27b,1
0x047330e96692e66B43f62a4492A553F94a9a17c8,1
0x50ACbD471105889778C8c66800e3D2bb941D32cE,1
0xDCb260C06396Fb6010442C9E71fC0c0e57747F03,1
0x1aE1b21cE2b4B28078AC8Cd507a9d3cF484249a2,1
0x740EAFe072Ad3E617954628f4a5FEb206Ac33392,1
0x4F4C3a3AB3423866849B986B60Eb53Df2E8602E4,1
0x61e6F8812198E172a6104f8C956e4B58859BFAb8,1
0xb6de2f25d47f7246573ee50737f8962f2d34af76,1
0x64Cf57F9dc14d13BC3a28ca01cd5c253d056FB08,1
0x1EB5d8715b498C87081f0c70aB250B40808dEaA9,1
0x7298573758538F58f375B6C99b6B8bA7fA02EEdD,1
0x1DAE8cA897f3a57879339cD24353d650C9eDe6dF,1
0xa2eadf509870570e85d5dda31f5d5effcfcf5c30,1
0xd8da6bf26964af9d7eed9e03e53415d37aa96045,1
0x53b0f2884ac980a14903f225ce8614ec1d87d775,1
0xbd2dfb002bf57d202bcd540eb5b5a245de88a5d8,1
0x997a5447048334fceacd686be7e6d09ccfa28bcb,1
0xea551f4f2988827a4bfe1ec0171e3e072039311e,1
0x170f5c0c1fad8c33f14a145aa5fa6421ec01efe7,1
0x01f7d3ca04a5ba5cc442c6210aa6eddf0cfb317f,1
0x14b7d693e9c7be9991560240876617e518e0fab8,1
0xc1bcdfb8789bf6bfc7852b97ffa4584583b5e53d,1
0xfc2ed32fb51904e6618f81ce446e69a3ffa96687,1
0x68fbbc83fdea6350831ab108fda3d257f227eb37,1
0xbca722d3840bfbc8e63bd3125e32e8bb93b3e840,1
0x567c14a93fd77164ea7564c134d6d7591b2752df,1
0x701c33eb5875147f5e3d5f83f21817a8a8a00a8e,1
0x139b8de12821fc66097b03020ae087a714d4f154,1
0x0aa32c7d8db0fff08aaa95f3a4ca4aa4bc99f4d4,1
0x2526fd14894524239ae878c878293a2cd65f9989,1
0xc3fc41630626e283347d49fd7c5f125c9072d08d,1
0x6a9ee108f659f1e25fa855f67914a1b63631b92a,1
0x430244108de92065ee753d4fbbef0ddfc67f549e,1
0x4051b319edf8ca5f91ec0c00636f7185237691f2,1
0x470c67b8018fb555e2183c906d13f84808753933,1
0xd0623ddd2dbaeb0778b3ef46e15228d8bf957999,1
0xc01c68ce12e8393f9ff9ac5b0e71d17b33011a07,1
0xc1fc0d4a4c918984ea1b449a2eb658056ca7ec32,1
0x89314d6a4000f5d1fa1fab0e54484195fc076755,1
0x3b5712dea7a4b4524cc09268379a05b73f990b67,1
0xaa53e4b6181d2662791cb8ecd52e3720226343fd,1
0x6a53a26cc1adb411922a12fb8e46a5cb618b7522,1
0xbbd3b2bc7b8b623e99edc86b3117fa4d91fc39d7,1
0x6b08394fbba2f5e84de2d3e286859453df86d749,1
0x1a72adb9cf446e13a66131b7a8eb5e0b4ee96549,1
0x26211980d37dde2916d88ea834eae097858e5071,1
0xa92d6dcfa5a7c23d1f08ebd93e26d478bb70a8ef,1
0xfa57651cbe234cc6ec9d835ccb875e421e913b37,1
0x51913129fcdc9e6fb52388f98f9730176301eaf1,1
0x85d3ed4969b32d6c6ca5707f926003661103d3c0,1
0x6964f870aa07461521ba2f947837a00e0a4c008b,1
0xae6c96466611bfcb1a2917456ef45d0e852c8bcf,1
0xe871a0807c4571ca3921b1bab08247a305436efa,1
0xd18d52f5316f750b837d8d65512f475c0b523a86,1
0x6ed110e72e30da82a1ebd9211051d32b5f64b463,1
0x12bc5fa1e3f7916d859876dfb13a5ba6cf78be70,1
0x8e7ed8bc5b47b3565da6553a3754b8abd5bdb803,1
0x7fb353ca2388cf26bd8b0527b1d5ca0bcaf90682,1
0x3e1aaa4eda0e250caead955b5c116bca4753c324,1
0x5f882111050b0f905dae870ef88d16dcd06f4ee4,1
0xcb7e86d865726ba1d2af9820192da18bad9268f6,1
0x40dd54e5f14b206ddc387aa5405e005cb407fc80,1
0x59fd3241c15f6bdd027ae68a047f2920f8d262b3,1
0xbaa0b6ea09f8b387191b8465d809f8fb078142d3,1
0x3b53b6e5dd85c95ed1ea5641e7f09ec89ef2b6c3,1
0xeaa23ca1f487ea82548275c8bf799a1546db034e,1
0xa7f1b57adf829fd6c3d8220f5bdfb03965b2961f,1
0x33528b83a7a99da8442c50afa94a9b35694ad4fa,1
0x3141710a7ec92cf3f13e5e00d10798c90275e151,1
0x8a84b04e795d8e67f51438974729b663862b6f5f,1
0x7513159a9ad0d8cc9c6c952a5aee9fca770a1242,1
0xf13505c0ada30905b228ea4f543dc2bc4b80f899,1
0x241f4e3c95f9b6a86ef43fbd3fbc78c341098070,1
0x1911c59a170223846a9b99e28c005cd1fcc99a8d,1
0x7a9829cb39e12ca7ffa5d76a17bcf619aa630fa7,1
0x9e176654f437bab705941df1931b32d02209b819,1
0xb41702f7981629b912b3806f0139f5fe94ecc215,1
0x647d7c80ab02fc5856ef3cf827273c670ee3b579,1
0xe429a0193275b91ebfa80acabff33243fe14a0a0,1
0x5af5f29087a692294e0a03d4b0172da01e1f1d9c,1
0x57ed31a2df4f065469c96089a47acc1ebc7fc751,1
0x15ec484c32ed55a9c169a1e4f5a7c67ad737e593,1
0x13dd8b8f54c3b54860f8d41a6fbff7ffc6bf01ef,1
0x22a599aa926399b69387cbaf06b47cfcab00cc3f,1
0x2bb7f2c869fd2d7ef14bd3942fbcf6916a8faf10,1
0x5278bd8fbb6a3a63e26adaf8e79866dc7db4c434,1
0xe4924b5ec9a49e6564c75e64e65cf6dd797b5119,1
0xbdc41991f4e01561a4209877badf4355f93fa385,1
0x41c26f85afb32cc0dc278a1f8228cd9b37e12097,1
0x738c7910fdd0cf09943c313ecb3fa70ac7fe15f9,1
0x0f843f224f2f378288967af52bc122763f859a5e,1
0xc700359545746b1f3e96cba0c5950dd4ee61f78c,1
0xacedf40ab3554f7c176943e509a6c98adee049e9,1
0xf0193df47411eaf686ddbd99276572210838bcf3,1
0xb98a1402d26f9735d3b1bd93230957a2b7094c68,1
0xb247ace11816a6997729caa9587a9b926e84450c,1
0xb9eb35b719f5eae829174bfa781eabceecd1ba1a,1
0x521e68d99bc6f9cf27275ad7fa9a3ddd28fae825,1
0x2968cfbdbe0421980b705071c6dfe0c79cd2db2a,1
0xb8d06dbbe6caf6214d7351f108d8d3dcc0ea8115,1
0xec491eefc78dcaacb2c2e55f26ef2c66417b7103,1
0xf18a8b146a3a4a62231f0ec592553e6567f16dcf,1
0x584348d34ee5c1491ff70c297fb0e0459b354ba6,1
0xa39b9bb949b08a7cc53e564f3544812bf0f410fb,1
0x7267f7bbdafc30e20d50c68479bdc5de0e31e44f,1
0xf82e9b4ac6a448fa95ffa921cf81148c84a3243e,1
0x1b57d711e45cd1dcbc4269cc734dc28b0bfe4d02,1
0x59a302fb51ed2d548d5080ff621735ecee5ed18f,1
0xa181d93387df684ad94d79f40e77e16f1bfe1a39,1
0xb8fd05898a5436328f800b155f1b43232258e8e9,1
0x2b4a4cf178b4924d2607f9f587e3bda6ffc4b9bd,1
0xca4ffd1c27f05aaf62d7935560d5a5dd8b8b6d0e,1
0x2af9b41f43182984063659271b0f0004a56b0f9a,1
0x1c4e33d0ab441ff12ae24bffe1c82dd9db74f92c,1
0x5e2789c3c97b27a09b224a617536c1c655f0aa43,1
0x5633ee575c9b3f9cade63e67ba118fe51a17b845,1
0x7c848863f4cf98259f203e5bfcb071b1ab9f1a67,1
0x2a39c80c5dd5669028fcc012926cbbc86b1c383d,1
0x3aee260fba89a6b0e461a607f40e7786ce373caa,1
0x1500b181683dd93b776c29c703feb87192cc4afe,1
0x0c226c792e51c0968c603341bab8297277bf8f50,1
0xca69cc521f24eae43094cb450dc6432a6e1b729a,1
0xe30aebc33756adf5eef7ce8c47daaa98238dd6c7,1
0x1032aeff8e934956913e39205f1610eeabcfbfc3,1
0xf194c7dd5f013eed0588cd6f07ee0280da1e061f,1
0x7fc8cd8583f1fe0ed6549c834dc31894d0f79b11,1
0x26a316d025fac13ad74176a433e32c42fa5e1298,1
0x07e9d82509fb578aae8e85e151660d6694e9112b,1
0xa060538cb7f29e69e69305050bab6775338127f7,1
0x4381856902077d6ffbb2227af9d0eccca37f9c39,1
0x45a86a830ab2bdb491ff22431fddfdb28778c2e3,1
0x89eb20c10453240f669a002b67e1d2142f7bb43b,1
0x1e844c06df8c3b762a64e18c886bc689cf1efd20,1
0xa6622a284404fc3a29be5e5ae2f863b7e0aaa9c2,1
0xf3604fa7edf245f344acd0f4083e409bb2fefd98,1
0xb85ddd9ed4fff0bbd864e524ba1dfa4a2bd2f761,1
0x0eabd12d4e91d16d6f047b980ec4856a07ffe856,1
0xa2b1b5ea59e2114655a133b3f08691f24f33f615,1
0x51cb81dc051606efa5707dbc51f8b1db052dfb03,1
0x7c1f83a43571e1c24da38b2cb78cd8e32a2c90f0,1
0x72079d5a3534198531bddd3be1d61050626c24dd,1
0x23dfb4c1b418e87cbfc8ee5d3f977ff040092a3b,1
0xee4deda91a8cf7a695ce18c2aa08ba6f7f7404a4,1
0xdf8bd3471d03e29a1f6652bd2838cbafec78bb34,1
0x41ca7ab21e262e67d408c5895499e8d66bcda832,1
0x60210483cd5c5342ed0cc43a6e7da66a868c5b90,1
0x6311e36cffaae6bac2df946de6acc9f6da1a5959,1
0x74d697514a95a8b05985a115a41c6fca08963ac0,1
0x93d3dd9a154d63bac3cd6fb9d3df5166fa44006d,1
0xd0fec64a178821dae63d17f587fa4ecaeda624fb,1
0xc4e22a37420dd70099f1a7778d36d8d8bf0014ef,1
0x209b6c6ab564d19fc31d6322a8cda553badc2c70,1
0x2ac033e2ad5af05762e0b0458f38406eb32a327e,1
0x130e1d4c444521a371fc37078c2fb6f676209710,1
0xcba9337ddf9afc431db78615c96f4054f529bfaf,1
0xf54bc846a2fa602362d207cd782b2de153af891b,1
0x7fdf0f3752afc0bd02447d0b68bcbad1812c9897,1
0xa6af99f7b8c13684150a6f88b5e3e08d134791de,1
0xbc3ebeec73aae54d63fad2fe8fe25d31d11e88ca,1
0x96267f153c49e5f918effdf773b6202e389d45b0,1
0x9d374d3d5f9ce1f388994c98d7279bd1b4f87b33,1
0x7bfe66615ddaf25dc782cc8b176155c51fef304e,1
0xcf2d6c168b17044e761d913a83ed7f682ebe58b9,1
0x81da1f9aaa538dd7eabe1d3c909bb2267e85b6bb,1
0x613b8160c67b3763277b0d9558d5a2a3dbd6a80f,1
0xa33afe994d3920a9a620c516fc4de20c06dd9bee,1
0xaf44d3c013c3c2cef019c40796f45ebb967cc4b2,1
0x0d69dbe86431e6b9aed9e3efa9717cafa061fd16,1
0x8b9916967988c84064e83280359b8d2d7d03cafe,1
0x4d40ffed9cfa68c841d82b06ac98a8334b7d6c88,1
0x967d0d4aa9b3f03f46845c3934ddd1f0fc67162f,1
0x7f4a5e385d5ef250c572aaadf612c826eb9ae1a5,1
0x1dde0c529b5702bae42e0223c56b92a1a14d663b,1
0xcba18a086289cf357fa555559371d0d6194ebaed,1
0xdc6c9935db8c9198f36abb9e083dae011fc06f14,1
0x933348011e7a56a161f7e938aa516f7200135a1e,1
0xeaf05241ab29bac3f1f0830b16907479af1934ef,1
0x6330528c466dc7b9d49064fc40271c1d459abd6b,1
0xede71d58eb92c4eb065d2709a08970f789e7084b,1
0x3fd9b284ef8405f82b05062a99157e938103bca4,1
0x522c0d3124da7bd228ab5af7026b7b32ede9d70c,1
0xe9f0a340fb6837f877da670659ff15eb042e0752,1
0x3245d935defbc0f3758a4fe8836c3c590e7b703d,1
0x85e40e7d61edde752ff875b9df2259c83fde2124,1
0x00db59d5d88414dba974bab23b97840c92e6f77d,1
0xe4dd3cf41ee256e36dea09c147a06bdaeaf34587,1
0xeadebd37625a7f38ec581a86c713630a59576791,1
0xecfcc7308e70239ec6e94ec68d5556e40e9afb39,1
0x988236e5a0a27c62124d131c2b8de67189532100,1
0xece2f544020dfd791e46243ca325682b5e162899,1
0x5d71db35d4054d912c5b1e72aedd28eeac0a606a,1
0x08341ae174f6f7e02f9281cee4884740bcc02e36,1
0x83d21ed2555fe1478014394161ae64534ba9aebe,1
0x92e4a77b7b59ef6dff08f9a7b036a856ff95c1b6,1
0x3f6174865fcc7de603a7468a0bf477a3af494513,1
0x4872a286645a3733daff9abc1d196fd4704b5c9b,1
0x23af391430cc73bdbd0d0d0f293cd07c283158f3,1
0xff2488d337aa8770c6b8f2c11554579963327db9,1
0xde4fd8e1da55e50a9b47e5ecc74a385378ab0bc3,1
0xf4f2d8e08ab9432420bf5a3d18420881a8c7aa4c,1
0x94f45858d4898541eeecda24370d1fdfadd2d197,1
0x6911da1a6cfe1a7080f9c3a88b0aaaf75e43e72e,1
0x703cb6f9d0684695bbe8b51aee2e60168692c554,1
0x479fd93e990688f226f97ff343011800f4f785cd,1
0x0d5ef7ea43eacb1578d25fe810027a46c53c899f,1
0x7560b9f432831a01978c02c47f677256a2fe0ed8,1
0xf7d30a2e593d78ed9affe0d17a99af6e8c0f154e,1
0xbe252f8dc0f27832269267b7e602c0e362f9ce3b,1
0x9a7c93d692e1d010385d1619dfafa0747785ed50,1
0x77e2b15faaac1980fd1d25358f3280dd06dafd12,1
0xbd9e507105616d22127b34584c9d60814c043677,1
0xdbbcb1bf6507fea91dd82def6fc80975befe1cc0,1
0xea5c123b2ec913c33346af56a0b5b4818c47ba60,1
0x854e987c9b4f33521f97145bbf1a75edbe264b24,1
0x37bac0a613c61e4cadc6687839d351c3d6a4f6fb,1
0x293695415a09f972fe4e4fa0b41631c00bd432f4,1
0xccdbb6f7f77663b9a0615936b15d32db5b466eb1,1
0x3cf48e56f6c1171e0faee9de2327ef8d679e0850,1
0x49f9772efbdba802e768207ffd03b5e75329a3c6,1
0x8125e57fdb191c68ee270230a223e7f7a27b1381,1
0x398386c9ad3ca45ed597d134120ac70c29b8d099,1
0xe05c2a3c443b7053495d5618f9ca75543daf5826,1
0x90b24b07d291ff5bddfa778510e12633fd063364,1
0xe3ee4a0ec6b278d1db205615d3c9d3ad95196397,1
0xe334af2617b40f8b380f85cfeed6136df5f32b71,1
0x7c277cb1ffea8a9b8b2cca799a28674b9e835cdc,1
0x9c4ff6688726b9346d1fbb8630eb2a274ce27358,1
0x6efe05d5b53dd5b8d6b4cf3bc01aae58883e7136,1
0xebccc13b27335bd479c9005921a96beed68a6bb4,1
0x08b5d612d0e7bd99c1398fd13ab33c36f583c954,1
0x751d65320c5836814a337aabb27f509ddb63ce57,1
0x3f546a68e32b720e437e6135db8b7fa31c0a47c0,1
0xa346c10dc1bf715f2c17a03320dfa043d282689c,1
0x5b930958b73e3c66a6675e7a718c948cfd08d67b,1
0x8322399c69fd5a4a073b5a48b99cd509f7ab9b69,1
0x77bddbbb65affdd7f2aaa868773b09fcba3d3505,1
0x64ff8bcf19c36a30b4ee3934ff86c1c7a3531574,1
0xafb402dee38f9e2ce555d1c4a5b677799b927cce,1
